untyCntrctNo,bsnsDivNm,dcsnCntrctNo,cntrctRefNo,cntrctNm,cmmnCntrctYn,lngtrmCtnuDivNm,cntrctCnclsDate,cntrctPrd,baseLawNm,totCntrctAmt,thtmCntrctAmt,grntymnyRate,cntrctInfoUrl,payDivNm,reqNo,ntceNo,cntrctInsttCd,cntrctInsttNm,cntrctInsttJrsdctnDivNm,cntrctInsttChrgDeptNm,cntrctInsttOfclNm,cntrctInsttOfclTelNo,cntrctInsttOfclFaxNo,dminsttList,corpList,cntrctDtlInfoUrl,crdtrNm,baseDtls,cntrctCnclsMthdNm,rgstDt,chgDt,dfrcmpnstRt,pubPrcrmntClsfcNo,pubPrcrmntClsfcNm,pubPrcrmntMidClsfcNm,pubPrcrmntLrgClsfcNm,cntrctDate,infoBizYn,_source_endpoint,_business_type,dminsttNm,cntrctAmt
R26TE14086732,물품,R26TA0168724500,R26TA0168724500,"(단가, 수의)보령 511함 주기관(MTU12V1163TB93) 단계별정비(W5)",N,신규,2026-04-09,26.4.9.~26.5.13.,국가계약법 (제26조제1항2호바목),0,336180000,10,http://www.g2b.go.kr,직불,,,1532883,해양경찰청 해양경찰정비창 해양경찰부산정비창,국가기관,기획운영과,김대성,051-419-2417,051-419-2318,[1^1532883^해양경찰청 해양경찰정비창 해양경찰부산정비창^국가기관^기획운영과^김대성^0514192417],[1^주계약업체^단독^STX엔진주식회사제1사업장^이상수^대한민국^100^STX엔진주식회사제1사업장^^6098522263],https://www.g2b.go.kr/link/FIUA027_01/single/?ctrtNo=R26TA01687245&ctrtChgOrd=00&prcmBsneSeCd=조070001&srchName=ctrtCrst&openUrl=Y,해양경찰부산정비창,제조공급자가 설치 조립시,수의계약,2026-04-20 07:02:17,,0.125,,,,,2026-04-09,N,getCntrctInfoListThng,물품,해양경찰청 해양경찰정비창 해양경찰부산정비창,336180000
R26TE14086742,물품,,R26TA0177143500,"(단가)속초 P-88정(50톤급, 상가수리) 선체 도장수리",N,신규,,26.4.15.~26.4.21.,국가계약법 (제21조제1항3호),0,9493000,10,http://www.g2b.go.kr,직불,,,1532883,해양경찰청 해양경찰정비창 해양경찰부산정비창,국가기관,기획운영과,김대성,051-419-2417,051-419-2318,[1^1532883^해양경찰청 해양경찰정비창 해양경찰부산정비창^국가기관^기획운영과^김대성^0514192417],[1^주계약업체^단독^수일종합환경 주식회사^서영완^대한민국^100^수일종합환경 주식회사^^6048139330],https://www.g2b.go.kr/link/FIUA027_01/single/?ctrtNo=R26TA01771435&ctrtChgOrd=00&prcmBsneSeCd=조070001&srchName=ctrtCrst&openUrl=Y,해양경찰부산정비창,"특수한설비,기술의보유및실적(물품제조)",제한경쟁,2026-04-20 07:21:35,,0.125,,,,,2026-04-15,N,getCntrctInfoListThng,물품,해양경찰청 해양경찰정비창 해양경찰부산정비창,9493000
R26TE14086784,물품,,R26TA0177098300,환경관리원 근무복(하절기) 구입,N,신규,,2026.04.20.~2026.05.15.,지방계약법 (제25조제1항5호나목),0,18880000,5,http://www.g2b.go.kr,직불,,,3290000,부산광역시 부산진구,지방자치단체,재무과,한영경,051-605-4151,,[1^3290000^부산광역시 부산진구^지방자치단체^재무과^한영경^0516054151],[1^주계약업체^단독^비티기업^안선영^대한민국^100^비티기업^^2030921679],https://www.g2b.go.kr/link/FIUA027_01/single/?ctrtNo=R26TA01770983&ctrtChgOrd=00&prcmBsneSeCd=조070001&srchName=ctrtCrst&openUrl=Y,부산광역시 부산진구청장,추정가격 2천만원 이하 물품 또는 용역,수의계약,2026-04-20 07:45:28,,0.08,,,,,2026-04-20,N,getCntrctInfoListThng,물품,부산광역시 부산진구,18880000
R26TE14086788,물품,,R26TA0177145500,"(단가)완도 323함(300톤급, 상가수리) 선체 도장수리",N,신규,,26.4.15.~26.4.21.,국가계약법 (제21조제1항3호),0,10314000,10,http://www.g2b.go.kr,직불,,,1532883,해양경찰청 해양경찰정비창 해양경찰부산정비창,국가기관,기획운영과,김대성,051-419-2417,051-419-2318,[1^1532883^해양경찰청 해양경찰정비창 해양경찰부산정비창^국가기관^기획운영과^김대성^0514192417],[1^주계약업체^단독^수일종합환경 주식회사^서영완^대한민국^100^수일종합환경 주식회사^^6048139330],https://www.g2b.go.kr/link/FIUA027_01/single/?ctrtNo=R26TA01771455&ctrtChgOrd=00&prcmBsneSeCd=조070001&srchName=ctrtCrst&openUrl=Y,해양경찰부산정비창,"특수한설비,기술의보유및실적(물품제조)",제한경쟁,2026-04-20 07:48:14,,0.125,,,,,2026-04-15,N,getCntrctInfoListThng,물품,해양경찰청 해양경찰정비창 해양경찰부산정비창,10314000
R26TE14086798,물품,,R26TA0177146100,"(단가)울진 308함(300톤급, 상가수리) 선체 도장수리",N,신규,,26.4.8.~26.4.20.,국가계약법 (제21조제1항3호),0,30733000,10,http://www.g2b.go.kr,직불,,,1532883,해양경찰청 해양경찰정비창 해양경찰부산정비창,국가기관,기획운영과,김대성,051-419-2417,051-419-2318,[1^1532883^해양경찰청 해양경찰정비창 해양경찰부산정비창^국가기관^기획운영과^김대성^0514192417],[1^주계약업체^단독^수일종합환경 주식회사^서영완^대한민국^100^수일종합환경 주식회사^^6048139330],https://www.g2b.go.kr/link/FIUA027_01/single/?ctrtNo=R26TA01771461&ctrtChgOrd=00&prcmBsneSeCd=조070001&srchName=ctrtCrst&openUrl=Y,해양경찰부산정비창,"특수한설비,기술의보유및실적(물품제조)",제한경쟁,2026-04-20 07:55:03,,0.125,,,,,2026-04-08,N,getCntrctInfoListThng,물품,해양경찰청 해양경찰정비창 해양경찰부산정비창,30733000
R26TE14086818,물품,,R26TA0177146300,"(단가)사천 P-53정(50톤급, 상가수리) 선체 도장수리",N,신규,,26.4.9.~26.4.17.,국가계약법 (제21조제1항3호),0,9928000,10,http://www.g2b.go.kr,직불,,,1532883,해양경찰청 해양경찰정비창 해양경찰부산정비창,국가기관,기획운영과,김대성,051-419-2417,051-419-2318,[1^1532883^해양경찰청 해양경찰정비창 해양경찰부산정비창^국가기관^기획운영과^김대성^0514192417],[1^주계약업체^단독^수일종합환경 주식회사^서영완^대한민국^100^수일종합환경 주식회사^^6048139330],https://www.g2b.go.kr/link/FIUA027_01/single/?ctrtNo=R26TA01771463&ctrtChgOrd=00&prcmBsneSeCd=조070001&srchName=ctrtCrst&openUrl=Y,해양경찰부산정비창,"특수한설비,기술의보유및실적(물품제조)",제한경쟁,2026-04-20 08:02:54,,0.125,,,,,2026-04-09,N,getCntrctInfoListThng,물품,해양경찰청 해양경찰정비창 해양경찰부산정비창,9928000
R26TE14086857,물품,,R26TA0177147200,"(단가, 유찰, 수의) 속초 P-88 선저외판 검사수리",N,신규,,26.4.17.~26.4.27.,국가계약법 (제27조제1항),0,714000,10,http://www.g2b.go.kr,직불,,,1532883,해양경찰청 해양경찰정비창 해양경찰부산정비창,국가기관,기획운영과,김대성,051-419-2417,051-419-2318,[1^1532883^해양경찰청 해양경찰정비창 해양경찰부산정비창^국가기관^기획운영과^김대성^0514192417],[1^주계약업체^단독^조은엔지니어링^조재용^대한민국^100^조은엔지니어링^^4172700132],https://www.g2b.go.kr/link/FIUA027_01/single/?ctrtNo=R26TA01771472&ctrtChgOrd=00&prcmBsneSeCd=조070001&srchName=ctrtCrst&openUrl=Y,해양경찰부산정비창,재공고입찰등과 수의계약,수의계약,2026-04-20 08:14:06,,0.125,,,,,2026-04-17,N,getCntrctInfoListThng,물품,해양경찰청 해양경찰정비창 해양경찰부산정비창,714000
R26TE14086887,물품,,R26TA0177147700,"(단가, 유찰, 수의) 울진 308함, 사천 P-53정 선저외판 검사수리",N,신규,,26.4.13.~26.4.21.,국가계약법 (제27조제1항),0,2336000,10,http://www.g2b.go.kr,직불,,,1532883,해양경찰청 해양경찰정비창 해양경찰부산정비창,국가기관,기획운영과,김대성,051-419-2417,051-419-2318,[1^1532883^해양경찰청 해양경찰정비창 해양경찰부산정비창^국가기관^기획운영과^김대성^0514192417],[1^주계약업체^단독^조은엔지니어링^조재용^대한민국^100^조은엔지니어링^^4172700132],https://www.g2b.go.kr/link/FIUA027_01/single/?ctrtNo=R26TA01771477&ctrtChgOrd=00&prcmBsneSeCd=조070001&srchName=ctrtCrst&openUrl=Y,해양경찰부산정비창,재공고입찰등과 수의계약,수의계약,2026-04-20 08:19:14,,0.125,,,,,2026-04-13,N,getCntrctInfoListThng,물품,해양경찰청 해양경찰정비창 해양경찰부산정비창,2336000
R26TE14086911,물품,,R26TA0177148200,(단가)통영 1006함 발전원동기(MTU8V183TE52) 총분해수리(W6),N,신규,,26.4.13.~26.5.12.,국가계약법 (제21조제1항10호가목),0,46634000,10,http://www.g2b.go.kr,직불,,,1532883,해양경찰청 해양경찰정비창 해양경찰부산정비창,국가기관,기획운영과,김대성,051-419-2417,051-419-2318,[1^1532883^해양경찰청 해양경찰정비창 해양경찰부산정비창^국가기관^기획운영과^김대성^0514192417],[1^주계약업체^단독^주식회사 아라트^김명우^대한민국^100^주식회사 아라트^^5468601417],https://www.g2b.go.kr/link/FIUA027_01/single/?ctrtNo=R26TA01771482&ctrtChgOrd=00&prcmBsneSeCd=조070001&srchName=ctrtCrst&openUrl=Y,해양경찰부산정비창,"추정가격 1억원 미만 물품·용역(소기업, 소상공인, 벤처기업, 창업자)",제한경쟁,2026-04-20 08:25:30,,0.125,,,,,2026-04-13,N,getCntrctInfoListThng,물품,해양경찰청 해양경찰정비창 해양경찰부산정비창,46634000
R26TE14086917,물품,,R26TA0177147800,기장읍 대라리 140-8번지 주변 노후관 개량공사(KP부속 등 20종),N,신규,,30,지방계약법 (제25조제1항5호나목),0,7397620,5,http://www.g2b.go.kr,직불,,,6260360,부산광역시 상수도사업본부 기장사업소,지방자치단체,기장사업소업무부서,김우열,051-669-5556,051-669-5559,[1^6260360^부산광역시 상수도사업본부 기장사업소^지방자치단체^기장사업소업무부서^김우열^0516695556],[1^주계약업체^단독^(주)신진수도^김정학^대한민국^100^(주)신진수도^^6178129366],https://www.g2b.go.kr/link/FIUA027_01/single/?ctrtNo=R26TA01771478&ctrtChgOrd=00&prcmBsneSeCd=조070001&srchName=ctrtCrst&openUrl=Y,부산광역시 상수도본부 기장사업소,추정가격 2천만원 이하 물품 또는 용역,수의계약,2026-04-20 08:27:24,,0.08,,,,,2026-04-20,N,getCntrctInfoListThng,물품,부산광역시 상수도사업본부 기장사업소,7397620
R26TE14086942,물품,,R26TA0177149000,기장읍 청강리 267-5번지 주변 노후관 개량공사(KP부속 등 16종),N,신규,,30,지방계약법 (제25조제1항5호나목),0,3259480,5,http://www.g2b.go.kr,직불,,,6260360,부산광역시 상수도사업본부 기장사업소,지방자치단체,기장사업소업무부서,김우열,051-669-5556,051-669-5559,[1^6260360^부산광역시 상수도사업본부 기장사업소^지방자치단체^기장사업소업무부서^김우열^0516695556],[1^주계약업체^단독^(주)신진수도^김정학^대한민국^100^(주)신진수도^^6178129366],https://www.g2b.go.kr/link/FIUA027_01/single/?ctrtNo=R26TA01771490&ctrtChgOrd=00&prcmBsneSeCd=조070001&srchName=ctrtCrst&openUrl=Y,부산광역시 상수도본부 기장사업소,추정가격 2천만원 이하 물품 또는 용역,수의계약,2026-04-20 08:30:25,,0.08,,,,,2026-04-20,N,getCntrctInfoListThng,물품,부산광역시 상수도사업본부 기장사업소,3259480
R26TE14086946,물품,,R26TA0177149200,"(단가, 소액수의)울진308함 MGPS(해양생물부착방지장치) 교체수리",N,신규,,26.4.13.~26.4.15.,국가계약법 (제26조제1항5호가3목),0,1988000,10,http://www.g2b.go.kr,직불,,,1532883,해양경찰청 해양경찰정비창 해양경찰부산정비창,국가기관,기획운영과,김대성,051-419-2417,051-419-2318,[1^1532883^해양경찰청 해양경찰정비창 해양경찰부산정비창^국가기관^기획운영과^김대성^0514192417],[1^주계약업체^단독^에스마린^서유도^대한민국^100^에스마린^^5890101907],https://www.g2b.go.kr/link/FIUA027_01/single/?ctrtNo=R26TA01771492&ctrtChgOrd=00&prcmBsneSeCd=조070001&srchName=ctrtCrst&openUrl=Y,해양경찰부산정비창,추정가격 2천만원 초과 1억원 이하 물품·용역(소기업.소상공인 계약),수의계약,2026-04-20 08:31:03,,0.125,,,,,2026-04-13,N,getCntrctInfoListThng,물품,해양경찰청 해양경찰정비창 해양경찰부산정비창,1988000
R26TE14086961,물품,,R26TA0177149600,기장읍 대라리 140-8번지 주변 노후관 개량공사(제수밸브),N,신규,,30,지방계약법 (제25조제1항5호나목),0,8592000,5,http://www.g2b.go.kr,직불,,,6260360,부산광역시 상수도사업본부 기장사업소,지방자치단체,기장사업소업무부서,김우열,051-669-5556,051-669-5559,[1^6260360^부산광역시 상수도사업본부 기장사업소^지방자치단체^기장사업소업무부서^김우열^0516695556],[1^주계약업체^단독^주식회사 제운^진기종^대한민국^100^주식회사 제운^^6068661167],https://www.g2b.go.kr/link/FIUA027_01/single/?ctrtNo=R26TA01771496&ctrtChgOrd=00&prcmBsneSeCd=조070001&srchName=ctrtCrst&openUrl=Y,부산광역시 상수도본부 기장사업소,추정가격 2천만원 이하 물품 또는 용역,수의계약,2026-04-20 08:34:18,,0.08,,,,,2026-04-20,N,getCntrctInfoListThng,물품,부산광역시 상수도사업본부 기장사업소,8592000
R26TE14086977,물품,,R26TA0177150000,기장읍 청강리 267-5번지 주변 노후관 개량공사(제수밸브),N,신규,,30,지방계약법 (제25조제1항5호나목),0,968000,5,http://www.g2b.go.kr,직불,,,6260360,부산광역시 상수도사업본부 기장사업소,지방자치단체,기장사업소업무부서,김우열,051-669-5556,051-669-5559,[1^6260360^부산광역시 상수도사업본부 기장사업소^지방자치단체^기장사업소업무부서^김우열^0516695556],[1^주계약업체^단독^주식회사 제운^진기종^대한민국^100^주식회사 제운^^6068661167],https://www.g2b.go.kr/link/FIUA027_01/single/?ctrtNo=R26TA01771500&ctrtChgOrd=00&prcmBsneSeCd=조070001&srchName=ctrtCrst&openUrl=Y,부산광역시 상수도본부 기장사업소,추정가격 2천만원 이하 물품 또는 용역,수의계약,2026-04-20 08:37:37,,0.08,,,,,2026-04-20,N,getCntrctInfoListThng,물품,부산광역시 상수도사업본부 기장사업소,968000
R26TE14087076,물품,,R26TA0177153000,"(단가, 소액수의)울진 308함 주기 신축이음관 교체 수리(수리범위1)",N,신규,,26.4.13.~26.4.19.,국가계약법 (제26조제1항5호가3목),0,4950000,10,http://www.g2b.go.kr,직불,,,1532883,해양경찰청 해양경찰정비창 해양경찰부산정비창,국가기관,기획운영과,김대성,051-419-2417,051-419-2318,[1^1532883^해양경찰청 해양경찰정비창 해양경찰부산정비창^국가기관^기획운영과^김대성^0514192417],[1^주계약업체^단독^주식회사 아라트^김명우^대한민국^100^주식회사 아라트^^5468601417],https://www.g2b.go.kr/link/FIUA027_01/single/?ctrtNo=R26TA01771530&ctrtChgOrd=00&prcmBsneSeCd=조070001&srchName=ctrtCrst&openUrl=Y,해양경찰부산정비창,추정가격 2천만원 초과 1억원 이하 물품·용역(소기업.소상공인 계약),수의계약,2026-04-20 08:47:23,,0.125,,,,,2026-04-13,N,getCntrctInfoListThng,물품,해양경찰청 해양경찰정비창 해양경찰부산정비창,4950000
R26TE14087086,물품,,R26TA0177153100,구포3동 시랑로181번길21 신규급수공사외 자재(수도미터기보호통 13mm 3개외 21종),N,신규,,,지방계약법 (제25조제1항5호나목),0,14365630,5,http://www.g2b.go.kr,직불,,,6260111,부산광역시 상수도사업본부 북부사업소,지방자치단체,업무부서,이태우,051-669-5305,051-669-5309,[1^6260111^부산광역시 상수도사업본부 북부사업소^지방자치단체^업무부서^이태우^0516695305],[1^주계약업체^단독^(주)한국산업코어^김성수^대한민국^100^(주)한국산업코어^^6068661338],https://www.g2b.go.kr/link/FIUA027_01/single/?ctrtNo=R26TA01771531&ctrtChgOrd=00&prcmBsneSeCd=조070001&srchName=ctrtCrst&openUrl=Y,부산광역시 상수도사업본부 북부사업소장,추정가격 2천만원 이하 물품 또는 용역,수의계약,2026-04-20 08:48:05,,0.08,,,,,2026-04-20,N,getCntrctInfoListThng,물품,부산광역시 상수도사업본부 북부사업소,14365630
R26TE14087112,물품,,R26TA0177153200,기장읍 대라리 140-8번지 주변 노후관 개량공사(P.F.P이음관 등 7종),N,신규,,30,지방계약법 (제25조제1항5호나목),0,8402110,5,http://www.g2b.go.kr,직불,,,6260360,부산광역시 상수도사업본부 기장사업소,지방자치단체,기장사업소업무부서,김우열,051-669-5556,051-669-5559,[1^6260360^부산광역시 상수도사업본부 기장사업소^지방자치단체^기장사업소업무부서^김우열^0516695556],[1^주계약업체^단독^(주)동광파이프^김혜민^대한민국^100^(주)동광파이프^^6038133269],https://www.g2b.go.kr/link/FIUA027_01/single/?ctrtNo=R26TA01771532&ctrtChgOrd=00&prcmBsneSeCd=조070001&srchName=ctrtCrst&openUrl=Y,부산광역시 상수도본부 기장사업소,추정가격 2천만원 이하 물품 또는 용역,수의계약,2026-04-20 08:49:53,,0.08,,,,,2026-04-20,N,getCntrctInfoListThng,물품,부산광역시 상수도사업본부 기장사업소,8402110
R26TE14087196,물품,,R26TA0177155200,기장읍 청강리 267-5번지 주변 노후관 개량공사(P.F.P이음관 등 6종),N,신규,,30,지방계약법 (제25조제1항5호나목),0,5987340,5,http://www.g2b.go.kr,직불,,,6260360,부산광역시 상수도사업본부 기장사업소,지방자치단체,기장사업소업무부서,김우열,051-669-5556,051-669-5559,[1^6260360^부산광역시 상수도사업본부 기장사업소^지방자치단체^기장사업소업무부서^김우열^0516695556],[1^주계약업체^단독^(주)동광파이프^김혜민^대한민국^100^(주)동광파이프^^6038133269],https://www.g2b.go.kr/link/FIUA027_01/single/?ctrtNo=R26TA01771552&ctrtChgOrd=00&prcmBsneSeCd=조070001&srchName=ctrtCrst&openUrl=Y,부산광역시 상수도본부 기장사업소,추정가격 2천만원 이하 물품 또는 용역,수의계약,2026-04-20 08:55:17,,0.08,,,,,2026-04-20,N,getCntrctInfoListThng,물품,부산광역시 상수도사업본부 기장사업소,5987340
R26TE14087198,물품,,R26TA0177157200,"(단가, 유찰, 수의)제주 P-16정 양현 주기관 청수쿨러 소제 검사수리",N,신규,,26.4.7.~26.4.13.,국가계약법 (제27조제1항),0,1079440,10,http://www.g2b.go.kr,직불,,,1532883,해양경찰청 해양경찰정비창 해양경찰부산정비창,국가기관,기획운영과,김대성,051-419-2417,051-419-2318,[1^1532883^해양경찰청 해양경찰정비창 해양경찰부산정비창^국가기관^기획운영과^김대성^0514192417],[1^주계약업체^단독^범창주식회사^윤병구^대한민국^100^범창주식회사^^6088178562],https://www.g2b.go.kr/link/FIUA027_01/single/?ctrtNo=R26TA01771572&ctrtChgOrd=00&prcmBsneSeCd=조070001&srchName=ctrtCrst&openUrl=Y,해양경찰부산정비창,재공고입찰등과 수의계약,수의계약,2026-04-20 08:55:18,,0.125,,,,,2026-04-07,N,getCntrctInfoListThng,물품,해양경찰청 해양경찰정비창 해양경찰부산정비창,1079440
R26TE14087221,물품,R25TA0084315202,R25TA0084315202,"2026학년도 사하중학교 교복(동복, 하복)학교주관구매   [2단계(규격-가격 분리)동시입찰) 계약",N,신규,2026-04-20,,지방계약법 (제7조의2제2항1호),0,37506000,5,http://www.g2b.go.kr,직불,,R25BK00983173,7170044,부산광역시서부교육청 사하중학교,교육기관,행정실,노아람,,,[1^7170044^부산광역시서부교육청 사하중학교^교육기관^행정실^노아람^],[1^주계약업체^단독^스마트사하점^류승훈^대한민국^100^스마트사하점^^6030682569],https://www.g2b.go.kr/link/FIUA027_01/single/?ctrtNo=R25TA00843152&ctrtChgOrd=02&prcmBsneSeCd=조070001&srchName=ctrtCrst&openUrl=Y,사하중학교,"[판로지원법] 중기간경쟁제품 소기업 소상공인 제한경쟁, 공동사업",제한경쟁,2026-04-20 08:56:39,,0.08,,,,,2026-04-20,N,getCntrctInfoListThng,물품,부산광역시서부교육청 사하중학교,37506000
R26TE14087420,물품,R26TA0136792901,R26TA0136792901,아스팔트(AP-3) 구매(2026년 1차),N,신규,2026-04-20,계약일로부터 90일,지방계약법 (제20조제1항6호),0,264772200,5,http://www.g2b.go.kr,직불,,R26BK01263530,6260000,부산광역시,지방자치단체,회계재산담당관,김주홍,051-888-2244,,[1^6260000^부산광역시^지방자치단체^회계재산담당관^김주홍^0518882244],[1^주계약업체^단독^그린환경산업^김미숙^대한민국^100^그린환경산업^^6211456201],https://www.g2b.go.kr/link/FIUA027_01/single/?ctrtNo=R26TA01367929&ctrtChgOrd=01&prcmBsneSeCd=조070001&srchName=ctrtCrst&openUrl=Y,부산광역시장,행정안전부령 금액 미만 본점소재지,제한경쟁,2026-04-20 09:03:37,,0.08,,,,,2026-04-20,N,getCntrctInfoListThng,물품,부산광역시,264772200
R26TE14088137,물품,,R26TA0177174100,"(단가, 유찰, 수의)완도 323함 NO.1,2 발전기관 중요부품 소제 및 분해검사수리",N,신규,,26.4.14.~26.4.16.,국가계약법 (제27조제1항),0,2635440,10,http://www.g2b.go.kr,직불,,,1532883,해양경찰청 해양경찰정비창 해양경찰부산정비창,국가기관,기획운영과,김대성,051-419-2417,051-419-2318,[1^1532883^해양경찰청 해양경찰정비창 해양경찰부산정비창^국가기관^기획운영과^김대성^0514192417],[1^주계약업체^단독^범창주식회사^윤병구^대한민국^100^범창주식회사^^6088178562],https://www.g2b.go.kr/link/FIUA027_01/single/?ctrtNo=R26TA01771741&ctrtChgOrd=00&prcmBsneSeCd=조070001&srchName=ctrtCrst&openUrl=Y,해양경찰부산정비창,재공고입찰등과 수의계약,수의계약,2026-04-20 09:23:27,,0.125,,,,,2026-04-14,N,getCntrctInfoListThng,물품,해양경찰청 해양경찰정비창 해양경찰부산정비창,2635440
R26TE14088338,물품,R26TA0177147800,R26TA0177147800,기장읍 대라리 140-8번지 주변 노후관 개량공사(KP부속 등 20종),N,신규,2026-04-20,30,지방계약법 (제25조제1항5호나목),0,7397620,5,http://www.g2b.go.kr,직불,,,6260360,부산광역시 상수도사업본부 기장사업소,지방자치단체,기장사업소업무부서,김우열,051-669-5556,051-669-5559,[1^6260360^부산광역시 상수도사업본부 기장사업소^지방자치단체^기장사업소업무부서^김우열^0516695556],[1^주계약업체^단독^(주)신진수도^김정학^대한민국^100^(주)신진수도^^6178129366],https://www.g2b.go.kr/link/FIUA027_01/single/?ctrtNo=R26TA01771478&ctrtChgOrd=00&prcmBsneSeCd=조070001&srchName=ctrtCrst&openUrl=Y,부산광역시 상수도본부 기장사업소,추정가격 2천만원 이하 물품 또는 용역,수의계약,2026-04-20 09:28:28,,0.08,,,,,2026-04-20,N,getCntrctInfoListThng,물품,부산광역시 상수도사업본부 기장사업소,7397620
R26TE14088389,물품,R26TA0177149000,R26TA0177149000,기장읍 청강리 267-5번지 주변 노후관 개량공사(KP부속 등 16종),N,신규,2026-04-20,30,지방계약법 (제25조제1항5호나목),0,3259480,5,http://www.g2b.go.kr,직불,,,6260360,부산광역시 상수도사업본부 기장사업소,지방자치단체,기장사업소업무부서,김우열,051-669-5556,051-669-5559,[1^6260360^부산광역시 상수도사업본부 기장사업소^지방자치단체^기장사업소업무부서^김우열^0516695556],[1^주계약업체^단독^(주)신진수도^김정학^대한민국^100^(주)신진수도^^6178129366],https://www.g2b.go.kr/link/FIUA027_01/single/?ctrtNo=R26TA01771490&ctrtChgOrd=00&prcmBsneSeCd=조070001&srchName=ctrtCrst&openUrl=Y,부산광역시 상수도본부 기장사업소,추정가격 2천만원 이하 물품 또는 용역,수의계약,2026-04-20 09:29:30,,0.08,,,,,2026-04-20,N,getCntrctInfoListThng,물품,부산광역시 상수도사업본부 기장사업소,3259480
R26TE14088438,물품,R26TA0177155200,R26TA0177155200,기장읍 청강리 267-5번지 주변 노후관 개량공사(P.F.P이음관 등 6종),N,신규,2026-04-20,30,지방계약법 (제25조제1항5호나목),0,5987340,5,http://www.g2b.go.kr,직불,,,6260360,부산광역시 상수도사업본부 기장사업소,지방자치단체,기장사업소업무부서,김우열,051-669-5556,051-669-5559,[1^6260360^부산광역시 상수도사업본부 기장사업소^지방자치단체^기장사업소업무부서^김우열^0516695556],[1^주계약업체^단독^(주)동광파이프^김혜민^대한민국^100^(주)동광파이프^^6038133269],https://www.g2b.go.kr/link/FIUA027_01/single/?ctrtNo=R26TA01771552&ctrtChgOrd=00&prcmBsneSeCd=조070001&srchName=ctrtCrst&openUrl=Y,부산광역시 상수도본부 기장사업소,추정가격 2천만원 이하 물품 또는 용역,수의계약,2026-04-20 09:30:55,,0.08,,,,,2026-04-20,N,getCntrctInfoListThng,물품,부산광역시 상수도사업본부 기장사업소,5987340
R26TE14088455,물품,R26TA0177153200,R26TA0177153200,기장읍 대라리 140-8번지 주변 노후관 개량공사(P.F.P이음관 등 7종),N,신규,2026-04-20,30,지방계약법 (제25조제1항5호나목),0,8402110,5,http://www.g2b.go.kr,직불,,,6260360,부산광역시 상수도사업본부 기장사업소,지방자치단체,기장사업소업무부서,김우열,051-669-5556,051-669-5559,[1^6260360^부산광역시 상수도사업본부 기장사업소^지방자치단체^기장사업소업무부서^김우열^0516695556],[1^주계약업체^단독^(주)동광파이프^김혜민^대한민국^100^(주)동광파이프^^6038133269],https://www.g2b.go.kr/link/FIUA027_01/single/?ctrtNo=R26TA01771532&ctrtChgOrd=00&prcmBsneSeCd=조070001&srchName=ctrtCrst&openUrl=Y,부산광역시 상수도본부 기장사업소,추정가격 2천만원 이하 물품 또는 용역,수의계약,2026-04-20 09:31:33,,0.08,,,,,2026-04-20,N,getCntrctInfoListThng,물품,부산광역시 상수도사업본부 기장사업소,8402110
R26TE14088644,물품,R26TA0176806700,R26TA0176806700,축상용 리어커버 등 5종 구매,N,신규,2026-04-20,,지방계약법 (제25조제1항5호나목),0,9560000,5,http://www.g2b.go.kr,직불,,,B551542,부산교통공사,지방공기업,회계자산처,김예지,,,[1^B551542^부산교통공사^지방공기업^회계자산처^김예지^],[1^주계약업체^단독^우림^강민성^대한민국^100^우림^^6052137331],https://www.g2b.go.kr/link/FIUA027_01/single/?ctrtNo=R26TA01768067&ctrtChgOrd=00&prcmBsneSeCd=조070001&srchName=ctrtCrst&openUrl=Y,부산교통공사사장,추정가격 2천만원 이하 물품 또는 용역,수의계약,2026-04-20 09:37:05,,0.08,,,,,2026-04-20,N,getCntrctInfoListThng,물품,부산교통공사,9560000
R26TE14088790,물품,,R26TA0136792902,아스팔트(AP-3) 구매(2026년 1차),N,신규,,,지방계약법 (제20조제1항6호),0,264772200,5,http://www.g2b.go.kr,직불,,R26BK01263530,6260000,부산광역시,지방자치단체,회계재산담당관,김주홍,051-888-2244,,[1^6260000^부산광역시^지방자치단체^회계재산담당관^김주홍^0518882244],[1^주계약업체^단독^그린환경산업^김미숙^대한민국^100^그린환경산업^^6211456201],https://www.g2b.go.kr/link/FIUA027_01/single/?ctrtNo=R26TA01367929&ctrtChgOrd=02&prcmBsneSeCd=조070001&srchName=ctrtCrst&openUrl=Y,부산광역시장,행정안전부령 금액 미만 본점소재지,제한경쟁,2026-04-20 09:40:44,,0.08,,,,,2026-04-20,N,getCntrctInfoListThng,물품,부산광역시,264772200
R26TE14088817,물품,,R26TA0177194700,"(단가, 유찰, 수의)완도 323함 NO.1,2 발전기관 인젝션펌프 총분해수리",N,신규,,26.4.14.~26.4.20.,국가계약법 (제27조제1항),0,1276800,10,http://www.g2b.go.kr,직불,,,1532883,해양경찰청 해양경찰정비창 해양경찰부산정비창,국가기관,기획운영과,김대성,051-419-2417,051-419-2318,[1^1532883^해양경찰청 해양경찰정비창 해양경찰부산정비창^국가기관^기획운영과^김대성^0514192417],[1^주계약업체^단독^신대아엔지니어링^홍보근^대한민국^100^신대아엔지니어링^^6020389234],https://www.g2b.go.kr/link/FIUA027_01/single/?ctrtNo=R26TA01771947&ctrtChgOrd=00&prcmBsneSeCd=조070001&srchName=ctrtCrst&openUrl=Y,해양경찰부산정비창,재공고입찰등과 수의계약,수의계약,2026-04-20 09:41:40,,0.125,,,,,2026-04-14,N,getCntrctInfoListThng,물품,해양경찰청 해양경찰정비창 해양경찰부산정비창,1276800
R26TE14088969,물품,,R25TA0104576702,용산초등학교 공간재구조화 리모델링공사 목무늬라인불연강판패널 구매,N,신규,,2025.11.05~2026.06.30까지,지방계약법 (제25조제1항5호라목),0,38500000,5,http://www.g2b.go.kr,직불,,R25BK01117137,7181000,부산광역시교육청 부산광역시남부교육지원청,교육기관,학교지원과,권현정,051-640-0343,051-637-8956,[1^7181000^부산광역시교육청 부산광역시남부교육지원청^교육기관^학교지원과^권현정^0516400343],[1^주계약업체^단독^(주)에이탑이엔지^김규완^대한민국^100^(주)에이탑이엔지^^6068611798],https://www.g2b.go.kr/link/FIUA027_01/single/?ctrtNo=R25TA01045767&ctrtChgOrd=02&prcmBsneSeCd=조070001&srchName=ctrtCrst&openUrl=Y,부산광역시남부교육지원청교육장,추정가격 2천만원 초과 1억원 이하 물품·용역(소기업 소상공인 계약),수의계약,2026-04-20 09:45:26,,0.08,,,,,2026-04-20,N,getCntrctInfoListThng,물품,부산광역시교육청 부산광역시남부교육지원청,38500000
R26TE14089072,물품,,R26TA0177187100,네트워크 영상 4분할기 등 7종 구매,N,신규,,계약일로부터 30일,지방계약법 (제25조제1항5호나목),0,17346500,5,http://www.g2b.go.kr,직불,,R26BK01456549,B551542,부산교통공사,지방공기업,회계자산처,정민지,051-640-7249,,[1^B551542^부산교통공사^지방공기업^회계자산처^정민지^0516407249],[1^주계약업체^단독^비드앤드서플라이^김태훈^대한민국^100^비드앤드서플라이^^6103160338],https://www.g2b.go.kr/link/FIUA027_01/single/?ctrtNo=R26TA01771871&ctrtChgOrd=00&prcmBsneSeCd=조070001&srchName=ctrtCrst&openUrl=Y,부산교통공사사장,추정가격 2천만원 이하 물품 또는 용역,수의계약,2026-04-20 09:48:16,,0.08,,,,,2026-04-22,N,getCntrctInfoListThng,물품,부산교통공사,17346500
R26TE14089182,물품,,R26TA0177205900,서구보훈회관 전산장비 등 구입,N,신규,,,지방계약법 (제25조제1항5호나목),0,18500000,5,http://www.g2b.go.kr,직불,,,3260000,부산광역시 서구,지방자치단체,서구청 재무과,김우진,051-240-4145,051-240-4149,[1^3260000^부산광역시 서구^지방자치단체^서구청 재무과^김우진^0512404145],[1^주계약업체^단독^베리텍^임기훈^대한민국^100^베리텍^^6051252285],https://www.g2b.go.kr/link/FIUA027_01/single/?ctrtNo=R26TA01772059&ctrtChgOrd=00&prcmBsneSeCd=조070001&srchName=ctrtCrst&openUrl=Y,부산광역시 서구청장,추정가격 2천만원 이하 물품 또는 용역,수의계약,2026-04-20 09:51:10,,0.08,,,,,2026-04-22,N,getCntrctInfoListThng,물품,부산광역시 서구,18500000
R26TE14089203,물품,R26TA0176378600,R26TA0176378600,강서구 송정동 1750 주변 고장 제수밸브 교체공사 등 관급자재(KP 등),N,신규,2026-04-20,계약일로부터 30일,지방계약법 (제25조제1항5호나목),0,19804700,5,http://www.g2b.go.kr,직불,,,6260099,부산광역시 상수도사업본부 시설관리사업소,지방자치단체,관리팀,류화수,051-669-4523,051-669-4519,[1^6260099^부산광역시 상수도사업본부 시설관리사업소^지방자치단체^관리팀^류화수^0516694523],[1^주계약업체^단독^(주)한국산업코어^김성수^대한민국^100^(주)한국산업코어^^6068661338],https://www.g2b.go.kr/link/FIUA027_01/single/?ctrtNo=R26TA01763786&ctrtChgOrd=00&prcmBsneSeCd=조070001&srchName=ctrtCrst&openUrl=Y,시설관리사업소장,추정가격 2천만원 이하 물품 또는 용역,수의계약,2026-04-20 09:51:39,,0.08,,,,,2026-04-20,N,getCntrctInfoListThng,물품,부산광역시 상수도사업본부 시설관리사업소,19804700
R26TE14089362,물품,R26TA0176310600,R26TA0176310600,자성로 하부 통학로 보행환경개선사업 구간내 상수도관 이설공사 관급자재(강관플랜지관 등),N,신규,2026-04-20,계약일로부터 159일,지방계약법 (제25조제1항5호나목),0,17600000,5,http://www.g2b.go.kr,직불,,,6260099,부산광역시 상수도사업본부 시설관리사업소,지방자치단체,관리팀,류화수,051-669-4523,051-669-4519,[1^6260099^부산광역시 상수도사업본부 시설관리사업소^지방자치단체^관리팀^류화수^0516694523],[1^주계약업체^단독^건일스틸 주식회사^홍걸^대한민국^100^건일스틸 주식회사^^3128171765],https://www.g2b.go.kr/link/FIUA027_01/single/?ctrtNo=R26TA01763106&ctrtChgOrd=00&prcmBsneSeCd=조070001&srchName=ctrtCrst&openUrl=Y,시설관리사업소장,추정가격 2천만원 이하 물품 또는 용역,수의계약,2026-04-20 09:56:00,,0.08,,,,,2026-04-20,N,getCntrctInfoListThng,물품,부산광역시 상수도사업본부 시설관리사업소,17600000
R26TE14089380,물품,R26TA0177153100,R26TA0177153100,구포3동 시랑로181번길21 신규급수공사외 자재(수도미터기보호통 13mm 3개외 21종),N,신규,2026-04-20,,지방계약법 (제25조제1항5호나목),0,14365630,5,http://www.g2b.go.kr,직불,,,6260111,부산광역시 상수도사업본부 북부사업소,지방자치단체,업무부서,이태우,051-669-5305,051-669-5309,[1^6260111^부산광역시 상수도사업본부 북부사업소^지방자치단체^업무부서^이태우^0516695305],[1^주계약업체^단독^(주)한국산업코어^김성수^대한민국^100^(주)한국산업코어^^6068661338],https://www.g2b.go.kr/link/FIUA027_01/single/?ctrtNo=R26TA01771531&ctrtChgOrd=00&prcmBsneSeCd=조070001&srchName=ctrtCrst&openUrl=Y,부산광역시 상수도사업본부 북부사업소장,추정가격 2천만원 이하 물품 또는 용역,수의계약,2026-04-20 09:56:24,,0.08,,,,,2026-04-20,N,getCntrctInfoListThng,물품,부산광역시 상수도사업본부 북부사업소,14365630
R26TE14089481,물품,,R26TA0177211300,(소액수의)울진 308함 등 4척 일반자재(와이어로프 등 14종) 구매,N,신규,,26.04.24~26.04.27,국가계약법 (제26조제1항5호가2목),0,5258140,10,http://www.g2b.go.kr,직불,R26DC00196045,R26BK01455214,1532883,해양경찰청 해양경찰정비창 해양경찰부산정비창,국가기관,기획운영과,박규찬,051-419-2239,051-419-2318,[1^1532883^해양경찰청 해양경찰정비창 해양경찰부산정비창^국가기관^기획운영과^박규찬^0514192239],[1^주계약업체^단독^동인산업^최홍열^대한민국^100^동인산업^^6060442693],https://www.g2b.go.kr/link/FIUA027_01/single/?ctrtNo=R26TA01772113&ctrtChgOrd=00&prcmBsneSeCd=조070001&srchName=ctrtCrst&openUrl=Y,해양경찰부산정비창,추정가격 2천만원 이하 물품 또는 용역,수의계약,2026-04-20 09:59:00,,0.075,,,,,2026-04-24,N,getCntrctInfoListThng,물품,해양경찰청 해양경찰정비창 해양경찰부산정비창,5258140
R26TE14090014,물품,,R26TA0177219900,2026년 레일운반용 트롤리 제작구매,N,신규,,계약일로부터 270일,지방계약법 (제2조의2제1항1호),0,78350000,5,http://www.g2b.go.kr,직불,,R26BK01451065,B551542,부산교통공사,지방공기업,회계자산처,정민지,051-640-7249,,[1^B551542^부산교통공사^지방공기업^회계자산처^정민지^0516407249],[1^주계약업체^단독^(주)한국이엔지^박만제^대한민국^100^(주)한국이엔지^^6068614679],https://www.g2b.go.kr/link/FIUA027_01/single/?ctrtNo=R26TA01772199&ctrtChgOrd=00&prcmBsneSeCd=조070001&srchName=ctrtCrst&openUrl=Y,부산교통공사사장,"[판로지원법 시행령] 소기업,소상공인제한",제한경쟁,2026-04-20 10:11:50,,0.08,,,,,2026-04-22,N,getCntrctInfoListThng,물품,부산교통공사,78350000
R26TE14090086,물품,R26TA0177043900,R26TA0177043900,온천장1 배수펌프장 집수정 내부 단면 보수,N,신규,2026-04-20,,지방계약법 (제25조제1항5호나목),0,2479400,5,http://www.g2b.go.kr,직불,,,3300000,부산광역시 동래구,지방자치단체,재무과,김하나,051-550-4147,051-550-4149,[1^3300000^부산광역시 동래구^지방자치단체^재무과^김하나^0515504147],[1^주계약업체^단독^주식회사 신보건설^박재형^대한민국^100^주식회사 신보건설^^1368136505],https://www.g2b.go.kr/link/FIUA027_01/single/?ctrtNo=R26TA01770439&ctrtChgOrd=00&prcmBsneSeCd=조070001&srchName=ctrtCrst&openUrl=Y,부산광역시 동래구청장,추정가격 2천만원 이하 물품 또는 용역,수의계약,2026-04-20 10:13:20,,0.13,,,,,2026-04-20,N,getCntrctInfoListThng,물품,부산광역시 동래구,2479400
R26TE14090100,물품,,R26TA0177098300,환경관리원 근무복(하절기) 구입,N,신규,,2026.04.20.~2026.05.15.,지방계약법 (제25조제1항5호나목),0,19290000,5,http://www.g2b.go.kr,직불,,,3290000,부산광역시 부산진구,지방자치단체,재무과,한영경,051-605-4151,,[1^3290000^부산광역시 부산진구^지방자치단체^재무과^한영경^0516054151],[1^주계약업체^단독^비티기업^안선영^대한민국^100^비티기업^^2030921679],https://www.g2b.go.kr/link/FIUA027_01/single/?ctrtNo=R26TA01770983&ctrtChgOrd=00&prcmBsneSeCd=조070001&srchName=ctrtCrst&openUrl=Y,부산광역시 부산진구청장,추정가격 2천만원 이하 물품 또는 용역,수의계약,2026-04-20 10:13:35,,0.08,,,,,2026-04-20,N,getCntrctInfoListThng,물품,부산광역시 부산진구,19290000
R26TE14090293,물품,R26TA0174726100,R26TA0174726100,연산교차로 문화공간(그린 스테이션) 조성 전기공사 관급자재(자전거보관대) 구입,N,신규,2026-04-15,,지방계약법 (제25조제1항5호바목),0,40755000,5,http://www.g2b.go.kr,직불,,,3370000,부산광역시 연제구,지방자치단체,재무과,손주하,,,[1^3370000^부산광역시 연제구^지방자치단체^재무과^손주하^],[1^주계약업체^단독^유원디자인연구소^노지현^대한민국^100^유원디자인연구소^^4191800117],https://www.g2b.go.kr/link/FIUA027_01/single/?ctrtNo=R26TA01747261&ctrtChgOrd=00&prcmBsneSeCd=조070001&srchName=ctrtCrst&openUrl=Y,연제구청장,"추정가격 2천만원 초과 1억원 이하 물품·용역(여성기업, 장애인기업, 사회적기업, 사회적협동조합, 자활기업, 마을기업 계약)",수의계약,2026-04-20 10:18:19,,0.08,,,,,2026-04-15,N,getCntrctInfoListThng,물품,부산광역시 연제구,40755000
R26TE14091100,물품,,R26TA0177189600,부산서중학교 교사개축 통합배선시스템 구매 설치(계속비),N,신규,,2028/06/10,지방계약법 (제20조제1항8호),0,174591480,5,http://www.g2b.go.kr,대지급,R26DC00188328,R26BK01443067,1230130,조달청 부산지방조달청,국가기관,경영관리과,이재형,070-4056-6590,050-5730-1904,[1^7181000^부산광역시교육청 부산광역시남부교육지원청^교육기관^학교지원과^권현정^0516400343],[1^주계약업체^단독^주식회사동주이엔씨^김윤호^대한민국^100^주식회사동주이엔씨^^6058182301],https://www.g2b.go.kr/link/FIUA027_01/single/?ctrtNo=R26TA01771896&ctrtChgOrd=00&prcmBsneSeCd=조070001&srchName=ctrtCrst&openUrl=Y,대한민국정부부산지방조달청장,중소벤처기업부장관이 지정 공고한 물품,제한경쟁,2026-04-20 10:38:08,,0.08,,,,,2026-04-20,N,getCntrctInfoListThng,물품,부산광역시교육청 부산광역시남부교육지원청,174591480
R26TE14091185,물품,,R26TA0177193400,신연초등학교 교사증축 자동제어장치 구매 설치(계속비),N,신규,,2027/02/08,지방계약법 (제20조제1항8호),0,122378890,5,http://www.g2b.go.kr,대지급,R26DC00188189,R26BK01443114,1230130,조달청 부산지방조달청,국가기관,경영관리과,이재형,070-4056-6590,050-5730-1904,[1^7181000^부산광역시교육청 부산광역시남부교육지원청^교육기관^학교지원과^권현정^0516400343],[1^주계약업체^단독^미래전기(주)^김성국^대한민국^100^미래전기(주)^^6158130983],https://www.g2b.go.kr/link/FIUA027_01/single/?ctrtNo=R26TA01771934&ctrtChgOrd=00&prcmBsneSeCd=조070001&srchName=ctrtCrst&openUrl=Y,대한민국정부부산지방조달청장,중소벤처기업부장관이 지정 공고한 물품,제한경쟁,2026-04-20 10:39:56,,0.08,,,,,2026-04-21,N,getCntrctInfoListThng,물품,부산광역시교육청 부산광역시남부교육지원청,122378890
R26TE14091211,물품,,R26TA0174849301,수영강 상류 수국정원 조성사업 물품 구매,N,신규,,계약일~2026.6.13.,지방계약법 (제25조제1항5호나목),0,4827900,5,http://www.g2b.go.kr,직불,,,3350000,부산광역시 금정구,지방자치단체,재무과,박소정,051-519-4144,051-519-4149,[1^3350000^부산광역시 금정구^지방자치단체^재무과^박소정^0515194144],[1^주계약업체^단독^주식회사 에넥스트^신복순^대한민국^100^주식회사 에넥스트^^6108162078],https://www.g2b.go.kr/link/FIUA027_01/single/?ctrtNo=R26TA01748493&ctrtChgOrd=01&prcmBsneSeCd=조070001&srchName=ctrtCrst&openUrl=Y,금정구청장,추정가격 2천만원 이하 물품 또는 용역,수의계약,2026-04-20 10:40:57,,0.08,,,,,2026-04-20,N,getCntrctInfoListThng,물품,부산광역시 금정구,4827900
R26TE14091268,물품,R26TA0173176901,R26TA0173176901,염소가스 중화용 가성소다 구매,N,신규,2026-04-20,,지방계약법 (제25조제1항5호나목),0,5520000,5,http://www.g2b.go.kr,직불,,,6260103,부산광역시 상수도사업본부 덕산정수사업소,지방자치단체,덕산정수사업소,이선우,051-669-4901,,[1^6260103^부산광역시 상수도사업본부 덕산정수사업소^지방자치단체^덕산정수사업소^이선우^0516694901],[1^주계약업체^단독^주식회사 비봉케미칼^배윤호^대한민국^100^주식회사 비봉케미칼^^6108197621],https://www.g2b.go.kr/link/FIUA027_01/single/?ctrtNo=R26TA01731769&ctrtChgOrd=01&prcmBsneSeCd=조070001&srchName=ctrtCrst&openUrl=Y,부산광역시 상수도사업본부 덕산정수사업소,추정가격 2천만원 이하 물품 또는 용역,수의계약,2026-04-20 10:42:13,,0.08,,,,,2026-04-20,N,getCntrctInfoListThng,물품,부산광역시 상수도사업본부 덕산정수사업소,5520000
R26TE14091374,물품,R26TA0177098300,R26TA0177098300,환경관리원 근무복(하절기) 구입,N,신규,2026-04-20,2026.04.20.~2026.05.15.,지방계약법 (제25조제1항5호나목),0,19290000,5,http://www.g2b.go.kr,직불,,,3290000,부산광역시 부산진구,지방자치단체,재무과,한영경,051-605-4151,,[1^3290000^부산광역시 부산진구^지방자치단체^재무과^한영경^0516054151],[1^주계약업체^단독^비티기업^안선영^대한민국^100^비티기업^^2030921679],https://www.g2b.go.kr/link/FIUA027_01/single/?ctrtNo=R26TA01770983&ctrtChgOrd=00&prcmBsneSeCd=조070001&srchName=ctrtCrst&openUrl=Y,부산광역시 부산진구청장,추정가격 2천만원 이하 물품 또는 용역,수의계약,2026-04-20 10:44:38,,0.08,,,,,2026-04-20,N,getCntrctInfoListThng,물품,부산광역시 부산진구,19290000
R26TE14091652,물품,,R25TA0064135201,1호선 중앙역 폐쇄형배전반 제작설치,N,신규,,계약일로부터 300일 이내,지방계약법 (제25조제1항7호의2나목),0,236098300,5,http://www.g2b.go.kr,직불,,R25BK00907716,B551542,부산교통공사,지방공기업,회계자산처,정민지,051-640-7249,,[1^B551542^부산교통공사^지방공기업^회계자산처^정민지^0516407249],[1^주계약업체^단독^(사)한국장애인공존협회 정관지점^안성준^대한민국^100^(사)한국장애인공존협회 정관지점^^4778200259],https://www.g2b.go.kr/link/FIUA027_01/single/?ctrtNo=R25TA00641352&ctrtChgOrd=01&prcmBsneSeCd=조070001&srchName=ctrtCrst&openUrl=Y,부산교통공사사장,중증장애인생산품,수의계약,2026-04-20 10:51:25,,0.08,,,,,2026-04-20,N,getCntrctInfoListThng,물품,부산교통공사,236098300
R26TE14091692,물품,2024040EB9400,2024040EB9400,동위원소재료(F-18 FDG 주사액)  구입(단가계약),N,신규,2024-04-30,2024. 5. 1~2026. 4. 30.,국가계약법 (제10조제1항),0,1300320000,10,http://www.g2b.go.kr,직불,,20240400256,B550554,부산대학교병원,기타공공기관,물류관리팀,김유진,,,[1^B550554^부산대학교병원^기타공공기관^물류관리팀^김유진^],[1^주계약업체^단독^(주)듀켐바이오^김상우^대한민국^100^(주)듀켐바이오^^1058650172],https://www.g2b.go.kr/link/FIUA027_01/single/?ctrtNo=2024040EB94_1&ctrtChgOrd=00&prcmBsneSeCd=조070001&srchName=ctrtCrst&openUrl=Y,부산대학교병원장,경쟁은 입찰의 방법으로 행함,일반경쟁,2026-04-20 10:52:21,,0.075,,,,,2024-04-30,,getCntrctInfoListThng,물품,부산대학교병원,1300320000
R26TE14091864,물품,,R26TA0177239500,반송보건지소 디지털진단용엑스선촬영장치 및 의료영상저장전송시스템 구입,N,신규,,계약 후 45일 이내,지방계약법 (제2조의2제1항2호),0,235000000,5,http://www.g2b.go.kr,대지급,R26DC00168319,R26BK01371189,1230130,조달청 부산지방조달청,국가기관,경영관리과,천미지,070-4056-6539,050-5480-1714,[1^3330024^부산광역시 해운대구 보건소^지방자치단체^보건행정과^이수현^0517497505],[1^주계약업체^단독^한성메디칼^추정훈^대한민국^100^한성메디칼^^3270100713],https://www.g2b.go.kr/link/FIUA027_01/single/?ctrtNo=R26TA01772395&ctrtChgOrd=00&prcmBsneSeCd=조070001&srchName=ctrtCrst&openUrl=Y,대한민국정부부산지방조달청장,"[판로지원법 시행령] 중기업,소기업,소상공인 제한",제한경쟁,2026-04-20 10:56:08,,0.08,,,,,2026-04-21,N,getCntrctInfoListThng,물품,부산광역시 해운대구 보건소,235000000
R26TE14092047,물품,,R25TA0085532201,"2026학년도 분포중학교 신입생 교복(동복, 생활복) 학교 주관 구매",N,신규,,,지방계약법 (제2조의2제1항3호001목),0,58789000,5,http://www.g2b.go.kr,직불,,R25BK00981983,7180240,부산광역시남부교육청 분포중학교,교육기관,행정실,최미경,051-624-4222,051-624-4447,[1^7180240^부산광역시남부교육청 분포중학교^교육기관^행정실^최미경^0516244222],[1^주계약업체^단독^스마트 대연점^최수연^대한민국^100^스마트 대연점^^6172363928],https://www.g2b.go.kr/link/FIUA027_01/single/?ctrtNo=R25TA00855322&ctrtChgOrd=01&prcmBsneSeCd=조070001&srchName=ctrtCrst&openUrl=Y,분포중학교장,"[판로지원법 시행령] 일반제품 소기업 소상공인 제한경쟁, 공동사업",제한경쟁,2026-04-20 11:00:22,,0.08,,,,,2026-04-20,N,getCntrctInfoListThng,물품,부산광역시남부교육청 분포중학교,58789000
R26TE14092207,물품,R25TA0104576702,R25TA0104576702,용산초등학교 공간재구조화 리모델링공사 목무늬라인불연강판패널 구매,N,신규,2026-04-20,2025.11.05~2026.06.30까지,지방계약법 (제25조제1항5호라목),0,38500000,5,http://www.g2b.go.kr,직불,,R25BK01117137,7181000,부산광역시교육청 부산광역시남부교육지원청,교육기관,학교지원과,권현정,051-640-0343,051-637-8956,[1^7181000^부산광역시교육청 부산광역시남부교육지원청^교육기관^학교지원과^권현정^0516400343],[1^주계약업체^단독^(주)에이탑이엔지^김규완^대한민국^100^(주)에이탑이엔지^^6068611798],https://www.g2b.go.kr/link/FIUA027_01/single/?ctrtNo=R25TA01045767&ctrtChgOrd=02&prcmBsneSeCd=조070001&srchName=ctrtCrst&openUrl=Y,부산광역시남부교육지원청교육장,추정가격 2천만원 초과 1억원 이하 물품·용역(소기업 소상공인 계약),수의계약,2026-04-20 11:04:30,,0.08,,,,,2026-04-20,N,getCntrctInfoListThng,물품,부산광역시교육청 부산광역시남부교육지원청,38500000
R26TE14092287,물품,R26TA0177149600,R26TA0177149600,기장읍 대라리 140-8번지 주변 노후관 개량공사(제수밸브),N,신규,2026-04-20,30,지방계약법 (제25조제1항5호나목),0,8592000,5,http://www.g2b.go.kr,직불,,,6260360,부산광역시 상수도사업본부 기장사업소,지방자치단체,기장사업소업무부서,김우열,051-669-5556,051-669-5559,[1^6260360^부산광역시 상수도사업본부 기장사업소^지방자치단체^기장사업소업무부서^김우열^0516695556],[1^주계약업체^단독^주식회사 제운^진기종^대한민국^100^주식회사 제운^^6068661167],https://www.g2b.go.kr/link/FIUA027_01/single/?ctrtNo=R26TA01771496&ctrtChgOrd=00&prcmBsneSeCd=조070001&srchName=ctrtCrst&openUrl=Y,부산광역시 상수도본부 기장사업소,추정가격 2천만원 이하 물품 또는 용역,수의계약,2026-04-20 11:06:15,,0.08,,,,,2026-04-20,N,getCntrctInfoListThng,물품,부산광역시 상수도사업본부 기장사업소,8592000
R26TE14092311,물품,R26TA0177150000,R26TA0177150000,기장읍 청강리 267-5번지 주변 노후관 개량공사(제수밸브),N,신규,2026-04-20,30,지방계약법 (제25조제1항5호나목),0,968000,5,http://www.g2b.go.kr,직불,,,6260360,부산광역시 상수도사업본부 기장사업소,지방자치단체,기장사업소업무부서,김우열,051-669-5556,051-669-5559,[1^6260360^부산광역시 상수도사업본부 기장사업소^지방자치단체^기장사업소업무부서^김우열^0516695556],[1^주계약업체^단독^주식회사 제운^진기종^대한민국^100^주식회사 제운^^6068661167],https://www.g2b.go.kr/link/FIUA027_01/single/?ctrtNo=R26TA01771500&ctrtChgOrd=00&prcmBsneSeCd=조070001&srchName=ctrtCrst&openUrl=Y,부산광역시 상수도본부 기장사업소,추정가격 2천만원 이하 물품 또는 용역,수의계약,2026-04-20 11:06:50,,0.08,,,,,2026-04-20,N,getCntrctInfoListThng,물품,부산광역시 상수도사업본부 기장사업소,968000
R26TE14092709,물품,R26TA0176159700,R26TA0176159700,2026년 부산보훈병원 본관 및 부산요양병원 보일러 청관제 구입,N,신규,2026-04-20,2026.05.01.~2027.04.30.,국가계약법 (제26조제1항5호가2목),0,11494560,10,http://www.g2b.go.kr,직불,,,Z003087,한국보훈복지의료공단 부산보훈병원,준정부기관,x,하다영,051-601-6019,051-601-6099,[1^Z003087^한국보훈복지의료공단 부산보훈병원^준정부기관^x^하다영^0516016019],[1^주계약업체^단독^엔씨에이취코리아(주)^이레나킬디사스^대한민국^100^엔씨에이취코리아(주)^^2148118883],https://www.g2b.go.kr/link/FIUA027_01/single/?ctrtNo=R26TA01761597&ctrtChgOrd=00&prcmBsneSeCd=조070001&srchName=ctrtCrst&openUrl=Y,부산보훈병원장,추정가격 2천만원 이하 물품 또는 용역,수의계약,2026-04-20 11:16:06,,0.075,,,,,2026-04-20,N,getCntrctInfoListThng,물품,한국보훈복지의료공단 부산보훈병원,11494560
R26TE14092991,물품,R25TA0064135201,R25TA0064135201,1호선 중앙역 폐쇄형배전반 제작설치,N,신규,2026-04-20,계약일로부터 300일 이내,지방계약법 (제25조제1항7호의2나목),0,236098300,5,http://www.g2b.go.kr,직불,,R25BK00907716,B551542,부산교통공사,지방공기업,회계자산처,정민지,051-640-7249,,[1^B551542^부산교통공사^지방공기업^회계자산처^정민지^0516407249],[1^주계약업체^단독^(사)한국장애인공존협회 정관지점^안성준^대한민국^100^(사)한국장애인공존협회 정관지점^^4778200259],https://www.g2b.go.kr/link/FIUA027_01/single/?ctrtNo=R25TA00641352&ctrtChgOrd=01&prcmBsneSeCd=조070001&srchName=ctrtCrst&openUrl=Y,부산교통공사사장,중증장애인생산품,수의계약,2026-04-20 11:23:33,,0.08,,,,,2026-04-20,N,getCntrctInfoListThng,물품,부산교통공사,236098300
R26TE14093463,물품,R26TA0174849301,R26TA0174849301,수영강 상류 수국정원 조성사업 물품 구매,N,신규,2026-04-20,계약일~2026.6.13.,지방계약법 (제25조제1항5호나목),0,4827900,5,http://www.g2b.go.kr,직불,,,3350000,부산광역시 금정구,지방자치단체,재무과,박소정,051-519-4144,051-519-4149,[1^3350000^부산광역시 금정구^지방자치단체^재무과^박소정^0515194144],[1^주계약업체^단독^주식회사 에넥스트^신복순^대한민국^100^주식회사 에넥스트^^6108162078],https://www.g2b.go.kr/link/FIUA027_01/single/?ctrtNo=R26TA01748493&ctrtChgOrd=01&prcmBsneSeCd=조070001&srchName=ctrtCrst&openUrl=Y,금정구청장,추정가격 2천만원 이하 물품 또는 용역,수의계약,2026-04-20 11:39:07,,0.08,,,,,2026-04-20,N,getCntrctInfoListThng,물품,부산광역시 금정구,4827900
R26TE14093834,물품,,R26TA0177365200,2026년도 제1회 추가경정예산안 주요사업설명서 인쇄(발송용),N,신규,,,지방계약법 (제25조제1항5호나목),0,2871200,10,http://www.g2b.go.kr,직불,,,3380000,부산광역시 수영구,지방자치단체,재무과,장지혜,,,[1^3380000^부산광역시 수영구^지방자치단체^재무과^장지혜^],[1^주계약업체^단독^애드코리아^김미숙^대한민국^100^애드코리아^^6071650831],https://www.g2b.go.kr/link/FIUA027_01/single/?ctrtNo=R26TA01773652&ctrtChgOrd=00&prcmBsneSeCd=조070001&srchName=ctrtCrst&openUrl=Y,부산광역시수영구청장,추정가격 2천만원 이하 물품 또는 용역,수의계약,2026-04-20 12:10:33,,0.08,,,,,2026-04-20,N,getCntrctInfoListThng,물품,부산광역시 수영구,2871200
R26TE14093899,물품,,R26TA0177368000,남항동 대평남로31번길1 앵글밸브교체공사외 50건 자재구입건의(수도미터기보호통외 27종),N,신규,,20260420-20260519,지방계약법 (제25조제1항5호나목),0,21163250,10,http://www.g2b.go.kr,직불,,,6260107,부산광역시 상수도사업본부 영도사업소,지방자치단체,업무부서,박지현,051-669-5104,051-669-5109,[1^6260107^부산광역시 상수도사업본부 영도사업소^지방자치단체^업무부서^박지현^0516695104],[1^주계약업체^단독^한신종합엠텍^김진엽^대한민국^100^한신종합엠텍^^6062896273],https://www.g2b.go.kr/link/FIUA027_01/single/?ctrtNo=R26TA01773680&ctrtChgOrd=00&prcmBsneSeCd=조070001&srchName=ctrtCrst&openUrl=Y,상수도사업본부영도사업소,추정가격 2천만원 이하 물품 또는 용역,수의계약,2026-04-20 12:25:21,,0.08,,,,,2026-04-20,N,getCntrctInfoListThng,물품,부산광역시 상수도사업본부 영도사업소,21163250
R26TE14094011,물품,R26TA0163483401,R26TA0163483401,개성고등학교 급식기구 구입 소액수의 견적 제출 안내 공고,N,신규,2026-04-17,,지방계약법 (제2조의2제1항1호),0,31403030,5,http://www.g2b.go.kr,직불,,R26BK01371235,7150396,부산광역시교육청 개성고등학교,교육기관,행정실,김성엽,051-890-4102,,[1^7150396^부산광역시교육청 개성고등학교^교육기관^행정실^김성엽^0518904102],[1^주계약업체^단독^울림플러스^송채경^대한민국^100^울림플러스^^2477800516],https://www.g2b.go.kr/link/FIUA027_01/single/?ctrtNo=R26TA01634834&ctrtChgOrd=01&prcmBsneSeCd=조070001&srchName=ctrtCrst&openUrl=Y,개성고등학교,"[판로지원법 시행령] 소기업,소상공인제한",제한경쟁,2026-04-20 12:43:54,,0.08,,,,,2026-04-17,N,getCntrctInfoListThng,물품,부산광역시교육청 개성고등학교,31403030
R26TE14094016,물품,,R26TA0177372600,자재구입 건의[우암동 303번지 부산광역시 건설본부장 신규급수공사 등]_부단수 할정자관,N,신규,,,지방계약법 (제25조제1항5호나목),0,5448130,5,http://www.g2b.go.kr,직불,,,6260110,부산광역시 상수도사업본부 남부사업소,지방자치단체,남부사업소 업무부서,박정용,051-669-5255,051-669-5259,[1^6260110^부산광역시 상수도사업본부 남부사업소^지방자치단체^남부사업소 업무부서^박정용^0516695255],[1^주계약업체^단독^훈호엔지니어링^박토환^대한민국^100^훈호엔지니어링^^5252500521],https://www.g2b.go.kr/link/FIUA027_01/single/?ctrtNo=R26TA01773726&ctrtChgOrd=00&prcmBsneSeCd=조070001&srchName=ctrtCrst&openUrl=Y,부산광역시상수도사업본부남부사업소장,추정가격 2천만원 이하 물품 또는 용역,수의계약,2026-04-20 12:44:44,,0.08,,,,,2026-04-20,N,getCntrctInfoListThng,물품,부산광역시 상수도사업본부 남부사업소,5448130
R26TE14094151,물품,,R26TA0177368000,남항동 대평남로31번길1 앵글밸브교체공사외 50건 자재구입건의(수도미터기보호통외 27종),N,신규,,20260420-20260519,지방계약법 (제25조제1항5호나목),0,21163250,10,http://www.g2b.go.kr,직불,,,6260107,부산광역시 상수도사업본부 영도사업소,지방자치단체,업무부서,박지현,051-669-5104,051-669-5109,[1^6260107^부산광역시 상수도사업본부 영도사업소^지방자치단체^업무부서^박지현^0516695104],[1^주계약업체^단독^한신종합엠텍^김진엽^대한민국^100^한신종합엠텍^^6062896273],https://www.g2b.go.kr/link/FIUA027_01/single/?ctrtNo=R26TA01773680&ctrtChgOrd=00&prcmBsneSeCd=조070001&srchName=ctrtCrst&openUrl=Y,상수도사업본부영도사업소,추정가격 2천만원 이하 물품 또는 용역,수의계약,2026-04-20 13:00:44,,0.08,,,,,2026-04-20,N,getCntrctInfoListThng,물품,부산광역시 상수도사업본부 영도사업소,21163250
R26TE14094535,물품,R26TA0136792902,R26TA0136792902,아스팔트(AP-3) 구매(2026년 1차),N,신규,2026-04-20,,지방계약법 (제20조제1항6호),0,264772200,5,http://www.g2b.go.kr,직불,,R26BK01263530,6260000,부산광역시,지방자치단체,회계재산담당관,김주홍,051-888-2244,,[1^6260000^부산광역시^지방자치단체^회계재산담당관^김주홍^0518882244],[1^주계약업체^단독^그린환경산업^김미숙^대한민국^100^그린환경산업^^6211456201],https://www.g2b.go.kr/link/FIUA027_01/single/?ctrtNo=R26TA01367929&ctrtChgOrd=02&prcmBsneSeCd=조070001&srchName=ctrtCrst&openUrl=Y,부산광역시장,행정안전부령 금액 미만 본점소재지,제한경쟁,2026-04-20 13:13:00,,0.08,,,,,2026-04-20,N,getCntrctInfoListThng,물품,부산광역시,264772200
R26TE14094767,물품,R26TA0176803800,R26TA0176803800,기제조 근무복(하·동계 티셔츠) 구매,N,신규,2026-04-20,계약일로부터 30일이내,지방계약법 (제25조제1항7호의2나목),0,18568800,5,http://www.g2b.go.kr,직불,,R26BK01469414,B551542,부산교통공사,지방공기업,회계자산처,정민지,051-640-7249,,[1^B551542^부산교통공사^지방공기업^회계자산처^정민지^0516407249],[1^주계약업체^단독^사단법인부산광역시남구장애인협회누리피복사업단^정찬용^대한민국^100^사단법인부산광역시남구장애인협회누리피복사업단^^4098219134],https://www.g2b.go.kr/link/FIUA027_01/single/?ctrtNo=R26TA01768038&ctrtChgOrd=00&prcmBsneSeCd=조070001&srchName=ctrtCrst&openUrl=Y,부산교통공사사장,중증장애인생산품,수의계약,2026-04-20 13:19:18,,0.08,,,,,2026-04-20,N,getCntrctInfoListThng,물품,부산교통공사,18568800
R26TE14094917,물품,,R26TA0177318400,2026년 폭염 대비 스마트그늘막 설치,N,신규,,,지방계약법 (제25조제1항5호라목),0,24730420,5,http://www.g2b.go.kr,직불,,,3300000,부산광역시 동래구,지방자치단체,재무과,김하나,051-550-4147,051-550-4149,[1^3300000^부산광역시 동래구^지방자치단체^재무과^김하나^0515504147],[1^주계약업체^단독^다온기업^이성원^대한민국^100^다온기업^^6241401326],https://www.g2b.go.kr/link/FIUA027_01/single/?ctrtNo=R26TA01773184&ctrtChgOrd=00&prcmBsneSeCd=조070001&srchName=ctrtCrst&openUrl=Y,부산광역시 동래구청장,추정가격 2천만원 초과 1억원 이하 물품·용역(소기업 소상공인 계약),수의계약,2026-04-20 13:23:03,,0.08,,,,,2026-04-20,N,getCntrctInfoListThng,물품,부산광역시 동래구,24730420
R26TE14095516,물품,,R26TA0177421400,"(소액수의)완도 323함 NO.1,2 발전기관 취외취부 및 중심조정 수리",N,신규,,26.4.7.~26.5.1.,국가계약법 (제26조제1항5호가2목),0,7940700,10,http://www.g2b.go.kr,직불,R26DC00178206,R26BK01382463,1532883,해양경찰청 해양경찰정비창 해양경찰부산정비창,국가기관,기획운영과,김대성,051-419-2417,051-419-2318,[1^1532883^해양경찰청 해양경찰정비창 해양경찰부산정비창^국가기관^기획운영과^이재원^0514192239],[1^주계약업체^단독^마프상사^서록운^대한민국^100^마프상사^^6200478289],https://www.g2b.go.kr/link/FIUA027_01/single/?ctrtNo=R26TA01774214&ctrtChgOrd=00&prcmBsneSeCd=조070001&srchName=ctrtCrst&openUrl=Y,해양경찰부산정비창,추정가격 2천만원 이하 물품 또는 용역,수의계약,2026-04-20 13:38:53,,0.125,,,,,2026-04-07,N,getCntrctInfoListThng,물품,해양경찰청 해양경찰정비창 해양경찰부산정비창,7940700
R26TE14095579,물품,,R26TA0177415400,역사 및 본선 환기실 인버터 및 리액터 구매,N,신규,,,지방계약법 (제25조제1항5호바목),0,27863000,5,http://www.g2b.go.kr,직불,,R26BK01470282,B551542,부산교통공사,지방공기업,회계자산처,박미정,051-640-7248,051-640-7255,[1^B551542^부산교통공사^지방공기업^회계자산처^박미정^0516407248],[1^주계약업체^단독^주식회사 행운나무^안혜숙^대한민국^100^주식회사 행운나무^^4458601808],https://www.g2b.go.kr/link/FIUA027_01/single/?ctrtNo=R26TA01774154&ctrtChgOrd=00&prcmBsneSeCd=조070001&srchName=ctrtCrst&openUrl=Y,부산교통공사사장,"추정가격 2천만원 초과 1억원 이하 물품·용역(여성기업, 장애인기업, 사회적기업, 사회적협동조합, 자활기업, 마을기업 계약)",수의계약,2026-04-20 13:40:28,,0.08,,,,,2026-04-21,N,getCntrctInfoListThng,물품,부산교통공사,27863000
R26TE14095690,물품,R26TA0176939500,R26TA0176939500,정관임시공영주차장 부지 파종용 초화류 등 구입,N,신규,2026-04-20,,지방계약법 (제25조제1항5호나목),0,7700000,5,http://www.g2b.go.kr,직불,,,3400000,부산광역시 기장군,지방자치단체,재무과,박서령,,,[1^3400000^부산광역시 기장군^지방자치단체^재무과^박서령^],[1^주계약업체^단독^주식회사 그루조경^송지은^대한민국^100^주식회사 그루조경^^4208701408],https://www.g2b.go.kr/link/FIUA027_01/single/?ctrtNo=R26TA01769395&ctrtChgOrd=00&prcmBsneSeCd=조070001&srchName=ctrtCrst&openUrl=Y,기장군수,추정가격 2천만원 이하 물품 또는 용역,수의계약,2026-04-20 13:42:45,,0.08,,,,,2026-04-20,N,getCntrctInfoListThng,물품,부산광역시 기장군,7700000
R26TE14096282,물품,R26TA0176640700,R26TA0176640700,주차단속차량(47저2574) 수리,N,신규,2026-04-20,,지방계약법 (제25조제1항5호나목),0,4818550,0,http://www.g2b.go.kr,직불,,,3370000,부산광역시 연제구,지방자치단체,재무과,양수현,051-665-4144,051-665-4149,[1^3370000^부산광역시 연제구^지방자치단체^재무과^양수현^0516654144],[1^주계약업체^단독^코리아디젤^홍민^대한민국^100^코리아디젤^^6211947181],https://www.g2b.go.kr/link/FIUA027_01/single/?ctrtNo=R26TA01766407&ctrtChgOrd=00&prcmBsneSeCd=조070001&srchName=ctrtCrst&openUrl=Y,연제구청장,추정가격 2천만원 이하 물품 또는 용역,수의계약,2026-04-20 13:56:06,,0.08,,,,,2026-04-20,N,getCntrctInfoListThng,물품,부산광역시 연제구,4818550
R26TE14097026,물품,,R26TA0177425500,백양가족공원 파고라(쿨링포그) 구입,N,신규,,2026.04.20.~2026.05.30.,지방계약법 (제25조제1항8호다목),0,63650000,5,http://www.g2b.go.kr,직불,,,3290000,부산광역시 부산진구,지방자치단체,재무과,한영경,051-605-4151,,[1^3290000^부산광역시 부산진구^지방자치단체^재무과^한영경^0516054151],[1^주계약업체^단독^안개핀조경 주식회사^신재현^대한민국^100^안개핀조경 주식회사^^7718600805],https://www.g2b.go.kr/link/FIUA027_01/single/?ctrtNo=R26TA01774255&ctrtChgOrd=00&prcmBsneSeCd=조070001&srchName=ctrtCrst&openUrl=Y,부산광역시 부산진구청장,「조달사업에 관한 법률」 제27조제1항에 따른 혁신제품,수의계약,2026-04-20 14:14:36,,0.08,,,,,2026-04-20,N,getCntrctInfoListThng,물품,부산광역시 부산진구,63650000
R26TE14097038,물품,,R26TA0177459600,심신안정실 물품 구매,N,신규,,,지방계약법 (제25조제1항5호나목),0,3820750,5,http://www.g2b.go.kr,직불,,R26BK01454635,6260204,부산광역시 북부소방서,지방자치단체,북부소방서 소방행정과,조현일,051-760-5221,,[1^6260204^부산광역시 북부소방서^지방자치단체^북부소방서 소방행정과^조현일^0517605221],[1^주계약업체^단독^차스웨이^차현종^대한민국^100^차스웨이^^7133301627],https://www.g2b.go.kr/link/FIUA027_01/single/?ctrtNo=R26TA01774596&ctrtChgOrd=00&prcmBsneSeCd=조070001&srchName=ctrtCrst&openUrl=Y,북부소방서장,추정가격 2천만원 이하 물품 또는 용역,수의계약,2026-04-20 14:14:55,,0.08,,,,,2026-04-22,N,getCntrctInfoListThng,물품,부산광역시 북부소방서,3820750
R26TE14097236,물품,,R26TA0177471900,동평중학교 방송장비 구매,N,신규,,착수일로부터 2026-08-30까지,지방계약법 (제25조제1항7호의2나목),0,134603000,5,http://www.g2b.go.kr,직불,,,7181000,부산광역시교육청 부산광역시남부교육지원청,교육기관,학교지원과,권현정,051-640-0343,051-637-8956,[1^7181000^부산광역시교육청 부산광역시남부교육지원청^교육기관^학교지원과^권현정^0516400343],[1^주계약업체^단독^(사)한국지체장애인협회 영상음향사업소^황재연^대한민국^100^(사)한국지체장애인협회 영상음향사업소^^1238211539],https://www.g2b.go.kr/link/FIUA027_01/single/?ctrtNo=R26TA01774719&ctrtChgOrd=00&prcmBsneSeCd=조070001&srchName=ctrtCrst&openUrl=Y,부산광역시남부교육지원청교육장,중증장애인생산품,수의계약,2026-04-20 14:20:11,,0.08,,,,,2026-04-20,N,getCntrctInfoListThng,물품,부산광역시교육청 부산광역시남부교육지원청,134603000
R26TE14097398,물품,R25TA0077038800,R25TA0077038800,2026학년도 경일고등학교 교복(동복) 학교주관구매 입찰공고,N,신규,2025-08-27,,지방계약법 (제2조의2제1항1호),0,52920000,5,http://www.g2b.go.kr,직불,,R25BK00921518,7150423,부산광역시교육청 경일고등학교,기타기관,경일고 행정실,공영웅,051-271-2075,051-271-2078,[1^7150423^부산광역시교육청 경일고등학교^기타기관^경일고 행정실^문수원^],[1^주계약업체^단독^아이비클럽괴정^박동환^대한민국^100^아이비클럽괴정^^6033504049],https://www.g2b.go.kr/link/FIUA027_01/single/?ctrtNo=R25TA00770388&ctrtChgOrd=00&prcmBsneSeCd=조070001&srchName=ctrtCrst&openUrl=Y,경일고등학교장,"[판로지원법 시행령] 소기업,소상공인제한",제한경쟁,2026-04-20 14:24:13,,0.08,,,,,2025-08-27,N,getCntrctInfoListThng,물품,부산광역시교육청 경일고등학교,52920000
R26TE14097465,물품,,R26TA0177396500,2026년 모자보건사업 임산부 영양제 구입 ,N,신규,,,지방계약법 (제25조제1항5호다목),0,43885100,5,http://www.g2b.go.kr,직불,,R26BK01448728,3330024,부산광역시 해운대구 보건소,지방자치단체,보건행정과,이수현,051-749-7505,051-749-4799,[1^3330024^부산광역시 해운대구 보건소^지방자치단체^보건행정과^이수현^0517497505],[1^주계약업체^단독^(주)강림약품^조평제^대한민국^100^(주)강림약품^^6038172199],https://www.g2b.go.kr/link/FIUA027_01/single/?ctrtNo=R26TA01773965&ctrtChgOrd=00&prcmBsneSeCd=조070001&srchName=ctrtCrst&openUrl=Y,해운대구보건소장,추정가격 2천만원 초과 5천만원 이하 물품·용역(청년창업기업),수의계약,2026-04-20 14:25:53,,0.08,,,,,2026-04-20,N,getCntrctInfoListThng,물품,부산광역시 해운대구 보건소,43885100
R26TE14097519,물품,,R26TA0177492100,(소액수의)울진308함 기관실 통풍 루바 수리,N,신규,,26.4.13.~26.4.26.,국가계약법 (제26조제1항5호가2목),0,8800000,10,http://www.g2b.go.kr,직불,R26DC00192070,R26BK01438582,1532883,해양경찰청 해양경찰정비창 해양경찰부산정비창,국가기관,기획운영과,김대성,051-419-2417,051-419-2318,[1^1532883^해양경찰청 해양경찰정비창 해양경찰부산정비창^국가기관^기획운영과^이재원^0514192239],[1^주계약업체^단독^해동정공^배연호^대한민국^100^해동정공^^6010253094],https://www.g2b.go.kr/link/FIUA027_01/single/?ctrtNo=R26TA01774921&ctrtChgOrd=00&prcmBsneSeCd=조070001&srchName=ctrtCrst&openUrl=Y,해양경찰부산정비창,추정가격 2천만원 이하 물품 또는 용역,수의계약,2026-04-20 14:27:17,,0.125,,,,,2026-04-13,N,getCntrctInfoListThng,물품,해양경찰청 해양경찰정비창 해양경찰부산정비창,8800000
R26TE14097706,물품,R26TA0176919700,R26TA0176919700,2026년 지정좌석라운지 고객 운영물품(음료 및 소모품) 구매,N,신규,2026-04-20,,지방계약법 (제25조제1항5호나목),0,19710000,5,http://www.g2b.go.kr,직불,,,D340003,부산시설공단 레포츠본부,지방공기업,재무회계팀,김다정,051-860-7636,051-860-7636,[1^D340003^부산시설공단 레포츠본부^지방공기업^재무회계팀^김다정^0518607636],[1^주계약업체^단독^서원탑할인마트^심한영^대한민국^100^서원탑할인마트^^6212177164],https://www.g2b.go.kr/link/FIUA027_01/single/?ctrtNo=R26TA01769197&ctrtChgOrd=00&prcmBsneSeCd=조070001&srchName=ctrtCrst&openUrl=Y,부산시설공단이사장,추정가격 2천만원 이하 물품 또는 용역,수의계약,2026-04-20 14:31:59,,0.08,,,,,2026-04-20,N,getCntrctInfoListThng,물품,부산시설공단 레포츠본부,19710000
R26TE14097764,물품,R26TA0175994400,R26TA0175994400,(소액수의)2026년 2분기 일반자재(진공식FD밸브 등 37종) 구매,N,신규,2026-04-20,26.04.20.~26.05.04,국가계약법 (제26조제1항5호가3목),0,30471570,10,http://www.g2b.go.kr,직불,R26DC00194118,R26BK01447769,1532883,해양경찰청 해양경찰정비창 해양경찰부산정비창,국가기관,기획운영과,박규찬,051-419-2239,051-419-2318,[1^1532883^해양경찰청 해양경찰정비창 해양경찰부산정비창^국가기관^기획운영과^박규찬^0514192239],[1^주계약업체^단독^한스^김진한^대한민국^100^한스^^1023607759],https://www.g2b.go.kr/link/FIUA027_01/single/?ctrtNo=R26TA01759944&ctrtChgOrd=00&prcmBsneSeCd=조070001&srchName=ctrtCrst&openUrl=Y,해양경찰부산정비창,추정가격 2천만원 초과 1억원 이하 물품·용역(소기업.소상공인 계약),수의계약,2026-04-20 14:33:25,,0.075,,,,,2026-04-20,N,getCntrctInfoListThng,물품,해양경찰청 해양경찰정비창 해양경찰부산정비창,30471570
R26TE14097792,물품,,R26TA0177501700,가상현실 스포츠실 조성사업 관급자재(가상현실 스포츠실 조성 물품) 구매,N,신규,,,지방계약법 (제25조제1항5호나목),0,10999620,5,http://www.g2b.go.kr,직불,,,3400000,부산광역시 기장군,지방자치단체,재무과,윤성미,,,[1^3400000^부산광역시 기장군^지방자치단체^재무과^윤성미^],[1^주계약업체^단독^주식회사 코드리치^송진우^대한민국^100^주식회사 코드리치^^6408100786],https://www.g2b.go.kr/link/FIUA027_01/single/?ctrtNo=R26TA01775017&ctrtChgOrd=00&prcmBsneSeCd=조070001&srchName=ctrtCrst&openUrl=Y,기장군수,추정가격 2천만원 이하 물품 또는 용역,수의계약,2026-04-20 14:34:18,,0.08,,,,,2026-04-22,N,getCntrctInfoListThng,물품,부산광역시 기장군,10999620
R26TE14097858,물품,,R26TA0177504500,"(재, 유, 수)통영P-29정 NO.1,2 주기관 실린더블록 재생수리",N,신규,,26.4.13.~26.4.27.,국가계약법 (제27조제1항),0,22000000,10,http://www.g2b.go.kr,직불,,,1532883,해양경찰청 해양경찰정비창 해양경찰부산정비창,국가기관,기획운영과,김대성,051-419-2417,051-419-2318,[1^1532883^해양경찰청 해양경찰정비창 해양경찰부산정비창^국가기관^기획운영과^김대성^0514192417],[1^주계약업체^단독^지디에스코퍼레이션^김경회^대한민국^100^지디에스코퍼레이션^^3670401216],https://www.g2b.go.kr/link/FIUA027_01/single/?ctrtNo=R26TA01775045&ctrtChgOrd=00&prcmBsneSeCd=조070001&srchName=ctrtCrst&openUrl=Y,해양경찰부산정비창,재공고입찰등과 수의계약,수의계약,2026-04-20 14:36:08,,0.125,,,,,2026-04-13,N,getCntrctInfoListThng,물품,해양경찰청 해양경찰정비창 해양경찰부산정비창,22000000
R26TE14421740,물품,R25TA0082754700,R25TA0082754700,"2026학년도 다대중학교 교복(동복, 하복) 학교주관 구매",N,신규,2025-08-22,,지방계약법 (제2조의2제1항1호),0,44100000,10,http://www.g2b.go.kr,직불,,R25BK00974240,7170030,부산광역시서부교육청 다대중학교,교육기관,행정실,박중규,,,[1^7170030^부산광역시서부교육청 다대중학교^교육기관^행정실^박중규^],[1^주계약업체^단독^하이틴^문미애^대한민국^100^하이틴^^6033318743],https://www.g2b.go.kr/link/FIUA027_01/single/?ctrtNo=R25TA00827547&ctrtChgOrd=00&prcmBsneSeCd=조070001&srchName=ctrtCrst&openUrl=Y,다대중학교장,"[판로지원법 시행령] 소기업,소상공인제한",제한경쟁,2026-04-28 08:34:00,,0.08,,,,,2025-08-22,N,getCntrctInfoListThng,물품,부산광역시서부교육청 다대중학교,44100000
R26TE14422385,물품,R26TA0156364700,R26TA0156364700,[글로컬대학30사업] GPU 구매,N,신규,2026-03-06,계약 후 60일 이내,국가계약법 (제2조의2제1항2호),0,193170200,10,http://www.g2b.go.kr,대지급,R26DC00159316,R26BK01316723,1230130,조달청 부산지방조달청,국가기관,경영관리과,조정렬,051-330-6535,050-5730-1840,[1^7000463^부산대학교^교육기관^재무과^탁해인^],[1^주계약업체^단독^송나라상사^송화자^대한민국^100^송나라상사^^4831200455],https://www.g2b.go.kr/link/FIUA027_01/single/?ctrtNo=R26TA01563647&ctrtChgOrd=00&prcmBsneSeCd=조070001&srchName=ctrtCrst&openUrl=Y,대한민국정부부산지방조달청장,"[판로지원법 시행령] 중기업,소기업,소상공인 제한",제한경쟁,2026-04-28 08:41:53,,0.075,,,,,2026-03-06,N,getCntrctInfoListThng,물품,부산대학교,193170200
R26TE14422427,물품,R26TA0156364700,R26TA0156364700,[글로컬대학30사업] GPU 구매,N,신규,2026-03-06,계약 후 60일 이내,국가계약법 (제2조의2제1항2호),0,193170200,10,http://www.g2b.go.kr,대지급,R26DC00159316,R26BK01316723,1230130,조달청 부산지방조달청,국가기관,경영관리과,조정렬,051-330-6535,050-5730-1840,[1^7000463^부산대학교^교육기관^재무과^김보민^],[1^주계약업체^단독^송나라상사^송화자^대한민국^100^송나라상사^^4831200455],https://www.g2b.go.kr/link/FIUA027_01/single/?ctrtNo=R26TA01563647&ctrtChgOrd=00&prcmBsneSeCd=조070001&srchName=ctrtCrst&openUrl=Y,대한민국정부부산지방조달청장,"[판로지원법 시행령] 중기업,소기업,소상공인 제한",제한경쟁,2026-04-28 08:42:26,,0.075,,,,,2026-03-06,N,getCntrctInfoListThng,물품,부산대학교,193170200
R26TE14422983,물품,R26TA0178791300,R26TA0178791300,교통과 불꽃신호기 구입,N,신규,2026-04-28,,국가계약법 (제26조제1항5호가2목),0,19920000,10,http://www.g2b.go.kr,직불,,,1811832,경찰청 부산광역시경찰청,국가기관,경무기획과 경리계,성지훈,051-899-2222,051-899-3333,[1^1811832^경찰청 부산광역시경찰청^국가기관^경무기획과 경리계^성지훈^0518992222],[1^주계약업체^단독^주식회사 코리아플레어^양인수^대한민국^100^주식회사 코리아플레어^^1378601305],https://www.g2b.go.kr/link/FIUA027_01/single/?ctrtNo=R26TA01787913&ctrtChgOrd=00&prcmBsneSeCd=조070001&srchName=ctrtCrst&openUrl=Y,부산지방경찰청,추정가격 2천만원 이하 물품 또는 용역,수의계약,2026-04-28 08:48:36,,0.075,,,,,2026-04-28,N,getCntrctInfoListThng,물품,경찰청 부산광역시경찰청,19920000
R26TE14423268,물품,,R25TA0129371101,2026년도 중앙공급실 직원피복 구매(소액수의) 단가 계약,N,신규,,,지방계약법 (제25조제1항5호라목),0,33390000,5,http://www.g2b.go.kr,직불,,R25BK01219008,Z003659,부산광역시의료원,기타기관,경리과,강용권,051-607-2038,,[1^Z003659^부산광역시의료원^기타기관^경리과^강용권^0516072038],[1^주계약업체^단독^유승섬유^최민석^대한민국^100^유승섬유^^7913800716],https://www.g2b.go.kr/link/FIUA027_01/single/?ctrtNo=R25TA01293711&ctrtChgOrd=01&prcmBsneSeCd=조070001&srchName=ctrtCrst&openUrl=Y,부산광역시의료원장,추정가격 2천만원 초과 1억원 이하 물품·용역(소기업 소상공인 계약),수의계약,2026-04-28 08:51:51,,0.08,,,,,2026-04-28,N,getCntrctInfoListThng,물품,부산광역시의료원,33390000
R26TE14423616,물품,,R26TA0180462200,(소액수의)기관과 1분기 운용자재(크린가드 보호복 등 70종) 구매,N,신규,,26.04.30.~26.05.15.,국가계약법 (제26조제1항5호가2목),0,4286530,10,http://www.g2b.go.kr,직불,R26DC00200366,R26BK01473621,1532883,해양경찰청 해양경찰정비창 해양경찰부산정비창,국가기관,기획운영과,박규찬,051-419-2239,051-419-2318,[1^1532883^해양경찰청 해양경찰정비창 해양경찰부산정비창^국가기관^기획운영과^박규찬^0514192239],[1^주계약업체^단독^한국상사^허수연^대한민국^100^한국상사^^5293201175],https://www.g2b.go.kr/link/FIUA027_01/single/?ctrtNo=R26TA01804622&ctrtChgOrd=00&prcmBsneSeCd=조070001&srchName=ctrtCrst&openUrl=Y,해양경찰부산정비창,추정가격 2천만원 이하 물품 또는 용역,수의계약,2026-04-28 09:00:43,,0.075,,,,,2026-04-30,N,getCntrctInfoListThng,물품,해양경찰청 해양경찰정비창 해양경찰부산정비창,4286530
R26TE14423632,물품,,R25TA0129381501,2026년도 부산의료원 환자 피복 및 침구 등 64종 구매 단가 계약,N,신규,,,지방계약법 (제26조제2항),0,86929200,5,http://www.g2b.go.kr,직불,,R25BK01241057,Z003659,부산광역시의료원,기타기관,경리과,강용권,051-607-2038,,[1^Z003659^부산광역시의료원^기타기관^경리과^강용권^0516072038],[1^주계약업체^단독^유승섬유^최민석^대한민국^100^유승섬유^^7913800716],https://www.g2b.go.kr/link/FIUA027_01/single/?ctrtNo=R25TA01293815&ctrtChgOrd=01&prcmBsneSeCd=조070001&srchName=ctrtCrst&openUrl=Y,부산광역시의료원장,경쟁입찰을 실시했으나 입찰자가 1인뿐인 경우 수의계약(행안부장관 고시기간),수의계약,2026-04-28 09:01:27,,0.08,,,,,2026-04-28,N,getCntrctInfoListThng,물품,부산광역시의료원,86929200
R26TE14423639,물품,R26TA0178788600,R26TA0178788600,해양원격의료지원 시범사업 심전도 및 심전도 케이스 20SET 구입,N,신규,2026-04-29,계약체결일로부터 180일,국가계약법 (제27조제1항),0,42000000,10,http://www.g2b.go.kr,직불,,,B550554,부산대학교병원,기타공공기관,물류관리팀,권송이,,,[1^B550554^부산대학교병원^기타공공기관^물류관리팀^권송이^],[1^주계약업체^단독^(주)토드디지털^장우석^대한민국^100^(주)토드디지털^^5218103838],https://www.g2b.go.kr/link/FIUA027_01/single/?ctrtNo=R26TA01787886&ctrtChgOrd=00&prcmBsneSeCd=조070001&srchName=ctrtCrst&openUrl=Y,부산대학교병원장,재공고입찰등과 수의계약,수의계약,2026-04-28 09:01:37,,0.075,,,,,2026-04-29,N,getCntrctInfoListThng,물품,부산대학교병원,42000000
R26TE14423729,물품,R26TA0180159300,R26TA0180159300,(소액수의)기관과 1분기 소모성공구(니퍼 등 54종) 구매,N,신규,2026-04-30,26.04.30~26.05.15,국가계약법 (제26조제1항5호가2목),0,1698390,10,http://www.g2b.go.kr,직불,R26DC00200345,R26BK01473543,1532883,해양경찰청 해양경찰정비창 해양경찰부산정비창,국가기관,기획운영과,박규찬,051-419-2239,051-419-2318,[1^1532883^해양경찰청 해양경찰정비창 해양경찰부산정비창^국가기관^기획운영과^박규찬^0514192239],[1^주계약업체^단독^제이앤제이 이엔지^노선영^대한민국^100^제이앤제이 이엔지^^2026300426],https://www.g2b.go.kr/link/FIUA027_01/single/?ctrtNo=R26TA01801593&ctrtChgOrd=00&prcmBsneSeCd=조070001&srchName=ctrtCrst&openUrl=Y,해양경찰부산정비창,추정가격 2천만원 이하 물품 또는 용역,수의계약,2026-04-28 09:04:42,,0.075,,,,,2026-04-30,N,getCntrctInfoListThng,물품,해양경찰청 해양경찰정비창 해양경찰부산정비창,1698390
R26TE14423766,물품,,R25TA0027776101,BD Posiflush 외 21종 구매(단가계약),N,신규,,2025. 5. 1. ~ 2027. 4. 30.,국가계약법 (제2조의2제1항2호),0,940271000,10,http://www.g2b.go.kr,직불,,R25BK00655002,Z018263,양산부산대학교병원,기타공공기관,,김영철,,,[1^Z018263^양산부산대학교병원^기타공공기관^^김영철^],[1^주계약업체^단독^엔케이메디^고예람^대한민국^100^엔케이메디^^8212101546],https://www.g2b.go.kr/link/FIUA027_01/single/?ctrtNo=R25TA00277761&ctrtChgOrd=01&prcmBsneSeCd=조070001&srchName=ctrtCrst&openUrl=Y,양산부산대학교병원장,"[판로지원법 시행령] 중기업,소기업,소상공인 제한",제한경쟁,2026-04-28 09:06:11,,0.075,,,,,2026-04-28,N,getCntrctInfoListThng,물품,양산부산대학교병원,940271000
R26TE14423952,물품,R26TA0156364700,R26TA0156364700,[글로컬대학30사업] GPU 구매,N,신규,2026-03-06,계약 후 60일 이내,국가계약법 (제2조의2제1항2호),0,193170200,10,http://www.g2b.go.kr,대지급,R26DC00159316,R26BK01316723,1230130,조달청 부산지방조달청,국가기관,경영관리과,조정렬,051-330-6535,050-5730-1840,[1^7000463^부산대학교^교육기관^재무과^탁해인^],[1^주계약업체^단독^송나라상사^송화자^대한민국^100^송나라상사^^4831200455],https://www.g2b.go.kr/link/FIUA027_01/single/?ctrtNo=R26TA01563647&ctrtChgOrd=00&prcmBsneSeCd=조070001&srchName=ctrtCrst&openUrl=Y,대한민국정부부산지방조달청장,"[판로지원법 시행령] 중기업,소기업,소상공인 제한",제한경쟁,2026-04-28 09:12:22,,0.075,,,,,2026-03-06,N,getCntrctInfoListThng,물품,부산대학교,193170200
R26TE14423974,물품,R26TA0156364700,R26TA0156364700,[글로컬대학30사업] GPU 구매,N,신규,2026-03-06,계약 후 60일 이내,국가계약법 (제2조의2제1항2호),0,193170200,10,http://www.g2b.go.kr,대지급,R26DC00159316,R26BK01316723,1230130,조달청 부산지방조달청,국가기관,경영관리과,조정렬,051-330-6535,050-5730-1840,[1^7000463^부산대학교^교육기관^재무과^탁해인^],[1^주계약업체^단독^송나라상사^송화자^대한민국^100^송나라상사^^4831200455],https://www.g2b.go.kr/link/FIUA027_01/single/?ctrtNo=R26TA01563647&ctrtChgOrd=00&prcmBsneSeCd=조070001&srchName=ctrtCrst&openUrl=Y,대한민국정부부산지방조달청장,"[판로지원법 시행령] 중기업,소기업,소상공인 제한",제한경쟁,2026-04-28 09:13:13,,0.075,,,,,2026-03-06,N,getCntrctInfoListThng,물품,부산대학교,193170200
R26TE14423988,물품,,R26TA0180727400,2026년 해운대해수욕장 모래 투입 사업,N,신규,,,지방계약법 (제25조제1항5호라목),0,69969690,5,http://www.g2b.go.kr,직불,,R26BK01474569,3330238,부산광역시 해운대구 관광시설사업소,지방자치단체,,최현진,051-749-7614,051-749-7619,[1^3330238^부산광역시 해운대구 관광시설사업소^지방자치단체^^최현진^0517497614],[1^주계약업체^단독^지우민^박광진^대한민국^100^지우민^^2515700086],https://www.g2b.go.kr/link/FIUA027_01/single/?ctrtNo=R26TA01807274&ctrtChgOrd=00&prcmBsneSeCd=조070001&srchName=ctrtCrst&openUrl=Y,관광시설사업소장,추정가격 2천만원 초과 1억원 이하 물품·용역(소기업 소상공인 계약),수의계약,2026-04-28 09:13:30,,0.08,,,,,2026-04-28,N,getCntrctInfoListThng,물품,부산광역시 해운대구 관광시설사업소,69969690
R26TE14424195,물품,,R26TA0180280200,실시간 무선온도 감시시스템 구매 설치,N,신규,,,지방계약법 (제25조제1항5호나목),0,3300000,5,http://www.g2b.go.kr,직불,,,Z008248,부산환경공단 남부사업소,지방공기업,남부사업소 운영지원팀,차기철,051-713-0123,051-625-1062,[1^Z008248^부산환경공단 남부사업소^지방공기업^남부사업소 운영지원팀^차기철^0517130123],[1^주계약업체^단독^주식회사 엘시그니처^이원태^대한민국^100^주식회사 엘시그니처^^3338701308],https://www.g2b.go.kr/link/FIUA027_01/single/?ctrtNo=R26TA01802802&ctrtChgOrd=00&prcmBsneSeCd=조070001&srchName=ctrtCrst&openUrl=Y,부산환경공단 남부사업소장,추정가격 2천만원 이하 물품 또는 용역,수의계약,2026-04-28 09:19:09,,0.08,,,,,2026-04-28,N,getCntrctInfoListThng,물품,부산환경공단 남부사업소,3300000
R26TE14424464,물품,R26TA0178370800,R26TA0178370800,부산공립동물원 전동카트 구매,N,신규,2026-04-27,,지방계약법 (제25조제1항5호바목),0,33759000,5,http://www.g2b.go.kr,직불,,,6260000,부산광역시,지방자치단체,회계재산담당관,정정연,051-888-2236,051-888-2249,[1^6260000^부산광역시^지방자치단체^회계재산담당관^정정연^0518882236],[1^주계약업체^단독^주식회사 지이에스모빌리티^김선미^대한민국^100^주식회사 지이에스모빌리티^^2998702986],https://www.g2b.go.kr/link/FIUA027_01/single/?ctrtNo=R26TA01783708&ctrtChgOrd=00&prcmBsneSeCd=조070001&srchName=ctrtCrst&openUrl=Y,부산광역시장,"추정가격 2천만원 초과 1억원 이하 물품·용역(여성기업, 장애인기업, 사회적기업, 사회적협동조합, 자활기업, 마을기업 계약)",수의계약,2026-04-28 09:24:00,,0.08,,,,,2026-04-27,N,getCntrctInfoListThng,물품,부산광역시,33759000
R26TE14424552,물품,,R26TA0178627600,2026년 전국장애학생(소년)체전 서포터즈 활동지원 물품 제작,N,신규,,2026.4.22.~2026.5.8.,지방계약법 (제25조제1항5호바목),0,45302400,5,http://www.g2b.go.kr,직불,,,6260000,부산광역시,지방자치단체,회계재산담당관,정다은,051-888-2237,051-888-2249,[1^6260000^부산광역시^지방자치단체^회계재산담당관^정다은^0518882237],[1^주계약업체^단독^트윈스돌^김명실^대한민국^100^트윈스돌^^6531400441],https://www.g2b.go.kr/link/FIUA027_01/single/?ctrtNo=R26TA01786276&ctrtChgOrd=00&prcmBsneSeCd=조070001&srchName=ctrtCrst&openUrl=Y,부산광역시장,"추정가격 2천만원 초과 1억원 이하 물품·용역(여성기업, 장애인기업, 사회적기업, 사회적협동조합, 자활기업, 마을기업 계약)",수의계약,2026-04-28 09:24:59,,0.08,,,,,2026-04-22,N,getCntrctInfoListThng,물품,부산광역시,45302400
R26TE14424816,물품,,R26TA0180746900,대변~죽성간 도로개설구간(7차) 상수도관 신설공사 자재구매(추가3)(KP이음관 등 2종),N,신규,,20,지방계약법 (제25조제1항5호나목),0,1299020,5,http://www.g2b.go.kr,직불,,,6260360,부산광역시 상수도사업본부 기장사업소,지방자치단체,기장사업소업무부서,김우열,051-669-5556,051-669-5559,[1^6260360^부산광역시 상수도사업본부 기장사업소^지방자치단체^기장사업소업무부서^김우열^0516695556],[1^주계약업체^단독^(주)한국산업코어^김성수^대한민국^100^(주)한국산업코어^^6068661338],https://www.g2b.go.kr/link/FIUA027_01/single/?ctrtNo=R26TA01807469&ctrtChgOrd=00&prcmBsneSeCd=조070001&srchName=ctrtCrst&openUrl=Y,부산광역시 상수도본부 기장사업소,추정가격 2천만원 이하 물품 또는 용역,수의계약,2026-04-28 09:32:19,,0.08,,,,,2026-04-28,N,getCntrctInfoListThng,물품,부산광역시 상수도사업본부 기장사업소,1299020
R26TE14425015,물품,R26TA0179031500,R26TA0179031500,냉동냉장고 등 12종 구매,N,신규,2026-04-28,30,지방계약법 (제25조제1항5호나목),0,6444300,5,http://www.g2b.go.kr,직불,,,B551542,부산교통공사,지방공기업,회계자산처,전혜경,,,[1^B551542^부산교통공사^지방공기업^회계자산처^전혜경^],[1^주계약업체^단독^원테크^김완숙^대한민국^100^원테크^^7641200112],https://www.g2b.go.kr/link/FIUA027_01/single/?ctrtNo=R26TA01790315&ctrtChgOrd=00&prcmBsneSeCd=조070001&srchName=ctrtCrst&openUrl=Y,부산교통공사사장,추정가격 2천만원 이하 물품 또는 용역,수의계약,2026-04-28 09:36:53,,0.08,,,,,2026-04-28,N,getCntrctInfoListThng,물품,부산교통공사,6444300
R26TE14425442,물품,R26TA0180614000,R26TA0180614000,청사 부설주차장 차량 진출입 램프 연석 및 계단실(도색) 수리수선,N,신규,2026-04-27,2026.04.27.~2026.05.11.,지방계약법 (제25조제1항5호나목),0,4200000,5,http://www.g2b.go.kr,직불,,,3290000,부산광역시 부산진구,지방자치단체,재무과,한영경,051-605-4151,,[1^3290000^부산광역시 부산진구^지방자치단체^재무과^한영경^0516054151],[1^주계약업체^단독^(주)흥산건설산업^강용호^대한민국^100^(주)흥산건설산업^^6058127161],https://www.g2b.go.kr/link/FIUA027_01/single/?ctrtNo=R26TA01806140&ctrtChgOrd=00&prcmBsneSeCd=조070001&srchName=ctrtCrst&openUrl=Y,부산광역시 부산진구청장,추정가격 2천만원 이하 물품 또는 용역,수의계약,2026-04-28 09:47:43,,0.13,,,,,2026-04-27,N,getCntrctInfoListThng,물품,부산광역시 부산진구,4200000
R26TE14425657,물품,,R26TA0177609500,Microsoft OVS-ES 라이선스 갱신 구매,N,신규,,2026.05.01.~2027.04.30.,국가계약법 (제27조제1항),0,73667000,10,http://www.g2b.go.kr,직불,,,Z018263,양산부산대학교병원,기타공공기관,,임희영,055-360-1139,055-360-1159,[1^Z018263^양산부산대학교병원^기타공공기관^^임희영^0553601139],[1^주계약업체^단독^주식회사 티제이앤앤에스^김지홍^대한민국^100^주식회사 티제이앤앤에스^^7698701962],https://www.g2b.go.kr/link/FIUA027_01/single/?ctrtNo=R26TA01776095&ctrtChgOrd=00&prcmBsneSeCd=조070001&srchName=ctrtCrst&openUrl=Y,양산부산대학교병원장,재공고입찰등과 수의계약,수의계약,2026-04-28 09:52:15,,0.075,,,,,2026-04-28,N,getCntrctInfoListThng,물품,양산부산대학교병원,73667000
R26TE14425658,물품,,R26TA0180762800,야적장 등 환경정비용 청소용품 구매,N,신규,,계약일로부터 28일,지방계약법 (제25조제1항5호나목),0,1600000,5,http://www.g2b.go.kr,직불,,,Z004861,부산환경공단 녹산사업소,지방공기업,운영지원팀,이승현,051-970-1411,051-970-1499,[1^Z004861^부산환경공단 녹산사업소^지방공기업^운영지원팀^이승현^0519701411],[1^주계약업체^단독^주식회사 비엔씨하이텍^조미선^대한민국^100^주식회사 비엔씨하이텍^^1278611257],https://www.g2b.go.kr/link/FIUA027_01/single/?ctrtNo=R26TA01807628&ctrtChgOrd=00&prcmBsneSeCd=조070001&srchName=ctrtCrst&openUrl=Y,녹산사업소장,추정가격 2천만원 이하 물품 또는 용역,수의계약,2026-04-28 09:52:16,,0.08,,,,,2026-04-28,N,getCntrctInfoListThng,물품,부산환경공단 녹산사업소,1600000
R26TE14425703,물품,,R26TA0180761600,명장정수장 전·후오존체류조 배오존파괴기 촉매교체-관급자재(촉매),N,신규,,,지방계약법 (제25조제1항5호라목),0,87435500,5,http://www.g2b.go.kr,직불,,,6260101,부산광역시 상수도사업본부 명장정수사업소,지방자치단체,,서정우,051-669-4702,,[1^6260101^부산광역시 상수도사업본부 명장정수사업소^지방자치단체^^서정우^0516694702],[1^주계약업체^단독^리본^차성희^대한민국^100^리본^^5151320231],https://www.g2b.go.kr/link/FIUA027_01/single/?ctrtNo=R26TA01807616&ctrtChgOrd=00&prcmBsneSeCd=조070001&srchName=ctrtCrst&openUrl=Y,상수도사업본부 명장정수사업소장,추정가격 2천만원 초과 1억원 이하 물품·용역(소기업 소상공인 계약),수의계약,2026-04-28 09:53:24,,0.08,,,,,2026-05-11,N,getCntrctInfoListThng,물품,부산광역시 상수도사업본부 명장정수사업소,87435500
R26TE14425752,물품,R26TA0180658400,R26TA0180658400,자재구입 건의[대연6동 못골로 12번길 73 황헌섭 신규(점포별)급수공사 등]_수도미터기 보호통,N,신규,2026-04-27,,지방계약법 (제25조제1항5호나목),0,14900300,5,http://www.g2b.go.kr,직불,,,6260110,부산광역시 상수도사업본부 남부사업소,지방자치단체,남부사업소 업무부서,박정용,051-669-5255,051-669-5259,[1^6260110^부산광역시 상수도사업본부 남부사업소^지방자치단체^남부사업소 업무부서^박정용^0516695255],[1^주계약업체^단독^현대특수강^이선동^대한민국^100^현대특수강^^6051629268],https://www.g2b.go.kr/link/FIUA027_01/single/?ctrtNo=R26TA01806584&ctrtChgOrd=00&prcmBsneSeCd=조070001&srchName=ctrtCrst&openUrl=Y,부산광역시상수도사업본부남부사업소장,추정가격 2천만원 이하 물품 또는 용역,수의계약,2026-04-28 09:54:30,,0.08,,,,,2026-04-27,N,getCntrctInfoListThng,물품,부산광역시 상수도사업본부 남부사업소,14900300
R26TE14425780,물품,,R26TA0180759500,덕산정수장 오존처리설비 주요부품 구매,N,신규,,,지방계약법 (제20조제1항6호),0,305764860,5,http://www.g2b.go.kr,직불,,R26BK01471306,6260000,부산광역시,지방자치단체,회계재산담당관,김주홍,051-888-2244,,[1^6260103^부산광역시 상수도사업본부 덕산정수사업소^지방자치단체^덕산정수사업소^이선우^0516694901],[1^주계약업체^단독^신신이앤지(주)^고정자^대한민국^100^신신이앤지(주)^^6068185295],https://www.g2b.go.kr/link/FIUA027_01/single/?ctrtNo=R26TA01807595&ctrtChgOrd=00&prcmBsneSeCd=조070001&srchName=ctrtCrst&openUrl=Y,부산광역시장,행정안전부령 금액 미만 본점소재지,제한경쟁,2026-04-28 09:55:10,,0.08,,,,,2026-04-28,N,getCntrctInfoListThng,물품,부산광역시 상수도사업본부 덕산정수사업소,305764860
R26TE14425904,물품,R26TA0180380200,R26TA0180380200,노포승무사업소 모의운전연습기 ups용 축전지 수선,N,신규,2026-04-27,계약일로부터 25일,지방계약법 (제25조제1항5호나목),0,10543960,5,http://www.g2b.go.kr,직불,,,B551542,부산교통공사,지방공기업,회계자산처,박진영,051-509-4206,,[1^B551542^부산교통공사^지방공기업^회계자산처^박진영^0515094206],[1^주계약업체^단독^한양테크 주식회사^한금녀^대한민국^100^한양테크 주식회사^^1548602935],https://www.g2b.go.kr/link/FIUA027_01/single/?ctrtNo=R26TA01803802&ctrtChgOrd=00&prcmBsneSeCd=조070001&srchName=ctrtCrst&openUrl=Y,부산교통공사사장,추정가격 2천만원 이하 물품 또는 용역,수의계약,2026-04-28 09:58:19,,0.08,,,,,2026-04-27,N,getCntrctInfoListThng,물품,부산교통공사,10543960
R26TE14426137,물품,R26TA0178724600,R26TA0178724600,진단검사의학과 혈소판 자동응집 측정장치 1SET 구입(설치),N,신규,2026-04-29,계약체결일로부터 90일,국가계약법 (제26조제1항5호가2목),0,22000000,10,http://www.g2b.go.kr,직불,,,B550554,부산대학교병원,기타공공기관,물류관리팀,권송이,,,[1^B550554^부산대학교병원^기타공공기관^물류관리팀^권송이^],[1^주계약업체^단독^(주) 케이비엠약품^김병유^대한민국^100^(주) 케이비엠약품^^1088169618],https://www.g2b.go.kr/link/FIUA027_01/single/?ctrtNo=R26TA01787246&ctrtChgOrd=00&prcmBsneSeCd=조070001&srchName=ctrtCrst&openUrl=Y,부산대학교병원장,추정가격 2천만원 이하 물품 또는 용역,수의계약,2026-04-28 10:03:32,,0.075,,,,,2026-04-29,N,getCntrctInfoListThng,물품,부산대학교병원,22000000
R26TE14426349,물품,,R25TA0127319501,2026년 가성소다 25% 톤당 연간 단가계약,N,신규,,,지방계약법 (제2조의2제1항2호),0,168423670,5,http://www.g2b.go.kr,직불,,R25BK01216323,B552625,부산환경공단,지방공기업,기획재정처,류성균,,,[1^B552625^부산환경공단^지방공기업^기획재정처^류성균^],[1^주계약업체^단독^더솜코리아^김소미^대한민국^100^더솜코리아^^4416200489],https://www.g2b.go.kr/link/FIUA027_01/single/?ctrtNo=R25TA01273195&ctrtChgOrd=01&prcmBsneSeCd=조070001&srchName=ctrtCrst&openUrl=Y,부산환경공단이사장,"[판로지원법 시행령] 중기업,소기업,소상공인 제한",제한경쟁,2026-04-28 10:08:41,,0.08,,,,,2026-04-28,N,getCntrctInfoListThng,물품,부산환경공단,168423670
R26TE14426461,물품,,R26TA0180786500,터널관리팀 업무용 신규차량 안전장치 구매·설치,N,신규,,,지방계약법 (제25조제1항5호나목),0,14850000,5,http://www.g2b.go.kr,직불,,,B552587,부산시설공단,지방공기업,재무회계팀,진애경,051-860-7682,051-860-7619,[1^B552587^부산시설공단^지방공기업^재무회계팀^진애경^0518607682],[1^주계약업체^단독^남웅전자^김종학^대한민국^100^남웅전자^^6050981266],https://www.g2b.go.kr/link/FIUA027_01/single/?ctrtNo=R26TA01807865&ctrtChgOrd=00&prcmBsneSeCd=조070001&srchName=ctrtCrst&openUrl=Y,부산시설공단,추정가격 2천만원 이하 물품 또는 용역,수의계약,2026-04-28 10:11:43,,0.08,,,,,2026-04-30,N,getCntrctInfoListThng,물품,부산시설공단,14850000
R26TE14426523,물품,R26TA0180225700,R26TA0180225700,(소액수의)태안 319함 등 3척 및 예비품 일반자재(스프링와샤 등 21종) 구매,N,신규,2026-04-27,26.04.27~26.05.04,국가계약법 (제26조제1항5호가2목),0,10755500,10,http://www.g2b.go.kr,직불,R26DC00200318,R26BK01473583,1532883,해양경찰청 해양경찰정비창 해양경찰부산정비창,국가기관,기획운영과,박규찬,051-419-2239,051-419-2318,[1^1532883^해양경찰청 해양경찰정비창 해양경찰부산정비창^국가기관^기획운영과^박규찬^0514192239],[1^주계약업체^단독^(주) 더 마린 코리아^김정문^대한민국^100^(주) 더 마린 코리아^^2578803066],https://www.g2b.go.kr/link/FIUA027_01/single/?ctrtNo=R26TA01802257&ctrtChgOrd=00&prcmBsneSeCd=조070001&srchName=ctrtCrst&openUrl=Y,해양경찰부산정비창,추정가격 2천만원 이하 물품 또는 용역,수의계약,2026-04-28 10:13:10,,0.075,,,,,2026-04-27,N,getCntrctInfoListThng,물품,해양경찰청 해양경찰정비창 해양경찰부산정비창,10755500
R26TE14426640,물품,R26TA0179974000,R26TA0179974000,물품 구매요청[부산교대부설초 어린이보호구역 일원 노란신호등 교체],N,신규,2026-04-27,,지방계약법 (제25조제1항5호나목),0,8550000,0,http://www.g2b.go.kr,직불,,,3370000,부산광역시 연제구,지방자치단체,재무과,양수현,051-665-4144,051-665-4149,[1^3370000^부산광역시 연제구^지방자치단체^재무과^양수현^0516654144],[1^주계약업체^단독^주식회사 한빛엔지니어링^노승훈^대한민국^100^주식회사 한빛엔지니어링^^6648103571],https://www.g2b.go.kr/link/FIUA027_01/single/?ctrtNo=R26TA01799740&ctrtChgOrd=00&prcmBsneSeCd=조070001&srchName=ctrtCrst&openUrl=Y,연제구청장,추정가격 2천만원 이하 물품 또는 용역,수의계약,2026-04-28 10:15:49,,0.08,,,,,2026-04-27,N,getCntrctInfoListThng,물품,부산광역시 연제구,8550000
R26TE14426695,물품,R26TA0178617800,R26TA0178617800,양산선 3공구 건축공사 안내표지 제작설치,N,신규,2026-04-27,,지방계약법 (제20조제1항8호),0,223169000,5,http://www.g2b.go.kr,직불,,R26BK01441922,B551542,부산교통공사,지방공기업,회계자산처,박미정,051-640-7248,051-640-7255,[1^B551542^부산교통공사^지방공기업^회계자산처^박미정^0516407248],[1^주계약업체^단독^주식회사 나누리^지민안^대한민국^100^주식회사 나누리^^6098609215],https://www.g2b.go.kr/link/FIUA027_01/single/?ctrtNo=R26TA01786178&ctrtChgOrd=00&prcmBsneSeCd=조070001&srchName=ctrtCrst&openUrl=Y,부산교통공사사장,중소벤처기업부장관이 지정 공고한 물품,제한경쟁,2026-04-28 10:17:05,,0.08,,,,,2026-04-27,N,getCntrctInfoListThng,물품,부산교통공사,223169000
R26TE14426878,물품,R26TA0180580000,R26TA0180580000,1호선 신형 전동차 객실 배기댐퍼용 댐퍼모터 등 3종 구매,N,신규,2026-04-28,,지방계약법 (제25조제1항5호나목),0,4618000,5,http://www.g2b.go.kr,직불,,,B551542,부산교통공사,지방공기업,회계자산처,유다예,,,[1^B551542^부산교통공사^지방공기업^회계자산처^유다예^],[1^주계약업체^단독^우진전기공업^임효진^대한민국^100^우진전기공업^^1211359619],https://www.g2b.go.kr/link/FIUA027_01/single/?ctrtNo=R26TA01805800&ctrtChgOrd=00&prcmBsneSeCd=조070001&srchName=ctrtCrst&openUrl=Y,부산교통공사사장,추정가격 2천만원 이하 물품 또는 용역,수의계약,2026-04-28 10:21:42,,0.08,,,,,2026-04-28,N,getCntrctInfoListThng,물품,부산교통공사,4618000
R26TE14426973,물품,,R26TA0180591100,본관 3층 내부정비 공사 관급자재 구매,N,신규,,계약일~2026.5.15.,지방계약법 (제25조제1항5호나목),0,12070000,5,http://www.g2b.go.kr,직불,,,3350000,부산광역시 금정구,지방자치단체,재무과,박소정,051-519-4144,051-519-4149,[1^3350000^부산광역시 금정구^지방자치단체^재무과^박소정^0515194144],[1^주계약업체^단독^주식회사 삼육공영^김태희^대한민국^100^주식회사 삼육공영^^6078156473],https://www.g2b.go.kr/link/FIUA027_01/single/?ctrtNo=R26TA01805911&ctrtChgOrd=00&prcmBsneSeCd=조070001&srchName=ctrtCrst&openUrl=Y,금정구청장,추정가격 2천만원 이하 물품 또는 용역,수의계약,2026-04-28 10:23:55,,0.08,,,,,2026-04-28,N,getCntrctInfoListThng,물품,부산광역시 금정구,12070000
R26TE14427330,물품,,R26TA0180832600,[분포]2026년 5차 정기도서 구입,N,신규,,,지방계약법 (제25조제1항5호나목),0,5002830,5,http://www.g2b.go.kr,직불,,,3310000,부산광역시 남구,지방자치단체,재무과,이나라,051-607-4148,051-607-4149,[1^3310000^부산광역시 남구^지방자치단체^재무과^이나라^0516074148],[1^주계약업체^단독^동천서점^김수욱^대한민국^100^동천서점^^6179039473],https://www.g2b.go.kr/link/FIUA027_01/single/?ctrtNo=R26TA01808326&ctrtChgOrd=00&prcmBsneSeCd=조070001&srchName=ctrtCrst&openUrl=Y,부산광역시남구청,추정가격 2천만원 이하 물품 또는 용역,수의계약,2026-04-28 10:32:13,,0.08,,,,,2026-04-28,N,getCntrctInfoListThng,물품,부산광역시 남구,5002830
R26TE14427379,물품,R26TA0180727400,R26TA0180727400,2026년 해운대해수욕장 모래 투입 사업,N,신규,2026-04-28,,지방계약법 (제25조제1항5호라목),0,69969690,5,http://www.g2b.go.kr,직불,,R26BK01474569,3330238,부산광역시 해운대구 관광시설사업소,지방자치단체,,최현진,051-749-7614,051-749-7619,[1^3330238^부산광역시 해운대구 관광시설사업소^지방자치단체^^최현진^0517497614],[1^주계약업체^단독^지우민^박광진^대한민국^100^지우민^^2515700086],https://www.g2b.go.kr/link/FIUA027_01/single/?ctrtNo=R26TA01807274&ctrtChgOrd=00&prcmBsneSeCd=조070001&srchName=ctrtCrst&openUrl=Y,관광시설사업소장,추정가격 2천만원 초과 1억원 이하 물품·용역(소기업 소상공인 계약),수의계약,2026-04-28 10:33:11,,0.08,,,,,2026-04-28,N,getCntrctInfoListThng,물품,부산광역시 해운대구 관광시설사업소,69969690
R26TE14427504,물품,R26TA0164148601,R26TA0164148601,도로보수 작업차량용 충격완화장치 구입,N,신규,2026-04-09,,지방계약법 (제25조제1항6호라3목),0,29250000,5,http://www.g2b.go.kr,직불,,,3360000,부산광역시 강서구,지방자치단체,재무과,송혜미,051-970-4834,051-970-4149,[1^3360000^부산광역시 강서구^지방자치단체^재무과^송혜미^0519704834],[1^주계약업체^단독^주식회사 두리안컴퍼니^최다현^대한민국^100^주식회사 두리안컴퍼니^^4898602340],https://www.g2b.go.kr/link/FIUA027_01/single/?ctrtNo=R26TA01641486&ctrtChgOrd=01&prcmBsneSeCd=조070001&srchName=ctrtCrst&openUrl=Y,강서구청장,NEP인증제품,수의계약,2026-04-28 10:36:07,,0.08,,,,,2026-04-09,N,getCntrctInfoListThng,물품,부산광역시 강서구,29250000
R26TE14427612,물품,R26TA0180053500,R26TA0180053500,음식물자원화시설 배수펌프 등 15종 구매,N,신규,2026-04-24,,지방계약법 (제25조제1항5호나목),0,5368000,5,http://www.g2b.go.kr,직불,,,Z046535,부산환경공단 생곡사업단,지방공기업,생곡사업단,권진순,051-760-3224,051-760-3219,[1^Z046535^부산환경공단 생곡사업단^지방공기업^생곡사업단^손성욱^0513097124],[1^주계약업체^단독^에스케이 TM^임선경^대한민국^100^에스케이 TM^^6062444933],https://www.g2b.go.kr/link/FIUA027_01/single/?ctrtNo=R26TA01800535&ctrtChgOrd=00&prcmBsneSeCd=조070001&srchName=ctrtCrst&openUrl=Y,부산환경공단 생곡사업단장,추정가격 2천만원 이하 물품 또는 용역,수의계약,2026-04-28 10:38:38,,0.08,,,,,2026-04-24,N,getCntrctInfoListThng,물품,부산환경공단 생곡사업단,5368000
R26TE14427797,물품,R26TA0178820900,R26TA0178820900,하이브리드 궤도모터카 연축전지 구매 설치,N,신규,2026-04-28,,지방계약법 (제25조제1항5호라목),0,55529990,5,http://www.g2b.go.kr,직불,,R26BK01453595,B551542,부산교통공사,지방공기업,회계자산처,박미정,051-640-7248,051-640-7255,[1^B551542^부산교통공사^지방공기업^회계자산처^박미정^0516407248],[1^주계약업체^단독^탑민트^경영아^대한민국^100^탑민트^^4595900777],https://www.g2b.go.kr/link/FIUA027_01/single/?ctrtNo=R26TA01788209&ctrtChgOrd=00&prcmBsneSeCd=조070001&srchName=ctrtCrst&openUrl=Y,부산교통공사사장,추정가격 2천만원 초과 1억원 이하 물품·용역(소기업 소상공인 계약),수의계약,2026-04-28 10:41:53,,0.08,,,,,2026-04-28,N,getCntrctInfoListThng,물품,부산교통공사,55529990
R26TE14427873,물품,R26TA0180170800,R26TA0180170800,정관사업소 노후 및 안전표지판 구매,N,신규,2026-04-28,,지방계약법 (제25조제1항5호나목),0,2596000,5,http://www.g2b.go.kr,직불,,,Z019541,부산환경공단 정관사업소,지방공기업,관리팀,김형열,051-712-3511,051-712-3599,[1^Z019541^부산환경공단 정관사업소^지방공기업^관리팀^김형열^0517123511],[1^주계약업체^단독^가꿈복지 직업재활시설^석진숙^대한민국^100^가꿈복지 직업재활시설^^4308200075],https://www.g2b.go.kr/link/FIUA027_01/single/?ctrtNo=R26TA01801708&ctrtChgOrd=00&prcmBsneSeCd=조070001&srchName=ctrtCrst&openUrl=Y,부산환경공단 정관사업소장,추정가격 2천만원 이하 물품 또는 용역,수의계약,2026-04-28 10:43:47,,0.08,,,,,2026-04-28,N,getCntrctInfoListThng,물품,부산환경공단 정관사업소,2596000
R26TE14427921,물품,R26TA0178627600,R26TA0178627600,2026년 전국장애학생(소년)체전 서포터즈 활동지원 물품 제작,N,신규,2026-04-22,2026.4.22.~2026.5.8.,지방계약법 (제25조제1항5호바목),0,45302400,5,http://www.g2b.go.kr,직불,,,6260000,부산광역시,지방자치단체,회계재산담당관,정다은,051-888-2237,051-888-2249,[1^6260000^부산광역시^지방자치단체^회계재산담당관^정다은^0518882237],[1^주계약업체^단독^트윈스돌^김명실^대한민국^100^트윈스돌^^6531400441],https://www.g2b.go.kr/link/FIUA027_01/single/?ctrtNo=R26TA01786276&ctrtChgOrd=00&prcmBsneSeCd=조070001&srchName=ctrtCrst&openUrl=Y,부산광역시장,"추정가격 2천만원 초과 1억원 이하 물품·용역(여성기업, 장애인기업, 사회적기업, 사회적협동조합, 자활기업, 마을기업 계약)",수의계약,2026-04-28 10:45:00,,0.08,,,,,2026-04-22,N,getCntrctInfoListThng,물품,부산광역시,45302400
R26TE14427956,물품,R26TA0180325700,R26TA0180325700,부산대학교 대학생활원 밀양분원 2026. 5월분 육류 구매 수의계약 견적 제출 공고,N,신규,2026-04-28,2026.05.01.~05.31.,국가계약법 (제26조제1항5호가2목),0,9664000,10,http://www.g2b.go.kr,직불,,R26BK01472024,C080064,부산대학교 대학생활원 밀양캠퍼스분원,기타기관,대학생활원밀양분원,박민수,055-350-5703,055-350-5708,[1^C080064^부산대학교 대학생활원 밀양캠퍼스분원^기타기관^대학생활원밀양분원^박민수^0553505703],[1^주계약업체^단독^주식회사 명성유통^유제문^대한민국^100^주식회사 명성유통^^6098188710],https://www.g2b.go.kr/link/FIUA027_01/single/?ctrtNo=R26TA01803257&ctrtChgOrd=00&prcmBsneSeCd=조070001&srchName=ctrtCrst&openUrl=Y,부산대학교대학생활원밀양캠퍼스분원장,추정가격 2천만원 이하 물품 또는 용역,수의계약,2026-04-28 10:45:52,,0.15,,,,,2026-04-28,N,getCntrctInfoListThng,물품,부산대학교 대학생활원 밀양캠퍼스분원,9664000
R26TE14428102,물품,R26TA0179719100,R26TA0179719100,부산보훈병원 결핵균배양검사장비 무상임대 조건부 검사시약 구입,N,신규,2026-04-28,2026.10.01.~2031.09.30.,국가계약법 (제10조제1항),0,144876700,10,http://www.g2b.go.kr,직불,,R26BK01454042,Z003087,한국보훈복지의료공단 부산보훈병원,준정부기관,x,이숙경,051-601-6095,051-601-6099,[1^Z003087^한국보훈복지의료공단 부산보훈병원^준정부기관^x^이숙경^0516016095],[1^주계약업체^단독^(주)신양화학^홍종식^대한민국^100^(주)신양화학^^6078109650],https://www.g2b.go.kr/link/FIUA027_01/single/?ctrtNo=R26TA01797191&ctrtChgOrd=00&prcmBsneSeCd=조070001&srchName=ctrtCrst&openUrl=Y,부산보훈병원장,경쟁은 입찰의 방법으로 행함,일반경쟁,2026-04-28 10:49:12,,0.075,,,,,2026-04-28,N,getCntrctInfoListThng,물품,한국보훈복지의료공단 부산보훈병원,144876700
R26TE14428110,물품,R26TA0180591100,R26TA0180591100,본관 3층 내부정비 공사 관급자재 구매,N,신규,2026-04-28,계약일~2026.5.15.,지방계약법 (제25조제1항5호나목),0,12070000,5,http://www.g2b.go.kr,직불,,,3350000,부산광역시 금정구,지방자치단체,재무과,박소정,051-519-4144,051-519-4149,[1^3350000^부산광역시 금정구^지방자치단체^재무과^박소정^0515194144],[1^주계약업체^단독^주식회사 삼육공영^김태희^대한민국^100^주식회사 삼육공영^^6078156473],https://www.g2b.go.kr/link/FIUA027_01/single/?ctrtNo=R26TA01805911&ctrtChgOrd=00&prcmBsneSeCd=조070001&srchName=ctrtCrst&openUrl=Y,금정구청장,추정가격 2천만원 이하 물품 또는 용역,수의계약,2026-04-28 10:49:17,,0.08,,,,,2026-04-28,N,getCntrctInfoListThng,물품,부산광역시 금정구,12070000
R26TE14428150,물품,R26TA0180746900,R26TA0180746900,대변~죽성간 도로개설구간(7차) 상수도관 신설공사 자재구매(추가3)(KP이음관 등 2종),N,신규,2026-04-28,20,지방계약법 (제25조제1항5호나목),0,1299020,5,http://www.g2b.go.kr,직불,,,6260360,부산광역시 상수도사업본부 기장사업소,지방자치단체,기장사업소업무부서,김우열,051-669-5556,051-669-5559,[1^6260360^부산광역시 상수도사업본부 기장사업소^지방자치단체^기장사업소업무부서^김우열^0516695556],[1^주계약업체^단독^(주)한국산업코어^김성수^대한민국^100^(주)한국산업코어^^6068661338],https://www.g2b.go.kr/link/FIUA027_01/single/?ctrtNo=R26TA01807469&ctrtChgOrd=00&prcmBsneSeCd=조070001&srchName=ctrtCrst&openUrl=Y,부산광역시 상수도본부 기장사업소,추정가격 2천만원 이하 물품 또는 용역,수의계약,2026-04-28 10:50:18,,0.08,,,,,2026-04-28,N,getCntrctInfoListThng,물품,부산광역시 상수도사업본부 기장사업소,1299020
R26TE14428203,물품,,R26TA0180859600,수경아스콘 구입,N,신규,,,지방계약법 (제25조제1항5호나목),0,17820000,5,http://www.g2b.go.kr,직불,,,3360000,부산광역시 강서구,지방자치단체,재무과,송혜미,051-970-4834,051-970-4149,[1^3360000^부산광역시 강서구^지방자치단체^재무과^송혜미^0519704834],[1^주계약업체^단독^미래^박준오^대한민국^100^미래^^6031125198],https://www.g2b.go.kr/link/FIUA027_01/single/?ctrtNo=R26TA01808596&ctrtChgOrd=00&prcmBsneSeCd=조070001&srchName=ctrtCrst&openUrl=Y,강서구청장,추정가격 2천만원 이하 물품 또는 용역,수의계약,2026-04-28 10:51:17,,0.08,,,,,2026-04-28,N,getCntrctInfoListThng,물품,부산광역시 강서구,17820000
R26TE14428312,물품,R26TA0180686500,R26TA0180686500,대저2동 설만길 143 급수불편해소공사 외 자재(PFP직관 외 12종),N,신규,2026-04-27,,지방계약법 (제25조제1항5호나목),0,18587730,5,http://www.g2b.go.kr,직불,,,6260115,부산광역시 상수도사업본부 강서사업소,지방자치단체,업무부서,정성오,,,[1^6260115^부산광역시 상수도사업본부 강서사업소^지방자치단체^업무부서^정성오^],[1^주계약업체^단독^(주)동광파이프^김혜민^대한민국^100^(주)동광파이프^^6038133269],https://www.g2b.go.kr/link/FIUA027_01/single/?ctrtNo=R26TA01806865&ctrtChgOrd=00&prcmBsneSeCd=조070001&srchName=ctrtCrst&openUrl=Y,부산시 상수도본부 강서사업소장,추정가격 2천만원 이하 물품 또는 용역,수의계약,2026-04-28 10:53:44,,0.08,,,,,2026-04-27,N,getCntrctInfoListThng,물품,부산광역시 상수도사업본부 강서사업소,18587730
R26TE14428357,물품,R26TA0180687000,R26TA0180687000,대저2동 유통단지로58번길 48 급수불편해소공사 외 자재(PFP직관 외 5종),N,신규,2026-04-27,,지방계약법 (제25조제1항5호나목),0,18858000,5,http://www.g2b.go.kr,직불,,,6260115,부산광역시 상수도사업본부 강서사업소,지방자치단체,업무부서,정성오,,,[1^6260115^부산광역시 상수도사업본부 강서사업소^지방자치단체^업무부서^정성오^],[1^주계약업체^단독^(주)동광파이프^김혜민^대한민국^100^(주)동광파이프^^6038133269],https://www.g2b.go.kr/link/FIUA027_01/single/?ctrtNo=R26TA01806870&ctrtChgOrd=00&prcmBsneSeCd=조070001&srchName=ctrtCrst&openUrl=Y,부산시 상수도본부 강서사업소장,추정가격 2천만원 이하 물품 또는 용역,수의계약,2026-04-28 10:54:35,,0.08,,,,,2026-04-27,N,getCntrctInfoListThng,물품,부산광역시 상수도사업본부 강서사업소,18858000
R26TE14428803,물품,,R26TA0180849800,동궁초등학교 다목적강당 무대장치 제작 설치,N,신규,,2027/03/15,지방계약법 (제20조제1항8호),0,176423390,5,http://www.g2b.go.kr,대지급,R26DC00192040,R26BK01469445,1230130,조달청 부산지방조달청,국가기관,경영관리과,임명근,070-4056-6578,050-5730-1935,[1^7201000^부산광역시교육청 부산광역시북부교육지원청^교육기관^학교지원과^서유미^0513301353],[1^주계약업체^단독^(주) 유니스 디^서광설^대한민국^100^(주) 유니스 디^^6218122630],https://www.g2b.go.kr/link/FIUA027_01/single/?ctrtNo=R26TA01808498&ctrtChgOrd=00&prcmBsneSeCd=조070001&srchName=ctrtCrst&openUrl=Y,대한민국정부부산지방조달청장,중소벤처기업부장관이 지정 공고한 물품,제한경쟁,2026-04-28 11:05:10,,0.08,,,,,2026-04-28,N,getCntrctInfoListThng,물품,부산광역시교육청 부산광역시북부교육지원청,176423390
R26TE14428814,물품,R25TA0123205100,R25TA0123205100,2026학년도 대연고등학교 신입생 체육복 학교주관 구매 ,N,신규,2025-12-30,,지방계약법 (제7조의2제2항1호),0,12816000,5,http://www.g2b.go.kr,직불,,R25BK01178799,7150129,부산광역시교육청 대연고등학교,기타기관,행정실,최원웅,051-625-8115,051-611-4887,[1^7150129^부산광역시교육청 대연고등학교^기타기관^행정실^최원웅^0516258115],[1^주계약업체^단독^하나스포츠^이창섭^대한민국^100^하나스포츠^^1852901596],https://www.g2b.go.kr/link/FIUA027_01/single/?ctrtNo=R25TA01232051&ctrtChgOrd=00&prcmBsneSeCd=조070001&srchName=ctrtCrst&openUrl=Y,대연고등학교장,"[판로지원법] 중기간경쟁제품 소기업 소상공인 제한경쟁, 공동사업",제한경쟁,2026-04-28 11:05:36,,0.08,,,,,2025-12-30,N,getCntrctInfoListThng,물품,부산광역시교육청 대연고등학교,12816000
R26TE14428912,물품,,R26TA0180877500,SW·AI교육거점센터 관급자재(수배전반) 제작 설치,N,신규,,,지방계약법 (제25조제1항7호의2나목),0,318582000,5,http://www.g2b.go.kr,직불,,,7150000,부산광역시교육청,지방자치단체,부산광역시교육청,김지민,051-860-0745,,[1^7150000^부산광역시교육청^지방자치단체^부산광역시교육청^김지민^0518600745],[1^주계약업체^단독^(사)골든장애인협회사업단^류재오^대한민국^100^(사)골든장애인협회사업단^^6618200228],https://www.g2b.go.kr/link/FIUA027_01/single/?ctrtNo=R26TA01808775&ctrtChgOrd=00&prcmBsneSeCd=조070001&srchName=ctrtCrst&openUrl=Y,부산광역시교육감,중증장애인생산품,수의계약,2026-04-28 11:08:11,,0.08,,,,,2026-04-28,N,getCntrctInfoListThng,물품,부산광역시교육청,318582000
R26TE14429085,물품,,R26TA0180886800,임상심리실 냉난방기 구매(설치),N,신규,,,국가계약법 (제26조제1항5호가2목),0,1540000,10,http://www.g2b.go.kr,직불,,,1300772,병무청 부산울산지방병무청,국가기관,운영지원과,국민정,051-667-5294,051-667-5113,[1^1300772^병무청 부산울산지방병무청^국가기관^운영지원과^국민정^0516675294],[1^주계약업체^단독^(주)석경^심채영^대한민국^100^(주)석경^^1788100049],https://www.g2b.go.kr/link/FIUA027_01/single/?ctrtNo=R26TA01808868&ctrtChgOrd=00&prcmBsneSeCd=조070001&srchName=ctrtCrst&openUrl=Y,부산울산지방병무청장,추정가격 2천만원 이하 물품 또는 용역,수의계약,2026-04-28 11:12:34,,0.075,,,,,2026-04-28,N,getCntrctInfoListThng,물품,병무청 부산울산지방병무청,1540000
R26TE14429129,물품,,20212302A9402,부산보훈병원 결핵균배양장비 임대 조건부 시약재료 구입 입찰,N,신규,,2021.04.01~2026.09.30.,국가계약법 (제10조제1항),0,102024990,10,http://www.g2b.go.kr,직불,,20210340814,Z003087,한국보훈복지의료공단 부산보훈병원,준정부기관,x,이숙경,051-601-6095,051-601-6099,[1^Z003087^한국보훈복지의료공단 부산보훈병원^준정부기관^x^이숙경^0516016095],[1^주계약업체^단독^(주)신양화학^홍종식^대한민국^100^(주)신양화학^^6078109650],https://www.g2b.go.kr/link/FIUA027_01/single/?ctrtNo=20212302A94_1&ctrtChgOrd=02&prcmBsneSeCd=조070001&srchName=ctrtCrst&openUrl=Y,부산보훈병원장,경쟁은 입찰의 방법으로 행함,일반경쟁,2026-04-28 11:13:45,,0.075,,,,,2026-04-29,N,getCntrctInfoListThng,물품,한국보훈복지의료공단 부산보훈병원,102024990
R26TE14429271,물품,R26TA0180832600,R26TA0180832600,[분포]2026년 5차 정기도서 구입,N,신규,2026-04-28,,지방계약법 (제25조제1항5호나목),0,5002830,5,http://www.g2b.go.kr,직불,,,3310000,부산광역시 남구,지방자치단체,재무과,이나라,051-607-4148,051-607-4149,[1^3310000^부산광역시 남구^지방자치단체^재무과^이나라^0516074148],[1^주계약업체^단독^동천서점^김수욱^대한민국^100^동천서점^^6179039473],https://www.g2b.go.kr/link/FIUA027_01/single/?ctrtNo=R26TA01808326&ctrtChgOrd=00&prcmBsneSeCd=조070001&srchName=ctrtCrst&openUrl=Y,부산광역시남구청,추정가격 2천만원 이하 물품 또는 용역,수의계약,2026-04-28 11:16:59,,0.08,,,,,2026-04-28,N,getCntrctInfoListThng,물품,부산광역시 남구,5002830
R26TE14429371,물품,R26TA0178774100,R26TA0178774100,호흡기중환자실 침상용 체중측정계 1SET 구입(설치),N,신규,2026-04-29,계약체결일로부터 90일,국가계약법 (제26조제1항5호가2목),0,13800000,10,http://www.g2b.go.kr,직불,,,B550554,부산대학교병원,기타공공기관,물류관리팀,권송이,,,[1^B550554^부산대학교병원^기타공공기관^물류관리팀^권송이^],[1^주계약업체^단독^보성메디케어^구기덕^대한민국^100^보성메디케어^^6030938370],https://www.g2b.go.kr/link/FIUA027_01/single/?ctrtNo=R26TA01787741&ctrtChgOrd=00&prcmBsneSeCd=조070001&srchName=ctrtCrst&openUrl=Y,부산대학교병원장,추정가격 2천만원 이하 물품 또는 용역,수의계약,2026-04-28 11:19:08,,0.075,,,,,2026-04-29,N,getCntrctInfoListThng,물품,부산대학교병원,13800000
R26TE14429409,물품,,R25TA0123205101,2026학년도 대연고등학교 신입생 체육복 학교주관 구매 ,N,신규,,,지방계약법 (제7조의2제2항1호),0,10680000,5,http://www.g2b.go.kr,직불,,R25BK01178799,7150129,부산광역시교육청 대연고등학교,기타기관,행정실,최원웅,051-625-8115,051-611-4887,[1^7150129^부산광역시교육청 대연고등학교^기타기관^행정실^최원웅^0516258115],[1^주계약업체^단독^하나스포츠^이창섭^대한민국^100^하나스포츠^^1852901596],https://www.g2b.go.kr/link/FIUA027_01/single/?ctrtNo=R25TA01232051&ctrtChgOrd=01&prcmBsneSeCd=조070001&srchName=ctrtCrst&openUrl=Y,대연고등학교장,"[판로지원법] 중기간경쟁제품 소기업 소상공인 제한경쟁, 공동사업",제한경쟁,2026-04-28 11:20:12,,0.08,,,,,2026-04-29,N,getCntrctInfoListThng,물품,부산광역시교육청 대연고등학교,10680000
R26TE14429522,물품,,R26TA0180878300,2026년 헌혈장려 상품권 구매(상반기),N,신규,,,지방계약법 (제25조제1항5호나목),0,2500000,5,http://www.g2b.go.kr,직불,,,3330024,부산광역시 해운대구 보건소,지방자치단체,보건행정과,이수현,051-749-7505,051-749-4799,[1^3330024^부산광역시 해운대구 보건소^지방자치단체^보건행정과^이수현^0517497505],[1^주계약업체^단독^주식회사 쿠링^김지현^대한민국^100^주식회사 쿠링^^8458701247],https://www.g2b.go.kr/link/FIUA027_01/single/?ctrtNo=R26TA01808783&ctrtChgOrd=00&prcmBsneSeCd=조070001&srchName=ctrtCrst&openUrl=Y,해운대구보건소장,추정가격 2천만원 이하 물품 또는 용역,수의계약,2026-04-28 11:23:31,,0.08,,,,,2026-04-28,N,getCntrctInfoListThng,물품,부산광역시 해운대구 보건소,2500000
R26TE14429670,물품,R26TA0180280200,R26TA0180280200,실시간 무선온도 감시시스템 구매 설치,N,신규,2026-04-28,,지방계약법 (제25조제1항5호나목),0,3300000,5,http://www.g2b.go.kr,직불,,,Z008248,부산환경공단 남부사업소,지방공기업,남부사업소 운영지원팀,차기철,051-713-0123,051-625-1062,[1^Z008248^부산환경공단 남부사업소^지방공기업^남부사업소 운영지원팀^차기철^0517130123],[1^주계약업체^단독^주식회사 엘시그니처^이원태^대한민국^100^주식회사 엘시그니처^^3338701308],https://www.g2b.go.kr/link/FIUA027_01/single/?ctrtNo=R26TA01802802&ctrtChgOrd=00&prcmBsneSeCd=조070001&srchName=ctrtCrst&openUrl=Y,부산환경공단 남부사업소장,추정가격 2천만원 이하 물품 또는 용역,수의계약,2026-04-28 11:27:31,,0.08,,,,,2026-04-28,N,getCntrctInfoListThng,물품,부산환경공단 남부사업소,3300000
R26TE14429737,물품,,R26TA0180878300,2026년 헌혈장려 상품권 구매(상반기),N,신규,,,지방계약법 (제25조제1항5호나목),0,2500000,5,http://www.g2b.go.kr,직불,,,3330024,부산광역시 해운대구 보건소,지방자치단체,보건행정과,이수현,051-749-7505,051-749-4799,[1^3330024^부산광역시 해운대구 보건소^지방자치단체^보건행정과^이수현^0517497505],[1^주계약업체^단독^주식회사 쿠링^김지현^대한민국^100^주식회사 쿠링^^8458701247],https://www.g2b.go.kr/link/FIUA027_01/single/?ctrtNo=R26TA01808783&ctrtChgOrd=00&prcmBsneSeCd=조070001&srchName=ctrtCrst&openUrl=Y,해운대구보건소장,추정가격 2천만원 이하 물품 또는 용역,수의계약,2026-04-28 11:29:18,,0.08,,,,,2026-04-28,N,getCntrctInfoListThng,물품,부산광역시 해운대구 보건소,2500000
R26TE14429838,물품,,R26TA0180909100,1호선 신형 전동차 견인모터 구동축 커버용 오링 등 8종 구매,N,신규,,,지방계약법 (제25조제1항5호나목),0,9939000,5,http://www.g2b.go.kr,직불,,,B551542,부산교통공사,지방공기업,회계자산처,유다예,,,[1^B551542^부산교통공사^지방공기업^회계자산처^유다예^],[1^주계약업체^단독^삼성철물종합상사^성연식^대한민국^100^삼성철물종합상사^^6051065151],https://www.g2b.go.kr/link/FIUA027_01/single/?ctrtNo=R26TA01809091&ctrtChgOrd=00&prcmBsneSeCd=조070001&srchName=ctrtCrst&openUrl=Y,부산교통공사사장,추정가격 2천만원 이하 물품 또는 용역,수의계약,2026-04-28 11:31:58,,0.08,,,,,2026-04-29,N,getCntrctInfoListThng,물품,부산교통공사,9939000
R26TE14430015,물품,R26TA0177381200,R26TA0177381200,2026년 사무용 소프트웨어 MS OVS-ES 라이선스 구매,N,신규,2026-04-28,2026.05.15.~2027.05.14.,국가계약법 (제27조제1항),0,132401500,10,http://www.g2b.go.kr,직불,,,B550554,부산대학교병원,기타공공기관,물류관리팀,백승덕,051-240-7475,051-240-7578,[1^B550554^부산대학교병원^기타공공기관^물류관리팀^백승덕^0512407475],[1^주계약업체^단독^주식회사 티제이앤앤에스^김지홍^대한민국^100^주식회사 티제이앤앤에스^^7698701962],https://www.g2b.go.kr/link/FIUA027_01/single/?ctrtNo=R26TA01773812&ctrtChgOrd=00&prcmBsneSeCd=조070001&srchName=ctrtCrst&openUrl=Y,부산대학교병원장,재공고입찰등과 수의계약,수의계약,2026-04-28 11:37:38,,0.075,,,,,2026-04-28,N,getCntrctInfoListThng,물품,부산대학교병원,132401500
R26TE14430070,물품,,R25TA0088296602,"2025년 부산권 임대주택 조명기구 구매(안락4, 지사)",N,신규,,20260404,국가계약법 (제22조의3제3항),0,1029234740,5,http://www.g2b.go.kr,대지급,R25DC00097139,R25BK01036673,1230130,조달청 부산지방조달청,국가기관,경영관리과,김동건,070-4056-6545,050-5730-1830,[1^D168321^한국토지주택공사 부산울산지역본부^공기업^경영지원팀^박지홍^],[1^주계약업체^단독^사단법인 꿈드래장애인협회^하태복^대한민국^100^사단법인 꿈드래장애인협회^^4028212917],https://www.g2b.go.kr/link/FIUA027_01/single/?ctrtNo=R25TA00882966&ctrtChgOrd=02&prcmBsneSeCd=조070001&srchName=ctrtCrst&openUrl=Y,대한민국정부부산지방조달청장,[장애인고용법] 장애인표준사업장 생산품,수의계약,2026-04-28 11:39:29,,0.075,,,,,2026-04-28,N,getCntrctInfoListThng,물품,한국토지주택공사 부산울산지역본부,1029234740
R26TE14430147,물품,,R26TA0158840501,한형석 자유아동극장 홈페이지 서버용 OS(Linux) 구입,N,신규,,,지방계약법 (제25조제1항5호나목),0,3200000,5,http://www.g2b.go.kr,직불,,,3260000,부산광역시 서구,지방자치단체,서구청 재무과,김우진,051-240-4145,051-240-4149,[1^3260000^부산광역시 서구^지방자치단체^서구청 재무과^김우진^0512404145],[1^주계약업체^단독^주식회사 웰클라우드^정우영^대한민국^100^주식회사 웰클라우드^^7068101708],https://www.g2b.go.kr/link/FIUA027_01/single/?ctrtNo=R26TA01588405&ctrtChgOrd=01&prcmBsneSeCd=조070001&srchName=ctrtCrst&openUrl=Y,부산광역시 서구청장,추정가격 2천만원 이하 물품 또는 용역,수의계약,2026-04-28 11:42:58,,0.08,,,,,2026-04-28,N,getCntrctInfoListThng,물품,부산광역시 서구,3200000
R26TE14430149,물품,,R26TA0180920400,연안수민공원 만개의 정원 조성공사 관급자재(초화 등),N,신규,,,지방계약법 (제25조제1항5호바목),0,34800000,5,http://www.g2b.go.kr,직불,,,3300000,부산광역시 동래구,지방자치단체,재무과,한우경,,,[1^3300000^부산광역시 동래구^지방자치단체^재무과^한우경^],[1^주계약업체^단독^그로우그린^장연화^대한민국^100^그로우그린^^3109880873],https://www.g2b.go.kr/link/FIUA027_01/single/?ctrtNo=R26TA01809204&ctrtChgOrd=00&prcmBsneSeCd=조070001&srchName=ctrtCrst&openUrl=Y,부산광역시 동래구청장,"추정가격 2천만원 초과 1억원 이하 물품·용역(여성기업, 장애인기업, 사회적기업, 사회적협동조합, 자활기업, 마을기업 계약)",수의계약,2026-04-28 11:43:01,,0.08,,,,,2026-04-29,N,getCntrctInfoListThng,물품,부산광역시 동래구,34800000
R26TE14430254,물품,,R26TA0180930700,[수영구]2026년 제5차 정기도서 구입 계약,N,신규,,,지방계약법 (제25조제1항5호나목),0,5533380,10,http://www.g2b.go.kr,직불,,,3380000,부산광역시 수영구,지방자치단체,재무과,장지혜,,,[1^3380000^부산광역시 수영구^지방자치단체^재무과^장지혜^],[1^주계약업체^단독^꽃샘도서^박기홍^대한민국^100^꽃샘도서^^6052607074],https://www.g2b.go.kr/link/FIUA027_01/single/?ctrtNo=R26TA01809307&ctrtChgOrd=00&prcmBsneSeCd=조070001&srchName=ctrtCrst&openUrl=Y,부산광역시수영구청장,추정가격 2천만원 이하 물품 또는 용역,수의계약,2026-04-28 11:48:44,,0.08,,,,,2026-04-28,N,getCntrctInfoListThng,물품,부산광역시 수영구,5533380
R26TE14430791,물품,,R26TA0180596000,2026년 환경방사선 감시장비 구입,N,신규,,,지방계약법 (제26조제2항),0,96000000,5,http://www.g2b.go.kr,직불,,,3400000,부산광역시 기장군,지방자치단체,재무과,박서령,,,[1^3400000^부산광역시 기장군^지방자치단체^재무과^박서령^],[1^주계약업체^단독^주식회사 에스아이디텍션^장현석^대한민국^100^주식회사 에스아이디텍션^^4698700059],https://www.g2b.go.kr/link/FIUA027_01/single/?ctrtNo=R26TA01805960&ctrtChgOrd=00&prcmBsneSeCd=조070001&srchName=ctrtCrst&openUrl=Y,기장군수,경쟁입찰을 실시했으나 입찰자가 1인뿐인 경우 수의계약(행안부장관 고시기간),수의계약,2026-04-28 13:00:45,,0.08,,,,,2026-04-29,N,getCntrctInfoListThng,물품,부산광역시 기장군,96000000
R26TE14430990,물품,,R26TA0180953700,녹산동 과학산단2로 20번길91 지상소화전 정비공사 외 자재(지수전토류 외 14종),N,신규,,,지방계약법 (제25조제1항5호나목),0,16310530,5,http://www.g2b.go.kr,직불,,,6260115,부산광역시 상수도사업본부 강서사업소,지방자치단체,업무부서,정성오,,,[1^6260115^부산광역시 상수도사업본부 강서사업소^지방자치단체^업무부서^정성오^],[1^주계약업체^단독^(주)한국산업코어^김성수^대한민국^100^(주)한국산업코어^^6068661338],https://www.g2b.go.kr/link/FIUA027_01/single/?ctrtNo=R26TA01809537&ctrtChgOrd=00&prcmBsneSeCd=조070001&srchName=ctrtCrst&openUrl=Y,부산시 상수도본부 강서사업소장,추정가격 2천만원 이하 물품 또는 용역,수의계약,2026-04-28 13:08:53,,0.08,,,,,2026-04-28,N,getCntrctInfoListThng,물품,부산광역시 상수도사업본부 강서사업소,16310530
R26TE14431080,물품,,R26TA0180920400,연안수민공원 만개의 정원 조성공사 관급자재(초화 등),N,신규,,,지방계약법 (제25조제1항5호바목),0,34800000,5,http://www.g2b.go.kr,직불,,,3300000,부산광역시 동래구,지방자치단체,재무과,한우경,,,[1^3300000^부산광역시 동래구^지방자치단체^재무과^한우경^],[1^주계약업체^단독^그로우그린^장연화^대한민국^100^그로우그린^^3109880873],https://www.g2b.go.kr/link/FIUA027_01/single/?ctrtNo=R26TA01809204&ctrtChgOrd=00&prcmBsneSeCd=조070001&srchName=ctrtCrst&openUrl=Y,부산광역시 동래구청장,"추정가격 2천만원 초과 1억원 이하 물품·용역(여성기업, 장애인기업, 사회적기업, 사회적협동조합, 자활기업, 마을기업 계약)",수의계약,2026-04-28 13:11:30,,0.08,,,,,2026-04-29,N,getCntrctInfoListThng,물품,부산광역시 동래구,34800000
R26TE14431125,물품,R26TA0180762800,R26TA0180762800,야적장 등 환경정비용 청소용품 구매,N,신규,2026-04-28,계약일로부터 28일,지방계약법 (제25조제1항5호나목),0,1600000,5,http://www.g2b.go.kr,직불,,,Z004861,부산환경공단 녹산사업소,지방공기업,운영지원팀,이승현,051-970-1411,051-970-1499,[1^Z004861^부산환경공단 녹산사업소^지방공기업^운영지원팀^이승현^0519701411],[1^주계약업체^단독^주식회사 비엔씨하이텍^조미선^대한민국^100^주식회사 비엔씨하이텍^^1278611257],https://www.g2b.go.kr/link/FIUA027_01/single/?ctrtNo=R26TA01807628&ctrtChgOrd=00&prcmBsneSeCd=조070001&srchName=ctrtCrst&openUrl=Y,녹산사업소장,추정가격 2천만원 이하 물품 또는 용역,수의계약,2026-04-28 13:12:31,,0.08,,,,,2026-04-28,N,getCntrctInfoListThng,물품,부산환경공단 녹산사업소,1600000
R26TE14431127,물품,R26TA0180462200,R26TA0180462200,(소액수의)기관과 1분기 운용자재(크린가드 보호복 등 70종) 구매,N,신규,2026-04-30,26.04.30.~26.05.15.,국가계약법 (제26조제1항5호가2목),0,4286530,10,http://www.g2b.go.kr,직불,R26DC00200366,R26BK01473621,1532883,해양경찰청 해양경찰정비창 해양경찰부산정비창,국가기관,기획운영과,박규찬,051-419-2239,051-419-2318,[1^1532883^해양경찰청 해양경찰정비창 해양경찰부산정비창^국가기관^기획운영과^박규찬^0514192239],[1^주계약업체^단독^한국상사^허수연^대한민국^100^한국상사^^5293201175],https://www.g2b.go.kr/link/FIUA027_01/single/?ctrtNo=R26TA01804622&ctrtChgOrd=00&prcmBsneSeCd=조070001&srchName=ctrtCrst&openUrl=Y,해양경찰부산정비창,추정가격 2천만원 이하 물품 또는 용역,수의계약,2026-04-28 13:12:36,,0.075,,,,,2026-04-30,N,getCntrctInfoListThng,물품,해양경찰청 해양경찰정비창 해양경찰부산정비창,4286530
R26TE14431237,물품,,R26TA0180958400,투자사업 관급자재 구매[중구 대청북길 내 노후관개량공사 추가1],N,신규,,,지방계약법 (제25조제1항5호나목),0,18434690,5,http://www.g2b.go.kr,직불,,,6260359,부산광역시 상수도사업본부 중동부사업소,지방자치단체,업무부서,노상현,,,[1^6260359^부산광역시 상수도사업본부 중동부사업소^지방자치단체^업무부서^노상현^],[1^주계약업체^단독^현대특수강^이선동^대한민국^100^현대특수강^^6051629268],https://www.g2b.go.kr/link/FIUA027_01/single/?ctrtNo=R26TA01809584&ctrtChgOrd=00&prcmBsneSeCd=조070001&srchName=ctrtCrst&openUrl=Y,부산광역시 상수도사업본부 중동부사업소장,추정가격 2천만원 이하 물품 또는 용역,수의계약,2026-04-28 13:15:14,,0.08,,,,,2026-04-28,N,getCntrctInfoListThng,물품,부산광역시 상수도사업본부 중동부사업소,18434690
R26TE14431261,물품,,R25TA0101638901,2026학년도 금명여자고등학교 교복(생활복) 학교주관구매 입찰공고,N,신규,,,지방계약법 (제2조의2제1항1호),0,18375000,5,http://www.g2b.go.kr,직불,,R25BK01070948,7150424,부산광역시교육청 금명여자고등학교,교육기관,행정실,이용숙,051-974-9806,051-971-4068,[1^7150424^부산광역시교육청 금명여자고등학교^교육기관^행정실^이용숙^0519749806],[1^주계약업체^단독^스쿨룩스(북구점)^복순옥^대한민국^100^스쿨룩스(북구점)^^6063530906],https://www.g2b.go.kr/link/FIUA027_01/single/?ctrtNo=R25TA01016389&ctrtChgOrd=01&prcmBsneSeCd=조070001&srchName=ctrtCrst&openUrl=Y,금명여자고등학교,"[판로지원법 시행령] 소기업,소상공인제한",제한경쟁,2026-04-28 13:15:40,,0.08,,,,,,N,getCntrctInfoListThng,물품,부산광역시교육청 금명여자고등학교,18375000
R26TE14431422,물품,R26TA0180878300,R26TA0180878300,2026년 헌혈장려 상품권 구매(상반기),N,신규,2026-04-28,,지방계약법 (제25조제1항5호나목),0,2500000,5,http://www.g2b.go.kr,직불,,,3330024,부산광역시 해운대구 보건소,지방자치단체,보건행정과,이수현,051-749-7505,051-749-4799,[1^3330024^부산광역시 해운대구 보건소^지방자치단체^보건행정과^이수현^0517497505],[1^주계약업체^단독^주식회사 쿠링^김지현^대한민국^100^주식회사 쿠링^^8458701247],https://www.g2b.go.kr/link/FIUA027_01/single/?ctrtNo=R26TA01808783&ctrtChgOrd=00&prcmBsneSeCd=조070001&srchName=ctrtCrst&openUrl=Y,해운대구보건소장,추정가격 2천만원 이하 물품 또는 용역,수의계약,2026-04-28 13:19:52,,0.08,,,,,2026-04-28,N,getCntrctInfoListThng,물품,부산광역시 해운대구 보건소,2500000
R26TE14431515,물품,,R26TA0180356100,매리취수장 제1펌프장 2-2호 취수펌프 제작교체,N,신규,,,지방계약법 (제20조제1항6호),0,220517000,5,http://www.g2b.go.kr,직불,,R26BK01457124,6260000,부산광역시,지방자치단체,회계재산담당관,김주홍,051-888-2244,,[1^6260103^부산광역시 상수도사업본부 덕산정수사업소^지방자치단체^덕산정수사업소^이선우^0516694901],[1^주계약업체^단독^(주)신신기계^김종혁^대한민국^100^(주)신신기계^^6218114256],https://www.g2b.go.kr/link/FIUA027_01/single/?ctrtNo=R26TA01803561&ctrtChgOrd=00&prcmBsneSeCd=조070001&srchName=ctrtCrst&openUrl=Y,부산광역시장,행정안전부령 금액 미만 본점소재지,제한경쟁,2026-04-28 13:22:00,,0.08,,,,,2026-04-28,N,getCntrctInfoListThng,물품,부산광역시 상수도사업본부 덕산정수사업소,220517000
R26TE14431873,물품,R26TA0180958400,R26TA0180958400,투자사업 관급자재 구매[중구 대청북길 내 노후관개량공사 추가1],N,신규,2026-04-28,,지방계약법 (제25조제1항5호나목),0,18434690,5,http://www.g2b.go.kr,직불,,,6260359,부산광역시 상수도사업본부 중동부사업소,지방자치단체,업무부서,노상현,,,[1^6260359^부산광역시 상수도사업본부 중동부사업소^지방자치단체^업무부서^노상현^],[1^주계약업체^단독^현대특수강^이선동^대한민국^100^현대특수강^^6051629268],https://www.g2b.go.kr/link/FIUA027_01/single/?ctrtNo=R26TA01809584&ctrtChgOrd=00&prcmBsneSeCd=조070001&srchName=ctrtCrst&openUrl=Y,부산광역시 상수도사업본부 중동부사업소장,추정가격 2천만원 이하 물품 또는 용역,수의계약,2026-04-28 13:30:18,,0.08,,,,,2026-04-28,N,getCntrctInfoListThng,물품,부산광역시 상수도사업본부 중동부사업소,18434690
R26TE14432084,물품,,R26TA0180982000,연안수민공원 만개의 정원 조성공사 관급자재(안내판 등),N,신규,,,지방계약법 (제25조제1항5호나목),0,4312000,5,http://www.g2b.go.kr,직불,,,3300000,부산광역시 동래구,지방자치단체,재무과,한우경,,,[1^3300000^부산광역시 동래구^지방자치단체^재무과^한우경^],[1^주계약업체^단독^이로운디자인^장지원^대한민국^100^이로운디자인^^4073700717],https://www.g2b.go.kr/link/FIUA027_01/single/?ctrtNo=R26TA01809820&ctrtChgOrd=00&prcmBsneSeCd=조070001&srchName=ctrtCrst&openUrl=Y,부산광역시 동래구청장,추정가격 2천만원 이하 물품 또는 용역,수의계약,2026-04-28 13:35:12,,0.08,,,,,2026-04-28,N,getCntrctInfoListThng,물품,부산광역시 동래구,4312000
R26TE14432150,물품,R26TA0177453400,R26TA0177453400,의료소모품 FILTER SYRINGE 단가계약,N,신규,2026-04-30,2026.05.01.~2028.01.31.,국가계약법 (제26조제1항5호가3목),0,108192000,10,http://www.g2b.go.kr,직불,,R26BK01460060,B550554,부산대학교병원,기타공공기관,물류관리팀,이재은,,,[1^B550554^부산대학교병원^기타공공기관^물류관리팀^이재은^],[1^주계약업체^단독^의재원^이상익^대한민국^100^의재원^^6212131042],https://www.g2b.go.kr/link/FIUA027_01/single/?ctrtNo=R26TA01774534&ctrtChgOrd=00&prcmBsneSeCd=조070001&srchName=ctrtCrst&openUrl=Y,부산대학교병원장,추정가격 2천만원 초과 1억원 이하 물품·용역(소기업.소상공인 계약),수의계약,2026-04-28 13:36:57,,0.075,,,,,2026-04-30,N,getCntrctInfoListThng,물품,부산대학교병원,108192000
R26TE14432221,물품,R26TA0180506300,R26TA0180506300,자산취득물품(온라인콘텐츠 제작 플랫폼) 구매 요청,N,신규,2026-04-27,26.04.27~26.12.31,국가계약법 (제26조제1항5호가2목),0,383000,10,http://www.g2b.go.kr,직불,,,1532883,해양경찰청 해양경찰정비창 해양경찰부산정비창,국가기관,기획운영과,박규찬,051-419-2239,051-419-2318,[1^1532883^해양경찰청 해양경찰정비창 해양경찰부산정비창^국가기관^기획운영과^박규찬^0514192239],[1^주계약업체^단독^(주)리아모어소프트^심재홍^대한민국^100^(주)리아모어소프트^^1058715982],https://www.g2b.go.kr/link/FIUA027_01/single/?ctrtNo=R26TA01805063&ctrtChgOrd=00&prcmBsneSeCd=조070001&srchName=ctrtCrst&openUrl=Y,해양경찰부산정비창,추정가격 2천만원 이하 물품 또는 용역,수의계약,2026-04-28 13:38:30,,0.075,,,,,2026-04-27,N,getCntrctInfoListThng,물품,해양경찰청 해양경찰정비창 해양경찰부산정비창,383000
R26TE14432245,물품,R26TA0180953700,R26TA0180953700,녹산동 과학산단2로 20번길91 지상소화전 정비공사 외 자재(지수전토류 외 14종),N,신규,2026-04-28,,지방계약법 (제25조제1항5호나목),0,16310530,5,http://www.g2b.go.kr,직불,,,6260115,부산광역시 상수도사업본부 강서사업소,지방자치단체,업무부서,정성오,,,[1^6260115^부산광역시 상수도사업본부 강서사업소^지방자치단체^업무부서^정성오^],[1^주계약업체^단독^(주)한국산업코어^김성수^대한민국^100^(주)한국산업코어^^6068661338],https://www.g2b.go.kr/link/FIUA027_01/single/?ctrtNo=R26TA01809537&ctrtChgOrd=00&prcmBsneSeCd=조070001&srchName=ctrtCrst&openUrl=Y,부산시 상수도본부 강서사업소장,추정가격 2천만원 이하 물품 또는 용역,수의계약,2026-04-28 13:39:00,,0.08,,,,,2026-04-28,N,getCntrctInfoListThng,물품,부산광역시 상수도사업본부 강서사업소,16310530
R26TE14432355,물품,,R26TA0180655900,도어엔진용 조인트라바 등 12종 구매,N,신규,,,지방계약법 (제25조제1항5호나목),0,9896500,5,http://www.g2b.go.kr,직불,,,B551542,부산교통공사,지방공기업,회계자산처,김예지,,,[1^B551542^부산교통공사^지방공기업^회계자산처^김예지^],[1^주계약업체^단독^제일차량(주)^이재호^대한민국^100^제일차량(주)^^6058174631],https://www.g2b.go.kr/link/FIUA027_01/single/?ctrtNo=R26TA01806559&ctrtChgOrd=00&prcmBsneSeCd=조070001&srchName=ctrtCrst&openUrl=Y,부산교통공사사장,추정가격 2천만원 이하 물품 또는 용역,수의계약,2026-04-28 13:41:26,,0.08,,,,,2026-04-28,N,getCntrctInfoListThng,물품,부산교통공사,9896500
R26TE14432445,물품,R26TA0180982000,R26TA0180982000,연안수민공원 만개의 정원 조성공사 관급자재(안내판 등),N,신규,2026-04-28,,지방계약법 (제25조제1항5호나목),0,4312000,5,http://www.g2b.go.kr,직불,,,3300000,부산광역시 동래구,지방자치단체,재무과,한우경,,,[1^3300000^부산광역시 동래구^지방자치단체^재무과^한우경^],[1^주계약업체^단독^이로운디자인^장지원^대한민국^100^이로운디자인^^4073700717],https://www.g2b.go.kr/link/FIUA027_01/single/?ctrtNo=R26TA01809820&ctrtChgOrd=00&prcmBsneSeCd=조070001&srchName=ctrtCrst&openUrl=Y,부산광역시 동래구청장,추정가격 2천만원 이하 물품 또는 용역,수의계약,2026-04-28 13:43:41,,0.08,,,,,2026-04-28,N,getCntrctInfoListThng,물품,부산광역시 동래구,4312000
R26TE14432537,물품,,R26TA0180995300,"환경관리원 피복(우의, 장화) 구입",N,신규,,,지방계약법 (제25조제1항5호나목),0,7571520,5,http://www.g2b.go.kr,직불,,,3320000,부산광역시 북구,지방자치단체,부산 북구청 재무과,김선주,,,[1^3320000^부산광역시 북구^지방자치단체^부산 북구청 재무과^김선주^],[1^주계약업체^단독^건보상사^정수연^대한민국^100^건보상사^^5476400516],https://www.g2b.go.kr/link/FIUA027_01/single/?ctrtNo=R26TA01809953&ctrtChgOrd=00&prcmBsneSeCd=조070001&srchName=ctrtCrst&openUrl=Y,부산광역시 북구청장,추정가격 2천만원 이하 물품 또는 용역,수의계약,2026-04-28 13:46:22,,0.08,,,,,2026-04-28,N,getCntrctInfoListThng,물품,부산광역시 북구,7571520
R26TE14432539,물품,,R26TA0180994200,[관급자재] 2026년 쿨루프 사업,N,신규,,계약일로부터 60일,지방계약법 (제25조제1항8호다목),0,67900000,5,http://www.g2b.go.kr,직불,,R26BK01478301,3350000,부산광역시 금정구,지방자치단체,재무과,박소정,051-519-4144,051-519-4149,[1^3350000^부산광역시 금정구^지방자치단체^재무과^박소정^0515194144],[1^주계약업체^단독^주식회사 이유씨엔씨^최장식^대한민국^100^주식회사 이유씨엔씨^^2408801134],https://www.g2b.go.kr/link/FIUA027_01/single/?ctrtNo=R26TA01809942&ctrtChgOrd=00&prcmBsneSeCd=조070001&srchName=ctrtCrst&openUrl=Y,금정구청장,「조달사업에 관한 법률」 제27조제1항에 따른 혁신제품,수의계약,2026-04-28 13:46:23,,0.08,,,,,2026-04-28,N,getCntrctInfoListThng,물품,부산광역시 금정구,67900000
R26TE14432550,물품,,R26TA0180986700,기타약품[Flosperse PX100N](스트루바이트 생성억제용) 약품구매,N,신규,,,지방계약법 (제25조제1항5호나목),0,16456000,5,http://www.g2b.go.kr,직불,,,Z004861,부산환경공단 녹산사업소,지방공기업,운영지원팀,이승현,051-970-1411,051-970-1499,[1^Z004861^부산환경공단 녹산사업소^지방공기업^운영지원팀^이승현^0519701411],[1^주계약업체^단독^에스엔에프코리아 주식회사^정채영^대한민국^100^에스엔에프코리아 주식회사^^2148189374],https://www.g2b.go.kr/link/FIUA027_01/single/?ctrtNo=R26TA01809867&ctrtChgOrd=00&prcmBsneSeCd=조070001&srchName=ctrtCrst&openUrl=Y,녹산사업소장,추정가격 2천만원 이하 물품 또는 용역,수의계약,2026-04-28 13:46:46,,0.08,,,,,2026-04-29,N,getCntrctInfoListThng,물품,부산환경공단 녹산사업소,16456000
R26TE14432704,물품,,R25TA0112702401,"2026학년도 동아중학교 체육복(동복,하복) 학교주관구매 입찰 공고",N,신규,,,지방계약법 (제2조의2제1항1호),0,13760000,5,http://www.g2b.go.kr,직불,,R25BK01125181,7210043,부산광역시해운대교육청 동아중학교,기타기관,행정실,허덕호,051-792-1093,051-792-1045,[1^7210043^부산광역시해운대교육청 동아중학교^기타기관^행정실^허덕호^0517921093],[1^주계약업체^단독^타펨코리아^이영옥^대한민국^100^타펨코리아^^3962400213],https://www.g2b.go.kr/link/FIUA027_01/single/?ctrtNo=R25TA01127024&ctrtChgOrd=01&prcmBsneSeCd=조070001&srchName=ctrtCrst&openUrl=Y,동아중학교,"[판로지원법 시행령] 소기업,소상공인제한",제한경쟁,2026-04-28 13:50:02,,0.08,,,,,2026-03-27,N,getCntrctInfoListThng,물품,부산광역시해운대교육청 동아중학교,13760000
R26TE14432731,물품,R26TA0180322500,R26TA0180322500,부산대학교 대학생활원 밀양분원 2026. 5월분 공산품 구매 수의계약 견적 제출 공고,N,신규,2026-04-28,2026.05.01.~05.31.,국가계약법 (제26조제1항5호가3목),0,40998000,10,http://www.g2b.go.kr,직불,,R26BK01472002,C080064,부산대학교 대학생활원 밀양캠퍼스분원,기타기관,대학생활원밀양분원,박민수,055-350-5703,055-350-5708,[1^C080064^부산대학교 대학생활원 밀양캠퍼스분원^기타기관^대학생활원밀양분원^박민수^0553505703],[1^주계약업체^단독^해송^박수진^대한민국^100^해송^^1632001216],https://www.g2b.go.kr/link/FIUA027_01/single/?ctrtNo=R26TA01803225&ctrtChgOrd=00&prcmBsneSeCd=조070001&srchName=ctrtCrst&openUrl=Y,부산대학교대학생활원밀양캠퍼스분원장,추정가격 2천만원 초과 1억원 이하 물품·용역(소기업.소상공인 계약),수의계약,2026-04-28 13:50:51,,0.15,,,,,2026-04-28,N,getCntrctInfoListThng,물품,부산대학교 대학생활원 밀양캠퍼스분원,40998000
R26TE14432791,물품,R26TA0158840501,R26TA0158840501,한형석 자유아동극장 홈페이지 서버용 OS(Linux) 구입,N,신규,2026-04-28,,지방계약법 (제25조제1항5호나목),0,3200000,5,http://www.g2b.go.kr,직불,,,3260000,부산광역시 서구,지방자치단체,서구청 재무과,김우진,051-240-4145,051-240-4149,[1^3260000^부산광역시 서구^지방자치단체^서구청 재무과^김우진^0512404145],[1^주계약업체^단독^주식회사 웰클라우드^정우영^대한민국^100^주식회사 웰클라우드^^7068101708],https://www.g2b.go.kr/link/FIUA027_01/single/?ctrtNo=R26TA01588405&ctrtChgOrd=01&prcmBsneSeCd=조070001&srchName=ctrtCrst&openUrl=Y,부산광역시 서구청장,추정가격 2천만원 이하 물품 또는 용역,수의계약,2026-04-28 13:52:06,,0.08,,,,,2026-04-28,N,getCntrctInfoListThng,물품,부산광역시 서구,3200000
R26TE14433003,물품,R26TA0180335100,R26TA0180335100,주례중학교 다목적강당 무대장치 제작 설치,N,신규,2026-04-27,2027/03/15,지방계약법 (제20조제1항8호),0,158221350,5,http://www.g2b.go.kr,대지급,R26DC00192069,R26BK01469513,1230130,조달청 부산지방조달청,국가기관,경영관리과,임명근,070-4056-6578,050-5730-1935,[1^7201000^부산광역시교육청 부산광역시북부교육지원청^교육기관^학교지원과^서유미^0513301353],[1^주계약업체^단독^청원전기 주식회사^권익중^대한민국^100^청원전기 주식회사^^6038166644],https://www.g2b.go.kr/link/FIUA027_01/single/?ctrtNo=R26TA01803351&ctrtChgOrd=00&prcmBsneSeCd=조070001&srchName=ctrtCrst&openUrl=Y,대한민국정부부산지방조달청장,중소벤처기업부장관이 지정 공고한 물품,제한경쟁,2026-04-28 13:57:10,,0.08,,,,,2026-04-27,N,getCntrctInfoListThng,물품,부산광역시교육청 부산광역시북부교육지원청,158221350
R26TE14433006,물품,,R26TA0181001000,상수도 홍보용 기념품(텀블러) 구매,N,신규,,,지방계약법 (제25조제1항5호나목),0,7450000,5,http://www.g2b.go.kr,직불,,,6260095,부산광역시 상수도사업본부,지방자치단체,재무팀,정민경,,,[1^6260095^부산광역시 상수도사업본부^지방자치단체^재무팀^정민경^],[1^주계약업체^단독^기프팅^박수자^대한민국^100^기프팅^^6172359614],https://www.g2b.go.kr/link/FIUA027_01/single/?ctrtNo=R26TA01810010&ctrtChgOrd=00&prcmBsneSeCd=조070001&srchName=ctrtCrst&openUrl=Y,부산광역시상수도사업본부장,추정가격 2천만원 이하 물품 또는 용역,수의계약,2026-04-28 13:57:11,,0.08,,,,,2026-04-28,N,getCntrctInfoListThng,물품,부산광역시 상수도사업본부,7450000
R26TE14433129,물품,,R26TA0181012600,국민연금공단 부산사옥 냉각탑 수처리제 구매,N,신규,,,국가계약법 (제26조제1항5호가2목),0,4620000,10,http://www.g2b.go.kr,직불,,,Z004739,국민연금공단 부산지역본부,준정부기관,지사지원부,곽명조,,,[1^Z004739^국민연금공단 부산지역본부^준정부기관^지사지원부^곽명조^],[1^주계약업체^단독^(주)배스켐^강흥석^대한민국^100^(주)배스켐^^2068162748],https://www.g2b.go.kr/link/FIUA027_01/single/?ctrtNo=R26TA01810126&ctrtChgOrd=00&prcmBsneSeCd=조070001&srchName=ctrtCrst&openUrl=Y,국민연금공단부산지역본부장,추정가격 2천만원 이하 물품 또는 용역,수의계약,2026-04-28 14:00:05,,0.075,,,,,2026-05-01,N,getCntrctInfoListThng,물품,국민연금공단 부산지역본부,4620000
R26TE14433208,물품,,R26TA0181009000,미끄럼방지 용품 구입,N,신규,,,지방계약법 (제25조제1항5호나목),0,1935000,10,http://www.g2b.go.kr,직불,,,B551542,부산교통공사,지방공기업,회계자산처,김미수,***********,,[1^B551542^부산교통공사^지방공기업^회계자산처^김미수^***********],[1^주계약업체^단독^(주)청담아이앤씨^최용우^대한민국^100^(주)청담아이앤씨^^3898601681],https://www.g2b.go.kr/link/FIUA027_01/single/?ctrtNo=R26TA01810090&ctrtChgOrd=00&prcmBsneSeCd=조070001&srchName=ctrtCrst&openUrl=Y,부산교통공사사장,추정가격 2천만원 이하 물품 또는 용역,수의계약,2026-04-28 14:02:02,,0.08,,,,,2026-04-28,N,getCntrctInfoListThng,물품,부산교통공사,1935000
R26TE14433267,물품,R25TA0112702401,R25TA0112702401,"2026학년도 동아중학교 체육복(동복,하복) 학교주관구매 입찰 공고",N,신규,2026-03-27,,지방계약법 (제2조의2제1항1호),0,13760000,5,http://www.g2b.go.kr,직불,,R25BK01125181,7210043,부산광역시해운대교육청 동아중학교,기타기관,행정실,허덕호,051-792-1093,051-792-1045,[1^7210043^부산광역시해운대교육청 동아중학교^기타기관^행정실^허덕호^0517921093],[1^주계약업체^단독^타펨코리아^이영옥^대한민국^100^타펨코리아^^3962400213],https://www.g2b.go.kr/link/FIUA027_01/single/?ctrtNo=R25TA01127024&ctrtChgOrd=01&prcmBsneSeCd=조070001&srchName=ctrtCrst&openUrl=Y,동아중학교,"[판로지원법 시행령] 소기업,소상공인제한",제한경쟁,2026-04-28 14:03:44,,0.08,,,,,2026-03-27,N,getCntrctInfoListThng,물품,부산광역시해운대교육청 동아중학교,13760000
R26TE14433363,물품,R26TA0180339100,R26TA0180339100,용암초등학교 다목적강당 무대장치 제작 설치,N,신규,2026-04-28,2026/08/31,지방계약법 (제20조제1항8호),0,125533000,5,http://www.g2b.go.kr,대지급,R26DC00192077,R26BK01469785,1230130,조달청 부산지방조달청,국가기관,경영관리과,임명근,070-4056-6578,050-5730-1935,[1^7211000^부산광역시교육청 부산광역시해운대교육지원청^교육기관^^황현석^],[1^주계약업체^단독^한일기업^김종열^대한민국^100^한일기업^^6075878751],https://www.g2b.go.kr/link/FIUA027_01/single/?ctrtNo=R26TA01803391&ctrtChgOrd=00&prcmBsneSeCd=조070001&srchName=ctrtCrst&openUrl=Y,대한민국정부부산지방조달청장,중소벤처기업부장관이 지정 공고한 물품,제한경쟁,2026-04-28 14:05:54,,0.08,,,,,2026-04-28,N,getCntrctInfoListThng,물품,부산광역시교육청 부산광역시해운대교육지원청,125533000
R26TE14433374,물품,,R26TA0181018600,상수도바로서비스 운영사업 자재 구매[감압밸브15mm],N,신규,,,지방계약법 (제25조제1항5호나목),0,11250000,5,http://www.g2b.go.kr,직불,,,6261693,부산광역시 상수도사업본부 동래통합사업소,지방자치단체,행정지원팀,조원진,,,[1^6261693^부산광역시 상수도사업본부 동래통합사업소^지방자치단체^행정지원팀^조원진^],[1^주계약업체^단독^한신종합엠텍^김진엽^대한민국^100^한신종합엠텍^^6062896273],https://www.g2b.go.kr/link/FIUA027_01/single/?ctrtNo=R26TA01810186&ctrtChgOrd=00&prcmBsneSeCd=조070001&srchName=ctrtCrst&openUrl=Y,상수도사업본부동래통합사업소장,추정가격 2천만원 이하 물품 또는 용역,수의계약,2026-04-28 14:06:11,,0.08,,,,,2026-04-28,N,getCntrctInfoListThng,물품,부산광역시 상수도사업본부 동래통합사업소,11250000
R26TE14433392,물품,,R26TA0181021100,상수도 홍보용 기념품(스텐머그컵) 구매,N,신규,,,지방계약법 (제25조제1항5호나목),0,10500000,5,http://www.g2b.go.kr,직불,,,6260095,부산광역시 상수도사업본부,지방자치단체,재무팀,정민경,,,[1^6260095^부산광역시 상수도사업본부^지방자치단체^재무팀^정민경^],[1^주계약업체^단독^와이엠피^윤진혁^대한민국^100^와이엠피^^6052669143],https://www.g2b.go.kr/link/FIUA027_01/single/?ctrtNo=R26TA01810211&ctrtChgOrd=00&prcmBsneSeCd=조070001&srchName=ctrtCrst&openUrl=Y,부산광역시상수도사업본부장,추정가격 2천만원 이하 물품 또는 용역,수의계약,2026-04-28 14:06:48,,0.08,,,,,2026-04-28,N,getCntrctInfoListThng,물품,부산광역시 상수도사업본부,10500000
R26TE14571591,물품,R26TA0182612400,R26TA0182612400,서구보훈회관 보훈북카페 가구 구입,N,신규,2026-05-04,,지방계약법 (제25조제1항5호나목),0,10400000,5,http://www.g2b.go.kr,직불,,,3260000,부산광역시 서구,지방자치단체,서구청 재무과,김우진,051-240-4145,051-240-4149,[1^3260000^부산광역시 서구^지방자치단체^서구청 재무과^김우진^0512404145],[1^주계약업체^단독^주식회사 한디자인그룹^윤경혜^대한민국^100^주식회사 한디자인그룹^^6038153931],https://www.g2b.go.kr/link/FIUA027_01/single/?ctrtNo=R26TA01826124&ctrtChgOrd=00&prcmBsneSeCd=조070001&srchName=ctrtCrst&openUrl=Y,부산광역시 서구청장,추정가격 2천만원 이하 물품 또는 용역,수의계약,2026-05-06 08:25:31,,0.08,,,,,2026-05-04,N,getCntrctInfoListThng,물품,부산광역시 서구,10400000
R26TE14571783,물품,,R26TA0180330000,이산화탄소배양기 1식 구매(설치),N,신규,,계약후 90일,국가계약법 (제26조제1항5호가2목),0,11500000,10,http://www.g2b.go.kr,직불,,,Z018263,양산부산대학교병원,기타공공기관,,심혜빈,055-360-1151,055-360-1159,[1^Z018263^양산부산대학교병원^기타공공기관^^심혜빈^0553601151],[1^주계약업체^단독^블루메디케어^이주녕^대한민국^100^블루메디케어^^5840400898],https://www.g2b.go.kr/link/FIUA027_01/single/?ctrtNo=R26TA01803300&ctrtChgOrd=00&prcmBsneSeCd=조070001&srchName=ctrtCrst&openUrl=Y,양산부산대학교병원장,추정가격 2천만원 이하 물품 또는 용역,수의계약,2026-05-06 08:49:15,,0.075,,,,,2026-05-11,N,getCntrctInfoListThng,물품,양산부산대학교병원,11500000
R26TE14571803,물품,,R26TA0182812200,2026년 부산경남본부 관내 교면재포장공사 아스콘 구매(동부권),N,신규,,2026/12/31,국가계약법 (제21조제1항8호),0,178400000,10,http://www.g2b.go.kr,대지급,R26DC00187023,R26BK01474191,1230155,조달청 경남지방조달청,국가기관,,박수경,070-4056-6751,050-5489-2413,[1^Z000591^한국도로공사 부산경남본부^공기업^재무팀^김고운^0557116420],[1^주계약업체^단독^부경아스콘사업협동조합^문호욱^대한민국^100^부경아스콘사업협동조합^^6068209222],https://www.g2b.go.kr/link/FIUA027_01/single/?ctrtNo=R26TA01828122&ctrtChgOrd=00&prcmBsneSeCd=조070001&srchName=ctrtCrst&openUrl=Y,대한민국정부경남지방조달청장,중소기업청장이 지정.고시한 제품,제한경쟁,2026-05-06 08:51:08,,0.075,,,,,2026-05-07,N,getCntrctInfoListThng,물품,한국도로공사 부산경남본부,178400000
R26TE14571821,물품,,R26TA0182812400,국도58호선 김해 생림 봉림 등 3개소 포장도 보수공사-개질아스콘,N,신규,,계약 후 90일 이내,국가계약법 (제21조제1항8호),0,238977000,10,http://www.g2b.go.kr,직불,R26DC00185590,R26BK01474227,1230155,조달청 경남지방조달청,국가기관,,박수경,070-4056-6751,050-5489-2413,[1^1613800^국토교통부 부산지방국토관리청 김해국토관리사무소^국가기관^운영지원과^김동현^0553406615],[1^주계약업체^단독^부울경아스콘사업협동조합^백승만^대한민국^100^부울경아스콘사업협동조합^^6138212254],https://www.g2b.go.kr/link/FIUA027_01/single/?ctrtNo=R26TA01828124&ctrtChgOrd=00&prcmBsneSeCd=조070001&srchName=ctrtCrst&openUrl=Y,대한민국정부경남지방조달청장,중소기업청장이 지정.고시한 제품,제한경쟁,2026-05-06 08:52:08,,0.075,,,,,2026-05-07,N,getCntrctInfoListThng,물품,국토교통부 부산지방국토관리청 김해국토관리사무소,238977000
R26TE14571840,물품,,R26TA0182811500,2026년 부산경남본부 관내 교면재포장공사 아스콘 구매(중부권),N,신규,,2026/12/31,국가계약법 (제21조제1항8호),0,155976000,10,http://www.g2b.go.kr,대지급,R26DC00187026,R26BK01474195,1230155,조달청 경남지방조달청,국가기관,,박수경,070-4056-6751,050-5489-2413,[1^Z000591^한국도로공사 부산경남본부^공기업^재무팀^김고운^0557116420],[1^주계약업체^단독^부산.울산.경남아스콘 공업협동조합^정영용^대한민국^100^부산.울산.경남아스콘 공업협동조합^^6098204473],https://www.g2b.go.kr/link/FIUA027_01/single/?ctrtNo=R26TA01828115&ctrtChgOrd=00&prcmBsneSeCd=조070001&srchName=ctrtCrst&openUrl=Y,대한민국정부경남지방조달청장,중소기업청장이 지정.고시한 제품,제한경쟁,2026-05-06 08:54:22,,0.075,,,,,2026-05-07,N,getCntrctInfoListThng,물품,한국도로공사 부산경남본부,155976000
R26TE14572010,물품,,R26TA0182403400,차체팀 30tom 천장크레인 권상장치 등 수선,N,신규,,,지방계약법 (제25조제1항5호나목),0,9460000,5,http://www.g2b.go.kr,직불,,,B551542,부산교통공사,지방공기업,회계자산처,유다예,,,[1^B551542^부산교통공사^지방공기업^회계자산처^유다예^],[1^주계약업체^단독^토성산업^양정희^대한민국^100^토성산업^^8973901174],https://www.g2b.go.kr/link/FIUA027_01/single/?ctrtNo=R26TA01824034&ctrtChgOrd=00&prcmBsneSeCd=조070001&srchName=ctrtCrst&openUrl=Y,부산교통공사사장,추정가격 2천만원 이하 물품 또는 용역,수의계약,2026-05-06 09:03:59,,0.08,,,,,2026-05-06,N,getCntrctInfoListThng,물품,부산교통공사,9460000
R26TE14572032,물품,R26TA0182535800,R26TA0182535800,물품 구매요청[거제동 1564 일원 횡단보도 설치],N,신규,2026-05-04,,지방계약법 (제25조제1항5호나목),0,1901000,5,http://www.g2b.go.kr,직불,,,3370000,부산광역시 연제구,지방자치단체,재무과,양수현,051-665-4144,051-665-4149,[1^3370000^부산광역시 연제구^지방자치단체^재무과^양수현^0516654144],[1^주계약업체^단독^(주)아트플러스^임경태^대한민국^100^(주)아트플러스^^3098107419],https://www.g2b.go.kr/link/FIUA027_01/single/?ctrtNo=R26TA01825358&ctrtChgOrd=00&prcmBsneSeCd=조070001&srchName=ctrtCrst&openUrl=Y,연제구청장,추정가격 2천만원 이하 물품 또는 용역,수의계약,2026-05-06 09:04:57,,0.08,,,,,2026-05-04,N,getCntrctInfoListThng,물품,부산광역시 연제구,1901000
R26TE14572034,물품,,R26TA0182403400,차체팀 30tom 천장크레인 권상장치 등 수선,N,신규,,,지방계약법 (제25조제1항5호나목),0,9460000,5,http://www.g2b.go.kr,직불,,,B551542,부산교통공사,지방공기업,회계자산처,유다예,,,[1^B551542^부산교통공사^지방공기업^회계자산처^유다예^],[1^주계약업체^단독^토성산업^양정희^대한민국^100^토성산업^^8973901174],https://www.g2b.go.kr/link/FIUA027_01/single/?ctrtNo=R26TA01824034&ctrtChgOrd=00&prcmBsneSeCd=조070001&srchName=ctrtCrst&openUrl=Y,부산교통공사사장,추정가격 2천만원 이하 물품 또는 용역,수의계약,2026-05-06 09:05:02,,0.08,,,,,2026-05-06,N,getCntrctInfoListThng,물품,부산교통공사,9460000
R26TE14572321,물품,,R26TA0182841200,2026년 수영고가교 내진성능 보강공사 관급자재(교량받침) 구매,N,신규,,,지방계약법 (제12조),0,386897010,5,http://www.g2b.go.kr,직불,,R26BK01459345,6260000,부산광역시,지방자치단체,회계재산담당관,김주홍,051-888-2244,,[1^6260409^부산광역시 건설안전시험사업소^지방자치단체^관리팀^조윤정^],[1^주계약업체^단독^포인텍이앤씨 주식회사^김선엽^대한민국^100^포인텍이앤씨 주식회사^^2158779094],https://www.g2b.go.kr/link/FIUA027_01/single/?ctrtNo=R26TA01828412&ctrtChgOrd=00&prcmBsneSeCd=조070001&srchName=ctrtCrst&openUrl=Y,부산광역시장,경쟁은 입찰의 방법으로 행함,일반경쟁,2026-05-06 09:15:31,,0.08,,,,,2026-05-06,N,getCntrctInfoListThng,물품,부산광역시 건설안전시험사업소,386897010
R26TE14572354,물품,,R26TA0182856100,덕산정수장 비상발전기 소모품 교체,N,신규,,,지방계약법 (제25조제1항5호나목),0,6800000,5,http://www.g2b.go.kr,직불,,,6260103,부산광역시 상수도사업본부 덕산정수사업소,지방자치단체,덕산정수사업소,이선우,051-669-4901,,[1^6260103^부산광역시 상수도사업본부 덕산정수사업소^지방자치단체^덕산정수사업소^이선우^0516694901],[1^주계약업체^단독^(주)대흥기전^서정기^대한민국^100^(주)대흥기전^^6068158629],https://www.g2b.go.kr/link/FIUA027_01/single/?ctrtNo=R26TA01828561&ctrtChgOrd=00&prcmBsneSeCd=조070001&srchName=ctrtCrst&openUrl=Y,부산광역시 상수도사업본부 덕산정수사업소,추정가격 2천만원 이하 물품 또는 용역,수의계약,2026-05-06 09:16:39,,0.08,,,,,2026-05-07,N,getCntrctInfoListThng,물품,부산광역시 상수도사업본부 덕산정수사업소,6800000
R26TE14572427,물품,R25TA0084960201,R25TA0084960201,"2026학년도 주례여자중학교 교복(동복, 하복) 학교주관 구매",N,신규,2026-05-04,,지방계약법 (제2조의2제1항1호),0,16562000,5,http://www.g2b.go.kr,직불,,R25BK00987932,7200047,부산광역시북부교육청 주례여자중학교,교육기관,행정실,김성원,***********,,[1^7200047^부산광역시북부교육청 주례여자중학교^교육기관^행정실^김성원^***********],[1^주계약업체^단독^세인트^황명옥^대한민국^100^세인트^^6052032377],https://www.g2b.go.kr/link/FIUA027_01/single/?ctrtNo=R25TA00849602&ctrtChgOrd=01&prcmBsneSeCd=조070001&srchName=ctrtCrst&openUrl=Y,주례여자중학교장,"[판로지원법 시행령] 소기업,소상공인제한",제한경쟁,2026-05-06 09:18:58,,0.08,,,,,2026-05-04,N,getCntrctInfoListThng,물품,부산광역시북부교육청 주례여자중학교,16562000
R26TE14572474,물품,R25TA0084394501,R25TA0084394501,"2026학년도 부산과학고등학교 교복(동복, 하복) 학교주관구매 입찰 공고",N,신규,2026-05-06,,지방계약법 (제2조의2제1항1호),0,17670000,10,http://www.g2b.go.kr,직불,,R25BK00976818,7150459,부산광역시교육청 부산과학고등학교,교육기관,행정실,류하나,051-580-8510,,[1^7150459^부산광역시교육청 부산과학고등학교^교육기관^행정실^류하나^0515808510],[1^주계약업체^단독^스마트금정점^손금덕^대한민국^100^스마트금정점^^6212116755],https://www.g2b.go.kr/link/FIUA027_01/single/?ctrtNo=R25TA00843945&ctrtChgOrd=01&prcmBsneSeCd=조070001&srchName=ctrtCrst&openUrl=Y,부산과학고등학교장,"[판로지원법 시행령] 소기업,소상공인제한",제한경쟁,2026-05-06 09:20:23,,0.075,,,,,2026-05-06,N,getCntrctInfoListThng,물품,부산광역시교육청 부산과학고등학교,17670000
R26TE14572547,물품,,R26TA0182858000,보건교육장 냉난방기 구입 및 설치,N,신규,,계약일로부터~2026.5.22.,지방계약법 (제25조제1항5호나목),0,8919900,5,http://www.g2b.go.kr,직불,,,3390023,부산광역시 사상구 보건소,지방자치단체,보건행정과,박원숙,051-310-4792,051-310-4799,[1^3390023^부산광역시 사상구 보건소^지방자치단체^보건행정과^박원숙^0513104792],[1^주계약업체^단독^주식회사 정인시스템공조^이용훈^대한민국^100^주식회사 정인시스템공조^^5258701232],https://www.g2b.go.kr/link/FIUA027_01/single/?ctrtNo=R26TA01828580&ctrtChgOrd=00&prcmBsneSeCd=조070001&srchName=ctrtCrst&openUrl=Y,사상구청장,추정가격 2천만원 이하 물품 또는 용역,수의계약,2026-05-06 09:22:52,,0.08,,,,,2026-05-06,N,getCntrctInfoListThng,물품,부산광역시 사상구 보건소,8919900
R26TE14572603,물품,R26TA0179423600,R26TA0179423600,부산터널 내화성능확보 전원선로 교체공사 관급자재 구매,N,신규,2026-05-04,2026. 5. 4. ~ 2026. 7. 2.,지방계약법 (제20조제1항6호),0,290195590,5,http://www.g2b.go.kr,직불,,R26BK01466349,6260000,부산광역시,지방자치단체,회계재산담당관,김주홍,051-888-2244,,[1^6260409^부산광역시 건설안전시험사업소^지방자치단체^관리팀^조윤정^],[1^주계약업체^단독^동하툴^김경록^대한민국^100^동하툴^^1110614204],https://www.g2b.go.kr/link/FIUA027_01/single/?ctrtNo=R26TA01794236&ctrtChgOrd=00&prcmBsneSeCd=조070001&srchName=ctrtCrst&openUrl=Y,부산광역시장,행정안전부령 금액 미만 본점소재지,제한경쟁,2026-05-06 09:24:29,,0.08,,,,,2026-05-04,N,getCntrctInfoListThng,물품,부산광역시 건설안전시험사업소,290195590
R26TE14572633,물품,,R26TA0182164000,지소 원격감시제어시스템 재정비 사업,N,신규,,계약 후 240일 이내,지방계약법 (제25조제1항6호라5목),0,354000000,5,http://www.g2b.go.kr,대지급,R26DC00198054,R26BK01492749,1230130,조달청 부산지방조달청,국가기관,경영관리과,이재형,070-4056-6590,050-5730-1904,[1^6260099^부산광역시 상수도사업본부 시설관리사업소^지방자치단체^관리팀^류화수^0516694523],[1^주계약업체^단독^동영테크원 주식회사^정윤화^대한민국^100^동영테크원 주식회사^^6218117350],https://www.g2b.go.kr/link/FIUA027_01/single/?ctrtNo=R26TA01821640&ctrtChgOrd=00&prcmBsneSeCd=조070001&srchName=ctrtCrst&openUrl=Y,대한민국정부부산지방조달청장,조달청우수제품,수의계약,2026-05-06 09:25:11,,0.08,,,,,2026-05-06,N,getCntrctInfoListThng,물품,부산광역시 상수도사업본부 시설관리사업소,354000000
R26TE14572773,물품,,R26TA0182359400,수변어린이공원 쿨링포그 전면 교체 계약,N,신규,,,지방계약법 (제25조제1항5호나목),0,12821600,10,http://www.g2b.go.kr,직불,,,3380000,부산광역시 수영구,지방자치단체,재무과,장지혜,,,[1^3380000^부산광역시 수영구^지방자치단체^재무과^장지혜^],[1^주계약업체^단독^주식회사 지온산업^정민지^대한민국^100^주식회사 지온산업^^8798103270],https://www.g2b.go.kr/link/FIUA027_01/single/?ctrtNo=R26TA01823594&ctrtChgOrd=00&prcmBsneSeCd=조070001&srchName=ctrtCrst&openUrl=Y,부산광역시수영구청장,추정가격 2천만원 이하 물품 또는 용역,수의계약,2026-05-06 09:28:49,,0.08,,,,,2026-05-07,N,getCntrctInfoListThng,물품,부산광역시 수영구,12821600
R26TE14572848,물품,R26TA0182487900,R26TA0182487900,2026년 타이머콕 보급사업 물품 구매(부산권역),N,신규,2026-05-04,계약 후 75일 이내,국가계약법 (제2조의2제1항2호),0,158312620,10,http://www.g2b.go.kr,직불,R26DC00193690,R26BK01446305,1230130,조달청 부산지방조달청,국가기관,경영관리과,윤태영,070-4056-6581,050-5480-1443,[1^Z004999^한국가스안전공사 부산지역본부^준정부기관^x^최예령^],[1^주계약업체^단독^엠씨테크놀로지 주식회사^민춘희^대한민국^100^엠씨테크놀로지 주식회사^^1228609659],https://www.g2b.go.kr/link/FIUA027_01/single/?ctrtNo=R26TA01824879&ctrtChgOrd=00&prcmBsneSeCd=조070001&srchName=ctrtCrst&openUrl=Y,대한민국정부부산지방조달청장,"[판로지원법 시행령] 중기업,소기업,소상공인 제한",제한경쟁,2026-05-06 09:30:49,,0.075,,,,,2026-05-04,N,getCntrctInfoListThng,물품,한국가스안전공사 부산지역본부,158312620
R26TE14573116,물품,R26TA0182568900,R26TA0182568900,연제도서관 다목적홀 전자현수막 설치,N,신규,2026-05-06,,지방계약법 (제25조제1항5호나목),0,12705000,5,http://www.g2b.go.kr,직불,,,3370000,부산광역시 연제구,지방자치단체,재무과,양수현,051-665-4144,051-665-4149,[1^3370000^부산광역시 연제구^지방자치단체^재무과^양수현^0516654144],[1^주계약업체^단독^에스엠^조원제^대한민국^100^에스엠^^8180200900],https://www.g2b.go.kr/link/FIUA027_01/single/?ctrtNo=R26TA01825689&ctrtChgOrd=00&prcmBsneSeCd=조070001&srchName=ctrtCrst&openUrl=Y,연제구청장,추정가격 2천만원 이하 물품 또는 용역,수의계약,2026-05-06 09:38:08,,0.08,,,,,2026-05-06,N,getCntrctInfoListThng,물품,부산광역시 연제구,12705000
R26TE14573193,물품,R26TA0181034000,R26TA0181034000,울산태화강변 A-1BL 아파트 전기공사 지급자재(수배전반) 제작 및 설치,N,신규,2026-05-04,2027/02/15,국가계약법 (제26조제1항3호바목),0,217000000,10,http://www.g2b.go.kr,직불,R26DC00195977,R26BK01477795,1230130,조달청 부산지방조달청,국가기관,경영관리과,윤태영,070-4056-6581,050-5480-1443,[1^D168321^한국토지주택공사 부산울산지역본부^공기업^경영지원팀^최주은^0517966064],[1^주계약업체^단독^(주)은성엔지니어링^김정현^대한민국^100^(주)은성엔지니어링^^3018143444],https://www.g2b.go.kr/link/FIUA027_01/single/?ctrtNo=R26TA01810340&ctrtChgOrd=00&prcmBsneSeCd=조070001&srchName=ctrtCrst&openUrl=Y,대한민국정부부산지방조달청장,우수조달물품,수의계약,2026-05-06 09:40:23,,0.075,,,,,2026-05-04,N,getCntrctInfoListThng,물품,한국토지주택공사 부산울산지역본부,217000000
R26TE14573567,물품,,R26TA0182874300,미끄럼방지 매트 등 미끄럼 방지용품 4종 구입,N,신규,,,지방계약법 (제25조제1항5호나목),0,8660000,5,http://www.g2b.go.kr,직불,,,B551542,부산교통공사,지방공기업,회계자산처,정유란,,,[1^B551542^부산교통공사^지방공기업^회계자산처^정유란^],[1^주계약업체^단독^상우종합물류^이동희^대한민국^100^상우종합물류^^6063481048],https://www.g2b.go.kr/link/FIUA027_01/single/?ctrtNo=R26TA01828743&ctrtChgOrd=00&prcmBsneSeCd=조070001&srchName=ctrtCrst&openUrl=Y,부산교통공사사장,추정가격 2천만원 이하 물품 또는 용역,수의계약,2026-05-06 09:50:12,,0.08,,,,,2026-05-07,N,getCntrctInfoListThng,물품,부산교통공사,8660000
R26TE14573665,물품,,R26TA0182888600,유화아스팔트(RSC-4) 구매(1차),N,신규,,계약일로부터 20일 이내,지방계약법 (제25조제1항5호나목),0,11780000,5,http://www.g2b.go.kr,직불,,,6260409,부산광역시 건설안전시험사업소,지방자치단체,관리팀,조윤정,,,[1^6260409^부산광역시 건설안전시험사업소^지방자치단체^관리팀^조윤정^],[1^주계약업체^단독^인성에이앤티 주식회사^이광호^대한민국^100^인성에이앤티 주식회사^^3128632700],https://www.g2b.go.kr/link/FIUA027_01/single/?ctrtNo=R26TA01828886&ctrtChgOrd=00&prcmBsneSeCd=조070001&srchName=ctrtCrst&openUrl=Y,부산광역시 건설안전시험사업소장,추정가격 2천만원 이하 물품 또는 용역,수의계약,2026-05-06 09:52:32,,0.08,,,,,2026-05-07,N,getCntrctInfoListThng,물품,부산광역시 건설안전시험사업소,11780000
R26TE14573696,물품,,R26TA0182538900,2026년 전국소년(장애학생)체전 개회식 선수단 환영현수막 등 제작·설치,N,신규,,2026.5.4.~2026.5.26.,지방계약법 (제25조제1항5호나목),0,17919000,5,http://www.g2b.go.kr,직불,,,6260000,부산광역시,지방자치단체,회계재산담당관,정다은,051-888-2237,051-888-2249,[1^6260000^부산광역시^지방자치단체^회계재산담당관^정다은^0518882237],[1^주계약업체^단독^(주)대륙건설광고공사^김화연^대한민국^100^(주)대륙건설광고공사^^6018127169],https://www.g2b.go.kr/link/FIUA027_01/single/?ctrtNo=R26TA01825389&ctrtChgOrd=00&prcmBsneSeCd=조070001&srchName=ctrtCrst&openUrl=Y,부산광역시장,추정가격 2천만원 이하 물품 또는 용역,수의계약,2026-05-06 09:53:53,,0.08,,,,,2026-05-04,N,getCntrctInfoListThng,물품,부산광역시,17919000
R26TE14573862,물품,R25TA0086515701,R25TA0086515701,2026학년도 가람중학교 교복(생활복)학교주관 구매 계약,N,신규,2026-04-29,,지방계약법 (제2조의2제1항3호001목),0,25456000,5,http://www.g2b.go.kr,직불,,R25BK01003564,7200219,부산광역시북부교육청 가람중학교,교육기관,행정실,조혜승,051-330-4811,051-330-4804,[1^7200219^부산광역시북부교육청 가람중학교^교육기관^행정실^조혜승^0513304811],[1^주계약업체^단독^스마트학생복 북구점^이치형^대한민국^100^스마트학생복 북구점^^6062741878],https://www.g2b.go.kr/link/FIUA027_01/single/?ctrtNo=R25TA00865157&ctrtChgOrd=01&prcmBsneSeCd=조070001&srchName=ctrtCrst&openUrl=Y,가람중학교장,"[판로지원법 시행령] 일반제품 소기업 소상공인 제한경쟁, 공동사업",제한경쟁,2026-05-06 09:58:24,,0.08,,,,,2026-04-29,N,getCntrctInfoListThng,물품,부산광역시북부교육청 가람중학교,25456000
R26TE14574018,물품,R26TA0182155200,R26TA0182155200,다이옥신 자동정제시스템 카트리지 구매,N,신규,2026-05-06,,지방계약법 (제25조제1항5호나목),0,12697000,5,http://www.g2b.go.kr,직불,,,6260088,부산광역시 보건환경연구원,지방자치단체,부산광역시보건환경연구원,전민진,051-309-2721,,[1^6260088^부산광역시 보건환경연구원^지방자치단체^부산광역시보건환경연구원^전민진^0513092721],[1^주계약업체^단독^(주)아이엔에이코리아^조다연^대한민국^100^(주)아이엔에이코리아^^1058741613],https://www.g2b.go.kr/link/FIUA027_01/single/?ctrtNo=R26TA01821552&ctrtChgOrd=00&prcmBsneSeCd=조070001&srchName=ctrtCrst&openUrl=Y,부산광역시보건환경연구원장,추정가격 2천만원 이하 물품 또는 용역,수의계약,2026-05-06 10:01:26,,0.08,,,,,2026-05-06,N,getCntrctInfoListThng,물품,부산광역시 보건환경연구원,12697000
R26TE14574126,물품,R26TA0181942000,R26TA0181942000,양남-감포(6차) 관급(레미콘총액) 구매,N,신규,2026-05-04,2026/12/31,국가계약법 (제42조제1항),0,148450000,10,http://www.g2b.go.kr,직불,R26DC00177630,R26BK01463155,1230137,조달청 대구지방조달청,국가기관,경영관리과,김희현,070-4056-7964,050-5480-2296,[1^1613281^국토교통부 부산지방국토관리청^국가기관^지역협력과^이호준^0516601020],[1^주계약업체^단독^(주)신성레미콘^김범동^대한민국^100^(주)신성레미콘^^5058151610],https://www.g2b.go.kr/link/FIUA027_01/single/?ctrtNo=R26TA01819420&ctrtChgOrd=00&prcmBsneSeCd=조070001&srchName=ctrtCrst&openUrl=Y,대한민국정부대구지방조달청장,예정가격이하 최저가격순 계약이행능력 심사,일반경쟁,2026-05-06 10:04:28,,0.075,,,,,2026-05-04,N,getCntrctInfoListThng,물품,국토교통부 부산지방국토관리청,148450000
R26TE14574157,물품,,R26TA0169520600,화전천 하부 산책로 진출입 차단시설 구입(설치),N,신규,,,지방계약법 (제25조제1항5호나목),0,17766000,5,http://www.g2b.go.kr,직불,,,3360000,부산광역시 강서구,지방자치단체,재무과,송혜미,051-970-4834,051-970-4149,[1^3360000^부산광역시 강서구^지방자치단체^재무과^송혜미^0519704834],[1^주계약업체^단독^(주)테크유니온^신유정^대한민국^100^(주)테크유니온^^6058129704],https://www.g2b.go.kr/link/FIUA027_01/single/?ctrtNo=R26TA01695206&ctrtChgOrd=00&prcmBsneSeCd=조070001&srchName=ctrtCrst&openUrl=Y,강서구청장,추정가격 2천만원 이하 물품 또는 용역,수의계약,2026-05-06 10:05:10,,0.08,,,,,2026-05-06,N,getCntrctInfoListThng,물품,부산광역시 강서구,17766000
R26TE14574166,물품,,R25TA0128650501,부산진초교 일원 보행환경 개선사업 조형월 제작·설치,N,신규,,2025.12.29. ~ 2026.05.05. (착수일 2026.01.06.),지방계약법 (제7조의2제2항2호),0,102200970,5,http://www.g2b.go.kr,직불,,R25BK01232191,3290000,부산광역시 부산진구,지방자치단체,재무과,안유진,,,[1^3290000^부산광역시 부산진구^지방자치단체^재무과^안유진^],[1^주계약업체^단독^원커뮤니케이션^김은정^대한민국^100^원커뮤니케이션^^4122200054],https://www.g2b.go.kr/link/FIUA027_01/single/?ctrtNo=R25TA01286505&ctrtChgOrd=01&prcmBsneSeCd=조070001&srchName=ctrtCrst&openUrl=Y,부산광역시 부산진구청장,"[판로지원법] 중기간경쟁제품 조합추천 지명경쟁, 공동사업",지명경쟁,2026-05-06 10:05:24,,0.08,,,,,2026-05-06,N,getCntrctInfoListThng,물품,부산광역시 부산진구,102200970
R26TE14574333,물품,,R26TA0182446800,"2026년 현수막 지정게시대 구매(옥외광고발전기금,2차)",N,신규,,,지방계약법 (제25조제1항5호나목),0,5400000,5,http://www.g2b.go.kr,직불,,,3360000,부산광역시 강서구,지방자치단체,재무과,김태완,,,[1^3360000^부산광역시 강서구^지방자치단체^재무과^김태완^],[1^주계약업체^단독^주식회사 남신테크^류혜진^대한민국^100^주식회사 남신테크^^5048144004],https://www.g2b.go.kr/link/FIUA027_01/single/?ctrtNo=R26TA01824468&ctrtChgOrd=00&prcmBsneSeCd=조070001&srchName=ctrtCrst&openUrl=Y,강서구청장,추정가격 2천만원 이하 물품 또는 용역,수의계약,2026-05-06 10:09:40,,0.08,,,,,2026-05-06,N,getCntrctInfoListThng,물품,부산광역시 강서구,5400000
R26TE14574443,물품,,R26TA0181442501,2026년 수산종자 매입방류사업 전복 구입,N,신규,,,지방계약법 (제25조제1항5호라목),0,40000000,5,http://www.g2b.go.kr,직불,,R26BK01457422,3260000,부산광역시 서구,지방자치단체,서구청 재무과,김우진,051-240-4145,051-240-4149,[1^3260000^부산광역시 서구^지방자치단체^서구청 재무과^김우진^0512404145],[1^주계약업체^단독^화수분 전복마을^최연희^대한민국^100^화수분 전복마을^^6139121212],https://www.g2b.go.kr/link/FIUA027_01/single/?ctrtNo=R26TA01814425&ctrtChgOrd=01&prcmBsneSeCd=조070001&srchName=ctrtCrst&openUrl=Y,부산광역시 서구청장,추정가격 2천만원 초과 1억원 이하 물품·용역(소기업 소상공인 계약),수의계약,2026-05-06 10:12:34,,0.08,,,,,2026-05-06,N,getCntrctInfoListThng,물품,부산광역시 서구,40000000
R26TE14574688,물품,,R26TA0182920800,비콘그라운드사업소 실내 스크린 파크골프장 냉난방기 구매,N,신규,,2026. 5. 6. ~ 2026. 6. 2.,지방계약법 (제25조제1항5호나목),0,5395000,5,http://www.g2b.go.kr,직불,,,B552587,부산시설공단,지방공기업,재무회계팀,문아름,051-860-7694,051-860-7619,[1^B552587^부산시설공단^지방공기업^재무회계팀^문아름^0518607694],[1^주계약업체^단독^하나공조시스템^윤순덕^대한민국^100^하나공조시스템^^6021667512],https://www.g2b.go.kr/link/FIUA027_01/single/?ctrtNo=R26TA01829208&ctrtChgOrd=00&prcmBsneSeCd=조070001&srchName=ctrtCrst&openUrl=Y,부산시설공단,추정가격 2천만원 이하 물품 또는 용역,수의계약,2026-05-06 10:18:43,,0.08,,,,,2026-05-06,N,getCntrctInfoListThng,물품,부산시설공단,5395000
R26TE14575248,물품,R26TA0182733800,R26TA0182733800,어업지도선(부산201호) 상반기 선용품 구입,N,신규,2026-05-04,2026.5.4.~2026.6.19.,지방계약법 (제25조제1항5호나목),0,11018700,5,http://www.g2b.go.kr,직불,,,6260000,부산광역시,지방자치단체,회계재산담당관,정다은,051-888-2237,051-888-2249,[1^6260000^부산광역시^지방자치단체^회계재산담당관^정다은^0518882237],[1^주계약업체^단독^에스에스엘인터내셔널 주식회사^이동준^대한민국^100^에스에스엘인터내셔널 주식회사^^6068661925],https://www.g2b.go.kr/link/FIUA027_01/single/?ctrtNo=R26TA01827338&ctrtChgOrd=00&prcmBsneSeCd=조070001&srchName=ctrtCrst&openUrl=Y,부산광역시장,추정가격 2천만원 이하 물품 또는 용역,수의계약,2026-05-06 10:31:15,,0.08,,,,,2026-05-04,N,getCntrctInfoListThng,물품,부산광역시,11018700
R26TE14575269,물품,,R26TA0182482300,국제시장 일원 간판 디자인 개선·철거 사업 간판 제작·설치,N,신규,,,지방계약법 (제22조10호),0,226523000,5,http://www.g2b.go.kr,직불,,R26BK01468667,3250000,부산광역시 중구,지방자치단체,재무과,이순남,051-600-4144,,[1^3250000^부산광역시 중구^지방자치단체^재무과^이순남^0516004144],[1^주계약업체^단독^(주)고려폴리머^조정환^대한민국^100^(주)고려폴리머^^6058134473],https://www.g2b.go.kr/link/FIUA027_01/single/?ctrtNo=R26TA01824823&ctrtChgOrd=00&prcmBsneSeCd=조070001&srchName=ctrtCrst&openUrl=Y,부산광역시중구청장,중소벤처기업부장관이 지정 공고한 물품,지명경쟁,2026-05-06 10:31:39,,0.08,,,,,2026-05-06,N,getCntrctInfoListThng,물품,부산광역시 중구,226523000
R26TE14575309,물품,R26TA0181166600,R26TA0181166600,(소액수의)서특단 523함 등 2척 및 예비품 전기통신자재(GPS 안테나 등 11종)구매(특수조건 필독),N,신규,2026-05-04,2026.05.04~2026.05.08,국가계약법 (제26조제1항5호가2목),0,10942090,10,http://www.g2b.go.kr,직불,R26DC00200071,R26BK01472503,1532883,해양경찰청 해양경찰정비창 해양경찰부산정비창,국가기관,기획운영과,신원규,051-419-2317,051-419-2318,[1^1532883^해양경찰청 해양경찰정비창 해양경찰부산정비창^국가기관^기획운영과^이재원^0514192239],[1^주계약업체^단독^유엔글로벌^박현숙^대한민국^100^유엔글로벌^^3883001492],https://www.g2b.go.kr/link/FIUA027_01/single/?ctrtNo=R26TA01811666&ctrtChgOrd=00&prcmBsneSeCd=조070001&srchName=ctrtCrst&openUrl=Y,해양경찰부산정비창,추정가격 2천만원 이하 물품 또는 용역,수의계약,2026-05-06 10:32:24,,0.075,,,,,2026-05-04,N,getCntrctInfoListThng,물품,해양경찰청 해양경찰정비창 해양경찰부산정비창,10942090
R26TE14575536,물품,R26TA0181335200,R26TA0181335200,주기관 수리부속 예비품(MTU12V183부속 등 8종) 구매(특수조건 필독),N,신규,2026-05-01,2026.05.01~2026.10.27,국가계약법 (제21조제1항10호가목),0,67862900,10,http://www.g2b.go.kr,직불,R26DC00191484,R26BK01457254,1532883,해양경찰청 해양경찰정비창 해양경찰부산정비창,국가기관,기획운영과,신원규,051-419-2317,051-419-2318,[1^1532883^해양경찰청 해양경찰정비창 해양경찰부산정비창^국가기관^기획운영과^이재원^0514192239],[1^주계약업체^단독^기보마린 주식회사^김월자^대한민국^100^기보마린 주식회사^^8928802254],https://www.g2b.go.kr/link/FIUA027_01/single/?ctrtNo=R26TA01813352&ctrtChgOrd=00&prcmBsneSeCd=조070001&srchName=ctrtCrst&openUrl=Y,해양경찰부산정비창,"추정가격 1억원 미만 물품·용역(소기업, 소상공인, 벤처기업, 창업자)",제한경쟁,2026-05-06 10:37:41,,0.075,,,,,2026-05-01,N,getCntrctInfoListThng,물품,해양경찰청 해양경찰정비창 해양경찰부산정비창,67862900
R26TE14575585,물품,,R26TA0182876100,국도2호선 가포IC 램프 등 8개소 야간 포장도 보수공사-개질아스콘,N,신규,,계약 후 90일 이내,국가계약법 (제21조제1항8호),0,200160000,10,http://www.g2b.go.kr,직불,R26DC00185587,R26BK01474215,1230155,조달청 경남지방조달청,국가기관,,박수경,070-4056-6751,050-5489-2413,[1^1613800^국토교통부 부산지방국토관리청 김해국토관리사무소^국가기관^운영지원과^김동현^0553406615],[1^주계약업체^단독^주식회사대영건업^박경우^대한민국^100^주식회사대영건업^^6088127836],https://www.g2b.go.kr/link/FIUA027_01/single/?ctrtNo=R26TA01828761&ctrtChgOrd=00&prcmBsneSeCd=조070001&srchName=ctrtCrst&openUrl=Y,대한민국정부경남지방조달청장,중소기업청장이 지정.고시한 제품,제한경쟁,2026-05-06 10:39:03,,0.075,,,,,2026-05-08,N,getCntrctInfoListThng,물품,국토교통부 부산지방국토관리청 김해국토관리사무소,200160000
R26TE14575753,물품,,R26TA0182538900,2026년 전국소년(장애학생)체전 개회식 선수단 환영현수막 등 제작·설치,N,신규,,2026.5.4.~2026.5.26.,지방계약법 (제25조제1항5호나목),0,17919000,5,http://www.g2b.go.kr,직불,,,6260000,부산광역시,지방자치단체,회계재산담당관,정다은,051-888-2237,051-888-2249,[1^6260000^부산광역시^지방자치단체^회계재산담당관^정다은^0518882237],[1^주계약업체^단독^(주)대륙건설광고공사^김화연^대한민국^100^(주)대륙건설광고공사^^6018127169],https://www.g2b.go.kr/link/FIUA027_01/single/?ctrtNo=R26TA01825389&ctrtChgOrd=00&prcmBsneSeCd=조070001&srchName=ctrtCrst&openUrl=Y,부산광역시장,추정가격 2천만원 이하 물품 또는 용역,수의계약,2026-05-06 10:43:48,,0.08,,,,,2026-05-04,N,getCntrctInfoListThng,물품,부산광역시,17919000
R26TE14575814,물품,R26TA0182446800,R26TA0182446800,"2026년 현수막 지정게시대 구매(옥외광고발전기금,2차)",N,신규,2026-05-06,,지방계약법 (제25조제1항5호나목),0,5400000,5,http://www.g2b.go.kr,직불,,,3360000,부산광역시 강서구,지방자치단체,재무과,김태완,,,[1^3360000^부산광역시 강서구^지방자치단체^재무과^김태완^],[1^주계약업체^단독^주식회사 남신테크^류혜진^대한민국^100^주식회사 남신테크^^5048144004],https://www.g2b.go.kr/link/FIUA027_01/single/?ctrtNo=R26TA01824468&ctrtChgOrd=00&prcmBsneSeCd=조070001&srchName=ctrtCrst&openUrl=Y,강서구청장,추정가격 2천만원 이하 물품 또는 용역,수의계약,2026-05-06 10:45:05,,0.08,,,,,2026-05-06,N,getCntrctInfoListThng,물품,부산광역시 강서구,5400000
R26TE14575827,물품,R26TA0182446800,R26TA0182446800,"2026년 현수막 지정게시대 구매(옥외광고발전기금,2차)",N,신규,2026-05-06,,지방계약법 (제25조제1항5호나목),0,5400000,5,http://www.g2b.go.kr,직불,,,3360000,부산광역시 강서구,지방자치단체,재무과,김태완,,,[1^3360000^부산광역시 강서구^지방자치단체^재무과^김태완^],[1^주계약업체^단독^주식회사 남신테크^류혜진^대한민국^100^주식회사 남신테크^^5048144004],https://www.g2b.go.kr/link/FIUA027_01/single/?ctrtNo=R26TA01824468&ctrtChgOrd=00&prcmBsneSeCd=조070001&srchName=ctrtCrst&openUrl=Y,강서구청장,추정가격 2천만원 이하 물품 또는 용역,수의계약,2026-05-06 10:45:23,,0.08,,,,,2026-05-06,N,getCntrctInfoListThng,물품,부산광역시 강서구,5400000
R26TE14575976,물품,R26TA0182510600,R26TA0182510600,(소액수의)통영 1006함 양현 주기관 연료분사노즐팁 교체 및 밸브간극 검사수리,N,신규,2026-05-07,26.5.7.~26.5.13.,국가계약법 (제26조제1항5호가2목),0,10856000,10,http://www.g2b.go.kr,직불,R26DC00202316,R26BK01482179,1532883,해양경찰청 해양경찰정비창 해양경찰부산정비창,국가기관,기획운영과,김대성,051-419-2417,051-419-2318,[1^1532883^해양경찰청 해양경찰정비창 해양경찰부산정비창^국가기관^기획운영과^이재원^0514192239],[1^주계약업체^단독^기보마린 주식회사^김월자^대한민국^100^기보마린 주식회사^^8928802254],https://www.g2b.go.kr/link/FIUA027_01/single/?ctrtNo=R26TA01825106&ctrtChgOrd=00&prcmBsneSeCd=조070001&srchName=ctrtCrst&openUrl=Y,해양경찰부산정비창,추정가격 2천만원 이하 물품 또는 용역,수의계약,2026-05-06 10:47:54,,0.125,,,,,2026-05-07,N,getCntrctInfoListThng,물품,해양경찰청 해양경찰정비창 해양경찰부산정비창,10856000
R26TE14576092,물품,,R26TA0182798300,리턴그릴필터 등 3종 구매,N,신규,,,지방계약법 (제25조제1항5호나목),0,10680000,5,http://www.g2b.go.kr,직불,,,B551542,부산교통공사,지방공기업,회계자산처,박지혜,,,[1^B551542^부산교통공사^지방공기업^회계자산처^박지혜^],[1^주계약업체^단독^태광정밀^강충세^대한민국^100^태광정밀^^6050560695],https://www.g2b.go.kr/link/FIUA027_01/single/?ctrtNo=R26TA01827983&ctrtChgOrd=00&prcmBsneSeCd=조070001&srchName=ctrtCrst&openUrl=Y,부산교통공사사장,추정가격 2천만원 이하 물품 또는 용역,수의계약,2026-05-06 10:50:41,,0.08,,,,,2026-05-08,N,getCntrctInfoListThng,물품,부산교통공사,10680000
R26TE14576172,물품,R26TA0182041300,R26TA0182041300,"(단가)속초 509함 NO.1,2 발전기관(CUMMINS QSM11) 터보차져 총분해수리",N,신규,2026-05-08,26.5.8.~26.5.14.,국가계약법 (제21조제1항10호가목),0,1865600,10,http://www.g2b.go.kr,직불,,,1532883,해양경찰청 해양경찰정비창 해양경찰부산정비창,국가기관,기획운영과,김대성,051-419-2417,051-419-2318,[1^1532883^해양경찰청 해양경찰정비창 해양경찰부산정비창^국가기관^기획운영과^김대성^0514192417],[1^주계약업체^단독^우성터보엔지니어링^황종규^대한민국^100^우성터보엔지니어링^^6013067548],https://www.g2b.go.kr/link/FIUA027_01/single/?ctrtNo=R26TA01820413&ctrtChgOrd=00&prcmBsneSeCd=조070001&srchName=ctrtCrst&openUrl=Y,해양경찰부산정비창,"추정가격 1억원 미만 물품·용역(소기업, 소상공인, 벤처기업, 창업자)",제한경쟁,2026-05-06 10:52:15,,0.125,,,,,2026-05-08,N,getCntrctInfoListThng,물품,해양경찰청 해양경찰정비창 해양경찰부산정비창,1865600
R26TE14576185,물품,R26TA0181502100,R26TA0181502100,분기분전반 구입,N,신규,2026-04-29,2026.4.29.~2026.6.22.,지방계약법 (제25조제1항5호나목),0,7598600,5,http://www.g2b.go.kr,직불,,,6260000,부산광역시,지방자치단체,회계재산담당관,정다은,051-888-2237,051-888-2249,[1^6260000^부산광역시^지방자치단체^회계재산담당관^정다은^0518882237],[1^주계약업체^단독^리안넷 주식회사^김영주^대한민국^100^리안넷 주식회사^^6218161313],https://www.g2b.go.kr/link/FIUA027_01/single/?ctrtNo=R26TA01815021&ctrtChgOrd=00&prcmBsneSeCd=조070001&srchName=ctrtCrst&openUrl=Y,부산광역시장,추정가격 2천만원 이하 물품 또는 용역,수의계약,2026-05-06 10:52:41,,0.08,,,,,2026-04-29,N,getCntrctInfoListThng,물품,부산광역시,7598600
R26TE14576187,물품,,R26TA0182893200,국도25호선 밀양 상남 연금 등 4개소 포장도 보수공사-개질아스콘,N,신규,,계약 후 90일 이내,국가계약법 (제21조제1항8호),0,187938000,10,http://www.g2b.go.kr,직불,R26DC00185589,R26BK01474221,1230155,조달청 경남지방조달청,국가기관,,박수경,070-4056-6751,050-5489-2413,[1^1613800^국토교통부 부산지방국토관리청 김해국토관리사무소^국가기관^운영지원과^김동현^0553406615],[1^주계약업체^단독^부울경아스콘사업협동조합^백승만^대한민국^100^부울경아스콘사업협동조합^^6138212254],https://www.g2b.go.kr/link/FIUA027_01/single/?ctrtNo=R26TA01828932&ctrtChgOrd=00&prcmBsneSeCd=조070001&srchName=ctrtCrst&openUrl=Y,대한민국정부경남지방조달청장,중소기업청장이 지정.고시한 제품,제한경쟁,2026-05-06 10:52:47,,0.075,,,,,2026-05-07,N,getCntrctInfoListThng,물품,국토교통부 부산지방국토관리청 김해국토관리사무소,187938000
R26TE14576240,물품,,R26TA0182904800,국도5호선 창녕 도천 논리 등 8개소 포장도 보수공-개질아스콘,N,신규,,계약 후 90일 이내,국가계약법 (제21조제1항8호),0,252488500,10,http://www.g2b.go.kr,직불,R26DC00185588,R26BK01474230,1230155,조달청 경남지방조달청,국가기관,,박수경,070-4056-6751,050-5489-2413,[1^1613800^국토교통부 부산지방국토관리청 김해국토관리사무소^국가기관^운영지원과^김동현^0553406615],[1^주계약업체^단독^경남중서부아스콘사업협동조합^정채근^대한민국^100^경남중서부아스콘사업협동조합^^4558200171],https://www.g2b.go.kr/link/FIUA027_01/single/?ctrtNo=R26TA01829048&ctrtChgOrd=00&prcmBsneSeCd=조070001&srchName=ctrtCrst&openUrl=Y,대한민국정부경남지방조달청장,중소기업청장이 지정.고시한 제품,제한경쟁,2026-05-06 10:54:09,,0.075,,,,,2026-05-07,N,getCntrctInfoListThng,물품,국토교통부 부산지방국토관리청 김해국토관리사무소,252488500
R26TE14576309,물품,,R26TA0182964000,백양가족공원 테이블 구매,N,신규,,2026.05.06.~2026.05.29.,지방계약법 (제25조제1항5호나목),0,3410000,5,http://www.g2b.go.kr,직불,,,3290000,부산광역시 부산진구,지방자치단체,재무과,한영경,051-605-4151,,[1^3290000^부산광역시 부산진구^지방자치단체^재무과^한영경^0516054151],[1^주계약업체^단독^주식회사 이지디자인^정자옥^대한민국^100^주식회사 이지디자인^^6068124605],https://www.g2b.go.kr/link/FIUA027_01/single/?ctrtNo=R26TA01829640&ctrtChgOrd=00&prcmBsneSeCd=조070001&srchName=ctrtCrst&openUrl=Y,부산광역시 부산진구청장,추정가격 2천만원 이하 물품 또는 용역,수의계약,2026-05-06 10:55:44,,0.08,,,,,2026-05-06,N,getCntrctInfoListThng,물품,부산광역시 부산진구,3410000
R26TE14576338,물품,,R26TA0182966400,2026년 행정 사무용품 구입,N,신규,,계약일로부터 30일,지방계약법 (제25조제1항5호나목),0,6342700,10,http://www.g2b.go.kr,직불,,,B551542,부산교통공사,지방공기업,회계자산처,강동현,051-678-6250,,[1^B551542^부산교통공사^지방공기업^회계자산처^강동현^0516786250],[1^주계약업체^단독^다성사무용품^문원재^대한민국^100^다성사무용품^^6211282118],https://www.g2b.go.kr/link/FIUA027_01/single/?ctrtNo=R26TA01829664&ctrtChgOrd=00&prcmBsneSeCd=조070001&srchName=ctrtCrst&openUrl=Y,부산교통공사사장,추정가격 2천만원 이하 물품 또는 용역,수의계약,2026-05-06 10:56:34,,0.08,,,,,2026-05-06,N,getCntrctInfoListThng,물품,부산교통공사,6342700
R26TE14576352,물품,,R25TA0083298301,2026학년도 동주여자고등학교 신입생 교복[동복•하복(생활복)] 학교주관 구매 ,N,신규,,,지방계약법 (제2조의2제1항1호),0,39824000,10,http://www.g2b.go.kr,직불,,R25BK00974345,7150431,부산광역시교육청 동주여자고등학교,기타기관,행정실,유수진,051-240-3004,051-246-4097,[1^7150431^부산광역시교육청 동주여자고등학교^기타기관^행정실^유수진^0512403004],"[1^주계약업체^단독^아이비클럽 (대신,수정)^오임호^대한민국^100^아이비클럽 (대신,수정)^^6040242276]",https://www.g2b.go.kr/link/FIUA027_01/single/?ctrtNo=R25TA00832983&ctrtChgOrd=01&prcmBsneSeCd=조070001&srchName=ctrtCrst&openUrl=Y,동주여자고등학교장,"[판로지원법 시행령] 소기업,소상공인제한",제한경쟁,2026-05-06 10:56:56,,0.08,,,,,2026-05-05,N,getCntrctInfoListThng,물품,부산광역시교육청 동주여자고등학교,39824000
R26TE14576428,물품,,R26TA0182961700,전동차 운전실용 DRIVERS SEAT ASSY 등 45종 구매,N,신규,,,지방계약법 (제20조제1항6호),0,419374300,5,http://www.g2b.go.kr,직불,,R26BK01479517,B551542,부산교통공사,지방공기업,회계자산처,박미정,051-640-7248,051-640-7255,[1^B551542^부산교통공사^지방공기업^회계자산처^박미정^0516407248],[1^주계약업체^단독^태광정밀^강충세^대한민국^100^태광정밀^^6050560695],https://www.g2b.go.kr/link/FIUA027_01/single/?ctrtNo=R26TA01829617&ctrtChgOrd=00&prcmBsneSeCd=조070001&srchName=ctrtCrst&openUrl=Y,부산교통공사사장,행정안전부령 금액 미만 본점소재지,제한경쟁,2026-05-06 10:58:42,,0.08,,,,,2026-05-11,N,getCntrctInfoListThng,물품,부산교통공사,419374300
R26TE14576502,물품,R26TA0181586500,R26TA0181586500,(소액수의)통영 1006함 등 3척 및 예비품 전기통신자재(온도스위치 등 17종) 구매(특수조건 필독),N,신규,2026-05-06,2026.05.06~2026.05.08,국가계약법 (제26조제1항5호가2목),0,7695630,10,http://www.g2b.go.kr,직불,R26DC00201708,R26BK01479601,1532883,해양경찰청 해양경찰정비창 해양경찰부산정비창,국가기관,기획운영과,신원규,051-419-2317,051-419-2318,[1^1532883^해양경찰청 해양경찰정비창 해양경찰부산정비창^국가기관^기획운영과^이재원^0514192239],[1^주계약업체^단독^메디아이^신승호^대한민국^100^메디아이^^6063451826],https://www.g2b.go.kr/link/FIUA027_01/single/?ctrtNo=R26TA01815865&ctrtChgOrd=00&prcmBsneSeCd=조070001&srchName=ctrtCrst&openUrl=Y,해양경찰부산정비창,추정가격 2천만원 이하 물품 또는 용역,수의계약,2026-05-06 11:00:33,,0.075,,,,,2026-05-06,N,getCntrctInfoListThng,물품,해양경찰청 해양경찰정비창 해양경찰부산정비창,7695630
R26TE14576553,물품,R26TA0181196400,R26TA0181196400,"(단가)속초 509함 NO.1,2 발전기관 취외취부 및 중심조정수리(QSM11)",N,신규,2026-05-06,26.5.6.~26.6.2.,국가계약법 (제21조제1항10호나목),0,7800000,10,http://www.g2b.go.kr,직불,,,1532883,해양경찰청 해양경찰정비창 해양경찰부산정비창,국가기관,기획운영과,김대성,051-419-2417,051-419-2318,[1^1532883^해양경찰청 해양경찰정비창 해양경찰부산정비창^국가기관^기획운영과^김대성^0514192417],[1^주계약업체^단독^기보마린 주식회사^김월자^대한민국^100^기보마린 주식회사^^8928802254],https://www.g2b.go.kr/link/FIUA027_01/single/?ctrtNo=R26TA01811964&ctrtChgOrd=00&prcmBsneSeCd=조070001&srchName=ctrtCrst&openUrl=Y,해양경찰부산정비창,추정가격 1억원이상 고시금액 미만  물품·용역(중소기업자),제한경쟁,2026-05-06 11:02:05,,0.125,,,,,2026-05-06,N,getCntrctInfoListThng,물품,해양경찰청 해양경찰정비창 해양경찰부산정비창,7800000
R26TE14577058,물품,R26TA0182538900,R26TA0182538900,2026년 전국소년(장애학생)체전 개회식 선수단 환영현수막 등 제작·설치,N,신규,2026-05-04,2026.5.4.~2026.5.26.,지방계약법 (제25조제1항5호나목),0,17919000,5,http://www.g2b.go.kr,직불,,,6260000,부산광역시,지방자치단체,회계재산담당관,정다은,051-888-2237,051-888-2249,[1^6260000^부산광역시^지방자치단체^회계재산담당관^정다은^0518882237],[1^주계약업체^단독^(주)대륙건설광고공사^김화연^대한민국^100^(주)대륙건설광고공사^^6018127169],https://www.g2b.go.kr/link/FIUA027_01/single/?ctrtNo=R26TA01825389&ctrtChgOrd=00&prcmBsneSeCd=조070001&srchName=ctrtCrst&openUrl=Y,부산광역시장,추정가격 2천만원 이하 물품 또는 용역,수의계약,2026-05-06 11:15:04,,0.08,,,,,2026-05-04,N,getCntrctInfoListThng,물품,부산광역시,17919000
R26TE14577200,물품,R26TA0182761800,R26TA0182761800,폐열보일러 증발관 Protector 구매,N,신규,2026-05-06,계약일로부터 15일,지방계약법 (제25조제1항5호나목),0,3465000,5,http://www.g2b.go.kr,직불,,,ZI00238,부산환경공단 명지사업소,지방공기업,부산환경공단 명지사업소,이민경,051-790-3512,051-790-3560,[1^ZI00238^부산환경공단 명지사업소^지방공기업^부산환경공단 명지사업소^이민경^0517903512],[1^주계약업체^단독^회성이엔지^구민수^대한민국^100^회성이엔지^^6173708126],https://www.g2b.go.kr/link/FIUA027_01/single/?ctrtNo=R26TA01827618&ctrtChgOrd=00&prcmBsneSeCd=조070001&srchName=ctrtCrst&openUrl=Y,명지사업소장,추정가격 2천만원 이하 물품 또는 용역,수의계약,2026-05-06 11:18:56,,0.08,,,,,2026-05-06,N,getCntrctInfoListThng,물품,부산환경공단 명지사업소,3465000
R26TE14577644,물품,,R26TA0182999600,전동차 축상용 자동조심롤러베어링 등 10종 구매,N,신규,,,지방계약법 (제20조제1항6호),0,218624300,5,http://www.g2b.go.kr,직불,,R26BK01479441,B551542,부산교통공사,지방공기업,회계자산처,박미정,051-640-7248,051-640-7255,[1^B551542^부산교통공사^지방공기업^회계자산처^박미정^0516407248],[1^주계약업체^단독^유선상사^정달화^대한민국^100^유선상사^^6054392618],https://www.g2b.go.kr/link/FIUA027_01/single/?ctrtNo=R26TA01829996&ctrtChgOrd=00&prcmBsneSeCd=조070001&srchName=ctrtCrst&openUrl=Y,부산교통공사사장,행정안전부령 금액 미만 본점소재지,제한경쟁,2026-05-06 11:29:34,,0.08,,,,,2026-05-11,N,getCntrctInfoListThng,물품,부산교통공사,218624300
R26TE14577923,물품,,R26TA0183019100,동구국민체육문예센터 승강기 노후 부품 정비,N,신규,,,지방계약법 (제25조제1항5호나목),0,5933400,5,http://www.g2b.go.kr,직불,,,3270000,부산광역시 동구,지방자치단체,재무과,남수현,051-440-4144,,[1^3270000^부산광역시 동구^지방자치단체^재무과^남수현^0514404144],[1^주계약업체^단독^(주)한림기업^양재진^대한민국^100^(주)한림기업^^5148133445],https://www.g2b.go.kr/link/FIUA027_01/single/?ctrtNo=R26TA01830191&ctrtChgOrd=00&prcmBsneSeCd=조070001&srchName=ctrtCrst&openUrl=Y,부산광역시동구청장,추정가격 2천만원 이하 물품 또는 용역,수의계약,2026-05-06 11:39:58,,0.08,,,,,2026-05-06,N,getCntrctInfoListThng,물품,부산광역시 동구,5933400
R26TE14578423,물품,R26TA0182964000,R26TA0182964000,백양가족공원 테이블 구매,N,신규,2026-05-06,2026.05.06.~2026.05.29.,지방계약법 (제25조제1항5호나목),0,3410000,5,http://www.g2b.go.kr,직불,,,3290000,부산광역시 부산진구,지방자치단체,재무과,한영경,051-605-4151,,[1^3290000^부산광역시 부산진구^지방자치단체^재무과^한영경^0516054151],[1^주계약업체^단독^주식회사 이지디자인^정자옥^대한민국^100^주식회사 이지디자인^^6068124605],https://www.g2b.go.kr/link/FIUA027_01/single/?ctrtNo=R26TA01829640&ctrtChgOrd=00&prcmBsneSeCd=조070001&srchName=ctrtCrst&openUrl=Y,부산광역시 부산진구청장,추정가격 2천만원 이하 물품 또는 용역,수의계약,2026-05-06 12:48:28,,0.08,,,,,2026-05-06,N,getCntrctInfoListThng,물품,부산광역시 부산진구,3410000
R26TE14578597,물품,R26TA0177891800,R26TA0177891800,부산대학교 AI서비스 환경 제공 사업,N,신규,2026-05-04,계약 후 30일 이내,국가계약법 (제21조제1항10호나목),0,187000000,10,http://www.g2b.go.kr,직불,R26DC00156460,R26BK01343462,1230130,조달청 부산지방조달청,국가기관,경영관리과,조정렬,051-330-6535,050-5730-1840,[1^7000463^부산대학교^교육기관^재무과^손보경^],[1^주계약업체^단독^주식회사 아이코어이앤씨^구천리^대한민국^100^주식회사 아이코어이앤씨^^1428128238],https://www.g2b.go.kr/link/FIUA027_01/single/?ctrtNo=R26TA01778918&ctrtChgOrd=00&prcmBsneSeCd=조070001&srchName=ctrtCrst&openUrl=Y,대한민국정부부산지방조달청장,추정가격 1억원이상 고시금액 미만  물품·용역(중소기업자),제한경쟁,2026-05-06 13:03:32,,0.075,,,,,2026-05-04,Y,getCntrctInfoListThng,물품,부산대학교,187000000
R26TE14578712,물품,R26TA0182841200,R26TA0182841200,2026년 수영고가교 내진성능 보강공사 관급자재(교량받침) 구매,N,신규,2026-05-06,,지방계약법 (제12조),0,386897010,5,http://www.g2b.go.kr,직불,,R26BK01459345,6260000,부산광역시,지방자치단체,회계재산담당관,김주홍,051-888-2244,,[1^6260409^부산광역시 건설안전시험사업소^지방자치단체^관리팀^조윤정^],[1^주계약업체^단독^포인텍이앤씨 주식회사^김선엽^대한민국^100^포인텍이앤씨 주식회사^^2158779094],https://www.g2b.go.kr/link/FIUA027_01/single/?ctrtNo=R26TA01828412&ctrtChgOrd=00&prcmBsneSeCd=조070001&srchName=ctrtCrst&openUrl=Y,부산광역시장,경쟁은 입찰의 방법으로 행함,일반경쟁,2026-05-06 13:08:21,,0.08,,,,,2026-05-06,N,getCntrctInfoListThng,물품,부산광역시 건설안전시험사업소,386897010
R26TE14578730,물품,R26TA0181196400,R26TA0181196400,"(단가)속초 509함 NO.1,2 발전기관 취외취부 및 중심조정수리(QSM11)",N,신규,2026-05-06,26.5.6.~26.6.2.,국가계약법 (제21조제1항10호나목),0,7800000,10,http://www.g2b.go.kr,직불,,,1532883,해양경찰청 해양경찰정비창 해양경찰부산정비창,국가기관,기획운영과,김대성,051-419-2417,051-419-2318,[1^1532883^해양경찰청 해양경찰정비창 해양경찰부산정비창^국가기관^기획운영과^김대성^0514192417],[1^주계약업체^단독^기보마린 주식회사^김월자^대한민국^100^기보마린 주식회사^^8928802254],https://www.g2b.go.kr/link/FIUA027_01/single/?ctrtNo=R26TA01811964&ctrtChgOrd=00&prcmBsneSeCd=조070001&srchName=ctrtCrst&openUrl=Y,해양경찰부산정비창,추정가격 1억원이상 고시금액 미만  물품·용역(중소기업자),제한경쟁,2026-05-06 13:08:55,,0.125,,,,,2026-05-06,N,getCntrctInfoListThng,물품,해양경찰청 해양경찰정비창 해양경찰부산정비창,7800000
R26TE14578882,물품,R26TA0182053800,R26TA0182053800,"(단가)속초 509함 NO.1,2 발전기관(CUMMINS QSM11) 실린더헤드 가공수리",N,신규,2026-05-08,26.5.8.~26.5.14.,국가계약법 (제21조제1항10호가목),0,4216000,10,http://www.g2b.go.kr,직불,,,1532883,해양경찰청 해양경찰정비창 해양경찰부산정비창,국가기관,기획운영과,김대성,051-419-2417,051-419-2318,[1^1532883^해양경찰청 해양경찰정비창 해양경찰부산정비창^국가기관^기획운영과^김대성^0514192417],[1^주계약업체^단독^디와이이엔지^김신호^대한민국^100^디와이이엔지^^5582601056],https://www.g2b.go.kr/link/FIUA027_01/single/?ctrtNo=R26TA01820538&ctrtChgOrd=00&prcmBsneSeCd=조070001&srchName=ctrtCrst&openUrl=Y,해양경찰부산정비창,"추정가격 1억원 미만 물품·용역(소기업, 소상공인, 벤처기업, 창업자)",제한경쟁,2026-05-06 13:14:03,,0.125,,,,,2026-05-08,N,getCntrctInfoListThng,물품,해양경찰청 해양경찰정비창 해양경찰부산정비창,4216000
R26TE14579149,물품,R26TA0181855400,R26TA0181855400,(소액수의)선체과 자산취득물품(선거계 고압세척기) 구매,N,신규,2026-05-06,26.05.06~26.08.05,국가계약법 (제26조제1항5호가3목),0,30964840,10,http://www.g2b.go.kr,직불,R26DC00198579,R26BK01477363,1532883,해양경찰청 해양경찰정비창 해양경찰부산정비창,국가기관,기획운영과,박규찬,051-419-2239,051-419-2318,[1^1532883^해양경찰청 해양경찰정비창 해양경찰부산정비창^국가기관^기획운영과^박규찬^0514192239],[1^주계약업체^단독^베스트유^이유나^대한민국^100^베스트유^^8152002320],https://www.g2b.go.kr/link/FIUA027_01/single/?ctrtNo=R26TA01818554&ctrtChgOrd=00&prcmBsneSeCd=조070001&srchName=ctrtCrst&openUrl=Y,해양경찰부산정비창,추정가격 2천만원 초과 1억원 이하 물품·용역(소기업.소상공인 계약),수의계약,2026-05-06 13:21:32,,0.075,,,,,2026-05-06,N,getCntrctInfoListThng,물품,해양경찰청 해양경찰정비창 해양경찰부산정비창,30964840
R26TE14579507,물품,,R26TA0183025100,도어엔진용 U패킹 등 5종 구매,N,신규,,,지방계약법 (제25조제1항5호나목),0,9760000,5,http://www.g2b.go.kr,직불,,,B551542,부산교통공사,지방공기업,회계자산처,김예지,,,[1^B551542^부산교통공사^지방공기업^회계자산처^김예지^],[1^주계약업체^단독^한울기업^임주현^대한민국^100^한울기업^^4124100389],https://www.g2b.go.kr/link/FIUA027_01/single/?ctrtNo=R26TA01830251&ctrtChgOrd=00&prcmBsneSeCd=조070001&srchName=ctrtCrst&openUrl=Y,부산교통공사사장,추정가격 2천만원 이하 물품 또는 용역,수의계약,2026-05-06 13:30:14,,0.08,,,,,2026-05-06,N,getCntrctInfoListThng,물품,부산교통공사,9760000
R26TE14579698,물품,,R26TA0183019100,동구국민체육문예센터 승강기 노후 부품 정비,N,신규,,,지방계약법 (제25조제1항5호나목),0,6061000,5,http://www.g2b.go.kr,직불,,,3270000,부산광역시 동구,지방자치단체,재무과,남수현,051-440-4144,,[1^3270000^부산광역시 동구^지방자치단체^재무과^남수현^0514404144],[1^주계약업체^단독^(주)한림기업^양재진^대한민국^100^(주)한림기업^^5148133445],https://www.g2b.go.kr/link/FIUA027_01/single/?ctrtNo=R26TA01830191&ctrtChgOrd=00&prcmBsneSeCd=조070001&srchName=ctrtCrst&openUrl=Y,부산광역시동구청장,추정가격 2천만원 이하 물품 또는 용역,수의계약,2026-05-06 13:35:26,,0.08,,,,,2026-05-06,N,getCntrctInfoListThng,물품,부산광역시 동구,6061000
R26TE14579845,물품,,R26TA0183078200,SMPS함 구매 [정관체육시설 축구장 스포츠조명 교체공사],N,신규,,,지방계약법 (제25조제1항5호나목),0,12000000,5,http://www.g2b.go.kr,직불,,,3400000,부산광역시 기장군,지방자치단체,재무과,윤성미,,,[1^3400000^부산광역시 기장군^지방자치단체^재무과^윤성미^],[1^주계약업체^단독^천광전업(주)^천광명^대한민국^100^천광전업(주)^^6218171640],https://www.g2b.go.kr/link/FIUA027_01/single/?ctrtNo=R26TA01830782&ctrtChgOrd=00&prcmBsneSeCd=조070001&srchName=ctrtCrst&openUrl=Y,기장군수,추정가격 2천만원 이하 물품 또는 용역,수의계약,2026-05-06 13:39:42,,0.08,,,,,2026-05-06,N,getCntrctInfoListThng,물품,부산광역시 기장군,12000000
R26TE14579964,물품,R26TA0181209600,R26TA0181209600,2026년 검사실 시약 및 소모품 구입,N,신규,2026-05-06,,지방계약법 (제25조제1항5호라목),0,31319200,5,http://www.g2b.go.kr,직불,,R26BK01481191,3360024,부산광역시 강서구 보건소,지방자치단체,보건행정과,신진숙,,,[1^3360024^부산광역시 강서구 보건소^지방자치단체^보건행정과^신진숙^],[1^주계약업체^단독^주식회사 부영상사^정순연^대한민국^100^주식회사 부영상사^^6458800344],https://www.g2b.go.kr/link/FIUA027_01/single/?ctrtNo=R26TA01812096&ctrtChgOrd=00&prcmBsneSeCd=조070001&srchName=ctrtCrst&openUrl=Y,강서구 보건소 재무관,추정가격 2천만원 초과 1억원 이하 물품·용역(소기업 소상공인 계약),수의계약,2026-05-06 13:42:10,,0.08,,,,,2026-05-06,N,getCntrctInfoListThng,물품,부산광역시 강서구 보건소,31319200
R26TE14580038,물품,,R26TA0183039600,라인데리아용 깊은홈볼베어링 등 5종 구매,N,신규,,,지방계약법 (제25조제1항5호나목),0,9669000,5,http://www.g2b.go.kr,직불,,,B551542,부산교통공사,지방공기업,회계자산처,김예지,,,[1^B551542^부산교통공사^지방공기업^회계자산처^김예지^],[1^주계약업체^단독^유선상사^정달화^대한민국^100^유선상사^^6054392618],https://www.g2b.go.kr/link/FIUA027_01/single/?ctrtNo=R26TA01830396&ctrtChgOrd=00&prcmBsneSeCd=조070001&srchName=ctrtCrst&openUrl=Y,부산교통공사사장,추정가격 2천만원 이하 물품 또는 용역,수의계약,2026-05-06 13:43:54,,0.08,,,,,2026-05-06,N,getCntrctInfoListThng,물품,부산교통공사,9669000
R26TE14580295,물품,,R26TA0183091100,2026년 꽃피는 마을 에코 수영 프로젝트 가로등 걸이 화분 잡자재 구입,N,신규,,,지방계약법 (제25조제1항5호나목),0,10969000,10,http://www.g2b.go.kr,직불,,,3380000,부산광역시 수영구,지방자치단체,재무과,장지혜,,,[1^3380000^부산광역시 수영구^지방자치단체^재무과^장지혜^],[1^주계약업체^단독^그린토피아^이동규^대한민국^100^그린토피아^^4630901936],https://www.g2b.go.kr/link/FIUA027_01/single/?ctrtNo=R26TA01830911&ctrtChgOrd=00&prcmBsneSeCd=조070001&srchName=ctrtCrst&openUrl=Y,부산광역시수영구청장,추정가격 2천만원 이하 물품 또는 용역,수의계약,2026-05-06 13:50:01,,0.08,,,,,2026-05-06,N,getCntrctInfoListThng,물품,부산광역시 수영구,10969000
R26TE14580562,물품,R26TA0181442501,R26TA0181442501,2026년 수산종자 매입방류사업 전복 구입,N,신규,2026-05-06,,지방계약법 (제25조제1항5호라목),0,40000000,5,http://www.g2b.go.kr,직불,,R26BK01457422,3260000,부산광역시 서구,지방자치단체,서구청 재무과,김우진,051-240-4145,051-240-4149,[1^3260000^부산광역시 서구^지방자치단체^서구청 재무과^김우진^0512404145],[1^주계약업체^단독^화수분 전복마을^최연희^대한민국^100^화수분 전복마을^^6139121212],https://www.g2b.go.kr/link/FIUA027_01/single/?ctrtNo=R26TA01814425&ctrtChgOrd=01&prcmBsneSeCd=조070001&srchName=ctrtCrst&openUrl=Y,부산광역시 서구청장,추정가격 2천만원 초과 1억원 이하 물품·용역(소기업 소상공인 계약),수의계약,2026-05-06 13:55:12,,0.08,,,,,2026-05-06,N,getCntrctInfoListThng,물품,부산광역시 서구,40000000
R26TE14580830,물품,,R25TA0085739902,2026학년도 부산중앙중학교 교복(생활복) 학교주관구매,N,신규,,,지방계약법 (제2조의2제1항1호),0,71430000,5,http://www.g2b.go.kr,직불,,R25BK01005329,7211196,부산광역시교육청 부산광역시해운대교육지원청 부산중앙중학교,교육기관,행정실,이윤경,,,[1^7211196^부산광역시교육청 부산광역시해운대교육지원청 부산중앙중학교^교육기관^행정실^이윤경^],[1^주계약업체^단독^엘리트(교복점)^전영주^대한민국^100^엘리트(교복점)^^6212141875],https://www.g2b.go.kr/link/FIUA027_01/single/?ctrtNo=R25TA00857399&ctrtChgOrd=02&prcmBsneSeCd=조070001&srchName=ctrtCrst&openUrl=Y,부산중앙중학교,"[판로지원법 시행령] 소기업,소상공인제한",제한경쟁,2026-05-06 14:00:55,,0.08,,,,,2026-05-06,N,getCntrctInfoListThng,물품,부산광역시교육청 부산광역시해운대교육지원청 부산중앙중학교,71430000
R26TE14580865,물품,R26TA0182164000,R26TA0182164000,지소 원격감시제어시스템 재정비 사업,N,신규,2026-05-06,계약 후 240일 이내,지방계약법 (제25조제1항6호라5목),0,354000000,5,http://www.g2b.go.kr,대지급,R26DC00198054,R26BK01492749,1230130,조달청 부산지방조달청,국가기관,경영관리과,이재형,070-4056-6590,050-5730-1904,[1^6260099^부산광역시 상수도사업본부 시설관리사업소^지방자치단체^관리팀^류화수^0516694523],[1^주계약업체^단독^동영테크원 주식회사^정윤화^대한민국^100^동영테크원 주식회사^^6218117350],https://www.g2b.go.kr/link/FIUA027_01/single/?ctrtNo=R26TA01821640&ctrtChgOrd=00&prcmBsneSeCd=조070001&srchName=ctrtCrst&openUrl=Y,대한민국정부부산지방조달청장,조달청우수제품,수의계약,2026-05-06 14:01:44,,0.08,,,,,2026-05-06,N,getCntrctInfoListThng,물품,부산광역시 상수도사업본부 시설관리사업소,354000000
R26TE14581159,물품,,R25TA0092270001,"2026학년도 동주여자고등학교 신입생 체육복(동복, 하복) 학교주관구매",N,신규,,,지방계약법 (제2조의2제1항2호),0,12904000,10,http://www.g2b.go.kr,직불,,R25BK01025289,7150431,부산광역시교육청 동주여자고등학교,기타기관,행정실,유수진,051-240-3004,051-246-4097,[1^7150431^부산광역시교육청 동주여자고등학교^기타기관^행정실^유수진^0512403004],[1^주계약업체^단독^대한추리닝^김삼수^대한민국^100^대한추리닝^^6061716142],https://www.g2b.go.kr/link/FIUA027_01/single/?ctrtNo=R25TA00922700&ctrtChgOrd=01&prcmBsneSeCd=조070001&srchName=ctrtCrst&openUrl=Y,동주여자고등학교장,"[판로지원법 시행령] 중기업,소기업,소상공인 제한",제한경쟁,2026-05-06 14:08:59,,0.08,,,,,2026-05-06,N,getCntrctInfoListThng,물품,부산광역시교육청 동주여자고등학교,12904000
R26TE14581261,물품,20240810C7602,20240810C7602,부산북항 재개발사업 배후도로(지하차도) 건설공사 지급자재(CCTV설비),N,신규,2025-12-01,2025.12.31.까지,국가계약법 (제21조제1항8호),0,364386720,5,http://www.g2b.go.kr,직불,,20240811626,B551220,부산항만공사,기타공공기관,,김지혜,051-999-3031,,[1^B551220^부산항만공사^기타공공기관^^김지혜^0519993031],[1^주계약업체^단독^(주)주영일렉트로닉^박창식^대한민국^100^(주)주영일렉트로닉^^1238180378],https://www.g2b.go.kr/link/FIUA027_01/single/?ctrtNo=20240810C76_1&ctrtChgOrd=02&prcmBsneSeCd=조070001&srchName=ctrtCrst&openUrl=Y,부산항만공사장,중소기업청장이 지정.고시한 제품,제한경쟁,2026-05-06 14:11:44,,0.075,,,,,2025-12-01,N,getCntrctInfoListThng,물품,부산항만공사,364386720
R26TE14581351,물품,,R26TA0183071300,금샘고등학교『2026학년도 1학기 실험실습재료 구매』수의계약 안내 공고,N,신규,,계약일로부터 30일이내,지방계약법 (제25조제1항5호라목),0,44778360,5,http://www.g2b.go.kr,직불,,R26BK01462811,7150738,부산광역시교육청 금샘고등학교,기타기관,행정실,정효진,051-540-0106,051-540-0107,[1^7150738^부산광역시교육청 금샘고등학교^기타기관^행정실^정효진^0515400106],[1^주계약업체^단독^무진물산^최건우^대한민국^100^무진물산^^4910103189],https://www.g2b.go.kr/link/FIUA027_01/single/?ctrtNo=R26TA01830713&ctrtChgOrd=00&prcmBsneSeCd=조070001&srchName=ctrtCrst&openUrl=Y,금샘고등학교장,추정가격 2천만원 초과 1억원 이하 물품·용역(소기업 소상공인 계약),수의계약,2026-05-06 14:14:07,,0.08,,,,,2026-05-08,N,getCntrctInfoListThng,물품,부산광역시교육청 금샘고등학교,44778360
R26TE14581429,물품,R26TA0183078200,R26TA0183078200,SMPS함 구매 [정관체육시설 축구장 스포츠조명 교체공사],N,신규,2026-05-06,,지방계약법 (제25조제1항5호나목),0,12000000,5,http://www.g2b.go.kr,직불,,,3400000,부산광역시 기장군,지방자치단체,재무과,윤성미,,,[1^3400000^부산광역시 기장군^지방자치단체^재무과^윤성미^],[1^주계약업체^단독^천광전업(주)^천광명^대한민국^100^천광전업(주)^^6218171640],https://www.g2b.go.kr/link/FIUA027_01/single/?ctrtNo=R26TA01830782&ctrtChgOrd=00&prcmBsneSeCd=조070001&srchName=ctrtCrst&openUrl=Y,기장군수,추정가격 2천만원 이하 물품 또는 용역,수의계약,2026-05-06 14:15:52,,0.08,,,,,2026-05-06,N,getCntrctInfoListThng,물품,부산광역시 기장군,12000000
R26TE14581443,물품,,R26TA0183123900,여성보호계 마약이용성범죄 대응체계 키트 구입,N,신규,,,국가계약법 (제26조제1항5호가2목),0,9365700,10,http://www.g2b.go.kr,직불,,,1811832,경찰청 부산광역시경찰청,국가기관,경무기획과 경리계,성지훈,051-899-2222,051-899-3333,[1^1811832^경찰청 부산광역시경찰청^국가기관^경무기획과 경리계^성지훈^0518992222],[1^주계약업체^단독^주식회사 필메디^이병환^대한민국^100^주식회사 필메디^^2838701487],https://www.g2b.go.kr/link/FIUA027_01/single/?ctrtNo=R26TA01831239&ctrtChgOrd=00&prcmBsneSeCd=조070001&srchName=ctrtCrst&openUrl=Y,부산지방경찰청,추정가격 2천만원 이하 물품 또는 용역,수의계약,2026-05-06 14:16:19,,0.075,,,,,2026-05-06,N,getCntrctInfoListThng,물품,경찰청 부산광역시경찰청,9365700
R26TE14581466,물품,R26TA0182365300,R26TA0182365300,통영 1006함 등 5척 전기통신자재(신신펌프ASSY 등 26종)구매,N,신규,2026-04-30,2026.04.30~2026.05.09,국가계약법 (제26조제1항5호가2목),0,10218000,5,http://www.g2b.go.kr,직불,,,1532883,해양경찰청 해양경찰정비창 해양경찰부산정비창,국가기관,기획운영과,신원규,051-419-2317,051-419-2318,[1^1532883^해양경찰청 해양경찰정비창 해양경찰부산정비창^국가기관^기획운영과^신원규^0514192317],[1^주계약업체^단독^유원피팅^유경윤^대한민국^100^유원피팅^^2050718176],https://www.g2b.go.kr/link/FIUA027_01/single/?ctrtNo=R26TA01823653&ctrtChgOrd=00&prcmBsneSeCd=조070001&srchName=ctrtCrst&openUrl=Y,해양경찰부산정비창,추정가격 2천만원 이하 물품 또는 용역,수의계약,2026-05-06 14:16:50,,0.075,,,,,2026-04-30,N,getCntrctInfoListThng,물품,해양경찰청 해양경찰정비창 해양경찰부산정비창,10218000
R26TE14581497,물품,,R26TA0183055700,유도플라즈마 분광광도계 구매,N,신규,,계약 후 90일 이내,지방계약법 (제26조제2항),0,161000000,5,http://www.g2b.go.kr,대지급,R26DC00182028,R26BK01495152,1230155,조달청 경남지방조달청,국가기관,,이기훈,070-4056-6754,050-5480-1756,[1^6260103^부산광역시 상수도사업본부 덕산정수사업소^지방자치단체^덕산정수사업소^이선우^0516694901],[1^주계약업체^단독^베이스테크 주식회사^이명석^대한민국^100^베이스테크 주식회사^^3258701326],https://www.g2b.go.kr/link/FIUA027_01/single/?ctrtNo=R26TA01830557&ctrtChgOrd=00&prcmBsneSeCd=조070001&srchName=ctrtCrst&openUrl=Y,대한민국정부경남지방조달청장,경쟁입찰을 실시했으나 입찰자가 1인뿐인 경우 수의계약(행안부장관 고시기간),수의계약,2026-05-06 14:17:30,,0.08,,,,,2026-05-07,N,getCntrctInfoListThng,물품,부산광역시 상수도사업본부 덕산정수사업소,161000000
R26TE14581862,물품,R26TA0182403400,R26TA0182403400,차체팀 30tom 천장크레인 권상장치 등 수선,N,신규,2026-05-06,,지방계약법 (제25조제1항5호나목),0,9460000,5,http://www.g2b.go.kr,직불,,,B551542,부산교통공사,지방공기업,회계자산처,유다예,,,[1^B551542^부산교통공사^지방공기업^회계자산처^유다예^],[1^주계약업체^단독^토성산업^양정희^대한민국^100^토성산업^^8973901174],https://www.g2b.go.kr/link/FIUA027_01/single/?ctrtNo=R26TA01824034&ctrtChgOrd=00&prcmBsneSeCd=조070001&srchName=ctrtCrst&openUrl=Y,부산교통공사사장,추정가격 2천만원 이하 물품 또는 용역,수의계약,2026-05-06 14:26:59,,0.08,,,,,2026-05-06,N,getCntrctInfoListThng,물품,부산교통공사,9460000
R26TE14581905,물품,,R26TA0183086400,2026학년도 좌동초등학교 돌봄교실 및 병설유치원 방학 중 위탁급식(벌크식) 구매 ,N,신규,,,지방계약법 (제25조제1항5호라목),0,24147480,5,http://www.g2b.go.kr,직불,,R26BK01444145,7210081,부산광역시해운대교육청 좌동초등학교,교육기관,행정실,이해원,051-709-0804,051-701-4738,[1^7210081^부산광역시해운대교육청 좌동초등학교^교육기관^행정실^이해원^0517090804],[1^주계약업체^단독^채선당 도시락 부산보건대점^김주영^대한민국^100^채선당 도시락 부산보건대점^^2301302384],https://www.g2b.go.kr/link/FIUA027_01/single/?ctrtNo=R26TA01830864&ctrtChgOrd=00&prcmBsneSeCd=조070001&srchName=ctrtCrst&openUrl=Y,좌동초등학교장,추정가격 2천만원 초과 1억원 이하 물품·용역(소기업 소상공인 계약),수의계약,2026-05-06 14:27:51,,0.08,,,,,2026-05-08,N,getCntrctInfoListThng,물품,부산광역시해운대교육청 좌동초등학교,24147480
R26TE14582384,물품,R26TA0182754000,R26TA0182754000,2026년 나무심기 작업용 자재 구입,N,신규,2026-05-06,,지방계약법 (제25조제1항5호나목),0,1723700,5,http://www.g2b.go.kr,직불,,,3310000,부산광역시 남구,지방자치단체,재무과,이나라,051-607-4148,051-607-4149,[1^3310000^부산광역시 남구^지방자치단체^재무과^이나라^0516074148],[1^주계약업체^단독^더 푸른^백승용^대한민국^100^더 푸른^^6020666042],https://www.g2b.go.kr/link/FIUA027_01/single/?ctrtNo=R26TA01827540&ctrtChgOrd=00&prcmBsneSeCd=조070001&srchName=ctrtCrst&openUrl=Y,부산광역시남구청,추정가격 2천만원 이하 물품 또는 용역,수의계약,2026-05-06 14:39:06,,0.08,,,,,2026-05-06,N,getCntrctInfoListThng,물품,부산광역시 남구,1723700
R26TE14582423,물품,,R26TA0183086400,2026학년도 좌동초등학교 돌봄교실 및 병설유치원 방학 중 위탁급식(벌크식) 구매 ,N,신규,,,지방계약법 (제25조제1항5호라목),0,24147480,5,http://www.g2b.go.kr,직불,,R26BK01444145,7210081,부산광역시해운대교육청 좌동초등학교,교육기관,행정실,이해원,051-709-0804,051-701-4738,[1^7210081^부산광역시해운대교육청 좌동초등학교^교육기관^행정실^이해원^0517090804],[1^주계약업체^단독^채선당 도시락 부산보건대점^김주영^대한민국^100^채선당 도시락 부산보건대점^^2301302384],https://www.g2b.go.kr/link/FIUA027_01/single/?ctrtNo=R26TA01830864&ctrtChgOrd=00&prcmBsneSeCd=조070001&srchName=ctrtCrst&openUrl=Y,좌동초등학교장,추정가격 2천만원 초과 1억원 이하 물품·용역(소기업 소상공인 계약),수의계약,2026-05-06 14:39:59,,0.08,,,,,2026-05-08,N,getCntrctInfoListThng,물품,부산광역시해운대교육청 좌동초등학교,24147480
R26TE14582433,물품,R25TA0085739902,R25TA0085739902,2026학년도 부산중앙중학교 교복(생활복) 학교주관구매,N,신규,2026-05-06,,지방계약법 (제2조의2제1항1호),0,71430000,5,http://www.g2b.go.kr,직불,,R25BK01005329,7211196,부산광역시교육청 부산광역시해운대교육지원청 부산중앙중학교,교육기관,행정실,이윤경,,,[1^7211196^부산광역시교육청 부산광역시해운대교육지원청 부산중앙중학교^교육기관^행정실^이윤경^],[1^주계약업체^단독^엘리트(교복점)^전영주^대한민국^100^엘리트(교복점)^^6212141875],https://www.g2b.go.kr/link/FIUA027_01/single/?ctrtNo=R25TA00857399&ctrtChgOrd=02&prcmBsneSeCd=조070001&srchName=ctrtCrst&openUrl=Y,부산중앙중학교,"[판로지원법 시행령] 소기업,소상공인제한",제한경쟁,2026-05-06 14:40:16,,0.08,,,,,2026-05-06,N,getCntrctInfoListThng,물품,부산광역시교육청 부산광역시해운대교육지원청 부산중앙중학교,71430000
R26TE14582458,물품,,R26TA0181303100,2026년 상반기 분석시약 및 소모품 구매,N,신규,,,지방계약법 (제25조제1항5호라목),0,71508000,5,http://www.g2b.go.kr,직불,,R26BK01474482,B552625,부산환경공단,지방공기업,기획재정처,류성균,,,[1^B552625^부산환경공단^지방공기업^기획재정처^류성균^],[1^주계약업체^단독^주식회사 부영상사^정순연^대한민국^100^주식회사 부영상사^^6458800344],https://www.g2b.go.kr/link/FIUA027_01/single/?ctrtNo=R26TA01813031&ctrtChgOrd=00&prcmBsneSeCd=조070001&srchName=ctrtCrst&openUrl=Y,부산환경공단이사장,추정가격 2천만원 초과 1억원 이하 물품·용역(소기업 소상공인 계약),수의계약,2026-05-06 14:40:56,,0.08,,,,,2026-05-06,N,getCntrctInfoListThng,물품,부산환경공단,71508000
R26TE14582648,물품,,R26TA0183161000,중앙공원 미니파크골프장 조성공사 관급자재(관리창고 및 차양시설),N,신규,,,지방계약법 (제25조제1항5호나목),0,12707000,5,http://www.g2b.go.kr,직불,,,3250000,부산광역시 중구,지방자치단체,재무과,박애경,051-600-4142,051-600-4149,[1^3250000^부산광역시 중구^지방자치단체^재무과^박애경^0516004142],[1^주계약업체^단독^주식회사 지엔^박소영^대한민국^100^주식회사 지엔^^6118125421],https://www.g2b.go.kr/link/FIUA027_01/single/?ctrtNo=R26TA01831610&ctrtChgOrd=00&prcmBsneSeCd=조070001&srchName=ctrtCrst&openUrl=Y,부산광역시중구청장,추정가격 2천만원 이하 물품 또는 용역,수의계약,2026-05-06 14:45:30,,0.08,,,,,2026-05-06,N,getCntrctInfoListThng,물품,부산광역시 중구,12707000
R26TE14582788,물품,R25TA0092270001,R25TA0092270001,"2026학년도 동주여자고등학교 신입생 체육복(동복, 하복) 학교주관구매",N,신규,2026-05-06,,지방계약법 (제2조의2제1항2호),0,12904000,10,http://www.g2b.go.kr,직불,,R25BK01025289,7150431,부산광역시교육청 동주여자고등학교,기타기관,행정실,유수진,051-240-3004,051-246-4097,[1^7150431^부산광역시교육청 동주여자고등학교^기타기관^행정실^유수진^0512403004],[1^주계약업체^단독^대한추리닝^김삼수^대한민국^100^대한추리닝^^6061716142],https://www.g2b.go.kr/link/FIUA027_01/single/?ctrtNo=R25TA00922700&ctrtChgOrd=01&prcmBsneSeCd=조070001&srchName=ctrtCrst&openUrl=Y,동주여자고등학교장,"[판로지원법 시행령] 중기업,소기업,소상공인 제한",제한경쟁,2026-05-06 14:49:35,,0.08,,,,,2026-05-06,N,getCntrctInfoListThng,물품,부산광역시교육청 동주여자고등학교,12904000
R26TE14905824,물품,,R26TA0186121700,역사 및 차량기지 냉난방기 구매설치(1차),N,신규,,,지방계약법 (제20조제1항6호),0,294844020,5,http://www.g2b.go.kr,직불,,R26BK01498296,B551542,부산교통공사,지방공기업,회계자산처,박미정,051-640-7248,051-640-7255,[1^B551542^부산교통공사^지방공기업^회계자산처^박미정^0516407248],[1^주계약업체^단독^(주)기륭공조시스템^이응종^대한민국^100^(주)기륭공조시스템^^6068606806],https://www.g2b.go.kr/link/FIUA027_01/single/?ctrtNo=R26TA01861217&ctrtChgOrd=00&prcmBsneSeCd=조070001&srchName=ctrtCrst&openUrl=Y,부산교통공사사장,행정안전부령 금액 미만 본점소재지,제한경쟁,2026-05-14 08:26:13,,0.08,,,,,2026-05-14,N,getCntrctInfoListThng,물품,부산교통공사,294844020
R26TE14905864,물품,R25TA0073983302,R25TA0073983302,"2026학년도 사상고등학교 교복(동복,하복)학교주관구매 입찰 공고",N,신규,2026-05-14,,지방계약법 (제7조의2제2항1호),0,27580000,5,http://www.g2b.go.kr,직불,,R25BK00924906,7150425,부산광역시교육청 사상고등학교,교육기관,행정실,안나현,051-366-9603,051-366-9789,[1^7150425^부산광역시교육청 사상고등학교^교육기관^행정실^안나현^0513669603],[1^주계약업체^단독^아이비클럽학생복^김한필^대한민국^100^아이비클럽학생복^^6210141111],https://www.g2b.go.kr/link/FIUA027_01/single/?ctrtNo=R25TA00739833&ctrtChgOrd=02&prcmBsneSeCd=조070001&srchName=ctrtCrst&openUrl=Y,사상고등학교장,"[판로지원법] 중기간경쟁제품 소기업 소상공인 제한경쟁, 공동사업",제한경쟁,2026-05-14 08:34:44,,0.08,,,,,2026-05-14,N,getCntrctInfoListThng,물품,부산광역시교육청 사상고등학교,27580000
R26TE14905872,물품,,R26TA0184468700,부경본부 스마트워크 와이파이 구매설치,N,신규,,60일,국가계약법 (제10조제1항),0,289922880,10,http://www.g2b.go.kr,직불,,R26BK01484010,Z013073,한국마사회 부산경남경마본부,공기업,부산총무팀,권은민,051-901-7131,051-901-7130,[1^Z013073^한국마사회 부산경남경마본부^공기업^부산총무팀^권은민^0519017131],[1^주계약업체^단독^(주)필텍시스템^윤득필^대한민국^100^(주)필텍시스템^^6078183946],https://www.g2b.go.kr/link/FIUA027_01/single/?ctrtNo=R26TA01844687&ctrtChgOrd=00&prcmBsneSeCd=조070001&srchName=ctrtCrst&openUrl=Y,한국마사회 부산경남경마본부장,경쟁은 입찰의 방법으로 행함,일반경쟁,2026-05-14 08:36:27,,0.075,,,,,2026-05-14,N,getCntrctInfoListThng,물품,한국마사회 부산경남경마본부,289922880
R26TE14906046,물품,R26TA0185634800,R26TA0185634800,북항친수공원 접근성 개선을 위한 홍보물 제작 구매,N,신규,2026-05-14,계약체결일~2026.05.22.,지방계약법 (제25조제1항5호나목),0,100000,5,http://www.g2b.go.kr,직불,,,B552587,부산시설공단,지방공기업,재무회계팀,박정미,,,[1^B552587^부산시설공단^지방공기업^재무회계팀^박정미^],[1^주계약업체^단독^주식회사 오알스튜디오^김희중^대한민국^100^주식회사 오알스튜디오^^1658602731],https://www.g2b.go.kr/link/FIUA027_01/single/?ctrtNo=R26TA01856348&ctrtChgOrd=00&prcmBsneSeCd=조070001&srchName=ctrtCrst&openUrl=Y,부산시설공단,추정가격 2천만원 이하 물품 또는 용역,수의계약,2026-05-14 08:55:26,,0.08,,,,,2026-05-14,N,getCntrctInfoListThng,물품,부산시설공단,100000
R26TE14906169,물품,R26TA0173174301,R26TA0173174301,열희석심박출량계 1SET 구입(설치),N,신규,2026-05-14,2026.04.15.~2026.10.12.,국가계약법 (제27조제1항),0,80000000,10,http://www.g2b.go.kr,직불,,,B550554,부산대학교병원,기타공공기관,물류관리팀,박보열,051-240-7121,051-240-7578,[1^B550554^부산대학교병원^기타공공기관^물류관리팀^박보열^0512407121],[1^주계약업체^단독^주식회사세현메디칼^김경준^대한민국^100^주식회사세현메디칼^^6078601124],https://www.g2b.go.kr/link/FIUA027_01/single/?ctrtNo=R26TA01731743&ctrtChgOrd=01&prcmBsneSeCd=조070001&srchName=ctrtCrst&openUrl=Y,부산대학교병원장,재공고입찰등과 수의계약,수의계약,2026-05-14 09:03:20,,0.075,,,,,2026-05-14,N,getCntrctInfoListThng,물품,부산대학교병원,80000000
R26TE14906369,물품,,R26TA0186132300,(소액수의)기관부속 예비품(유압실린더 등 5종) 구매(특수조건 필독),N,신규,,2026.05.15~2026.07.13,국가계약법 (제26조제1항5호가2목),0,16079000,10,http://www.g2b.go.kr,직불,R26DC00205190,R26BK01494436,1532883,해양경찰청 해양경찰정비창 해양경찰부산정비창,국가기관,기획운영과,신원규,051-419-2317,051-419-2318,[1^1532883^해양경찰청 해양경찰정비창 해양경찰부산정비창^국가기관^기획운영과^이재원^0514192239],[1^주계약업체^단독^에스마린^서유도^대한민국^100^에스마린^^5890101907],https://www.g2b.go.kr/link/FIUA027_01/single/?ctrtNo=R26TA01861323&ctrtChgOrd=00&prcmBsneSeCd=조070001&srchName=ctrtCrst&openUrl=Y,해양경찰부산정비창,추정가격 2천만원 이하 물품 또는 용역,수의계약,2026-05-14 09:11:26,,0.075,,,,,2026-05-15,N,getCntrctInfoListThng,물품,해양경찰청 해양경찰정비창 해양경찰부산정비창,16079000
R26TE14906595,물품,,R25TA0089176202,"2026학년도 부산중앙여자고등학교 신입생 교복(동복,생활하복) 학교주관구매 입찰",N,신규,,,지방계약법 (제2조의2제1항1호),0,54940000,10,http://www.g2b.go.kr,직불,,R25BK01012839,7150108,부산광역시교육청 부산중앙여자고등학교,교육기관,행정실,김혜영,,,[1^7150108^부산광역시교육청 부산중앙여자고등학교^교육기관^행정실^김혜영^],[1^주계약업체^단독^스마트사직점^강윤호^대한민국^100^스마트사직점^^6071271482],https://www.g2b.go.kr/link/FIUA027_01/single/?ctrtNo=R25TA00891762&ctrtChgOrd=02&prcmBsneSeCd=조070001&srchName=ctrtCrst&openUrl=Y,부산중앙여자고등학교장,"[판로지원법 시행령] 소기업,소상공인제한",제한경쟁,2026-05-14 09:19:00,,0.08,,,,,2026-05-14,N,getCntrctInfoListThng,물품,부산광역시교육청 부산중앙여자고등학교,54940000
R26TE14906670,물품,R26TA0185872300,R26TA0185872300, 1호선 신형전동차 냉난방장치용 온도센서 등 6종 구매,N,신규,2026-05-14,,지방계약법 (제25조제1항5호나목),0,9815000,5,http://www.g2b.go.kr,직불,,,B551542,부산교통공사,지방공기업,회계자산처,유다예,,,[1^B551542^부산교통공사^지방공기업^회계자산처^유다예^],[1^주계약업체^단독^원테크^김완숙^대한민국^100^원테크^^7641200112],https://www.g2b.go.kr/link/FIUA027_01/single/?ctrtNo=R26TA01858723&ctrtChgOrd=00&prcmBsneSeCd=조070001&srchName=ctrtCrst&openUrl=Y,부산교통공사사장,추정가격 2천만원 이하 물품 또는 용역,수의계약,2026-05-14 09:21:03,,0.08,,,,,2026-05-14,N,getCntrctInfoListThng,물품,부산교통공사,9815000
R26TE14906737,물품,,R26TA0186136400,2026년 천연잔디 관리제 구입,N,신규,,,지방계약법 (제25조제1항5호나목),0,6321000,5,http://www.g2b.go.kr,직불,,,6260133,부산광역시 체육시설관리사업소,지방자치단체,체육시설관리사업소 관리팀,정소윤,051-602-2203,,[1^6260133^부산광역시 체육시설관리사업소^지방자치단체^체육시설관리사업소 관리팀^정소윤^0516022203],[1^주계약업체^단독^풍전상사^전수용^대한민국^100^풍전상사^^3912001107],https://www.g2b.go.kr/link/FIUA027_01/single/?ctrtNo=R26TA01861364&ctrtChgOrd=00&prcmBsneSeCd=조070001&srchName=ctrtCrst&openUrl=Y,체육시설관리사업소장,추정가격 2천만원 이하 물품 또는 용역,수의계약,2026-05-14 09:22:57,,0.08,,,,,2026-05-19,N,getCntrctInfoListThng,물품,부산광역시 체육시설관리사업소,6321000
R26TE14906766,물품,R26TA0185453600,R26TA0185453600,2026년 소방공무원 피복(경량기동화) 구매,N,신규,2026-05-14,,지방계약법 (제25조제1항5호나목),0,7480000,5,http://www.g2b.go.kr,직불,,,6260233,부산광역시 금정소방서,지방자치단체,소방행정과 예산장비계,김용환,,,[1^6260233^부산광역시 금정소방서^지방자치단체^소방행정과 예산장비계^김용환^],[1^주계약업체^단독^한스산업 주식회사^한정희^대한민국^100^한스산업 주식회사^^6068172301],https://www.g2b.go.kr/link/FIUA027_01/single/?ctrtNo=R26TA01854536&ctrtChgOrd=00&prcmBsneSeCd=조070001&srchName=ctrtCrst&openUrl=Y,금정소방서장,추정가격 2천만원 이하 물품 또는 용역,수의계약,2026-05-14 09:24:01,,0.08,,,,,2026-05-14,N,getCntrctInfoListThng,물품,부산광역시 금정소방서,7480000
R26TE14906810,물품,R26TA0185487200,R26TA0185487200,2026년 소방공무원 피복(경량기동화) 구매,N,신규,2026-05-14,,지방계약법 (제25조제1항5호나목),0,5632000,5,http://www.g2b.go.kr,직불,,,6260233,부산광역시 금정소방서,지방자치단체,소방행정과 예산장비계,김용환,,,[1^6260233^부산광역시 금정소방서^지방자치단체^소방행정과 예산장비계^김용환^],[1^주계약업체^단독^주식회사 세몽나이스^이창구^대한민국^100^주식회사 세몽나이스^^1238140186],https://www.g2b.go.kr/link/FIUA027_01/single/?ctrtNo=R26TA01854872&ctrtChgOrd=00&prcmBsneSeCd=조070001&srchName=ctrtCrst&openUrl=Y,금정소방서장,추정가격 2천만원 이하 물품 또는 용역,수의계약,2026-05-14 09:25:09,,0.08,,,,,2026-05-14,N,getCntrctInfoListThng,물품,부산광역시 금정소방서,5632000
R26TE14906923,물품,R25TA0082416502,R25TA0082416502,"2026학년도 동수영중학교 교복(동복, 하복) 학교주관구매 계약",N,신규,2026-05-14,,지방계약법 (제2조의2제1항1호),0,55671500,10,http://www.g2b.go.kr,직불,,R25BK00959855,7210199,부산광역시해운대교육청 동수영중학교,기타기관,행정실,이승훈,***********,051-7581-9674,[1^7210199^부산광역시해운대교육청 동수영중학교^기타기관^행정실^이승훈^***********],[1^주계약업체^단독^쎈텐(ssen10)^임규섭^대한민국^100^쎈텐(ssen10)^^3372700705],https://www.g2b.go.kr/link/FIUA027_01/single/?ctrtNo=R25TA00824165&ctrtChgOrd=02&prcmBsneSeCd=조070001&srchName=ctrtCrst&openUrl=Y,동수영중학교장,"[판로지원법 시행령] 소기업,소상공인제한",제한경쟁,2026-05-14 09:28:15,,0.08,,,,,2026-05-14,N,getCntrctInfoListThng,물품,부산광역시해운대교육청 동수영중학교,55671500
R26TE14906961,물품,R26TA0186046300,R26TA0186046300,노후 현수막지정게시대 교체·설치,N,신규,2026-05-13,,지방계약법 (제25조제1항5호바목),0,27536000,5,http://www.g2b.go.kr,직불,,,3260000,부산광역시 서구,지방자치단체,서구청 재무과,박혜령,051-240-4145,051-240-4149,[1^3260000^부산광역시 서구^지방자치단체^서구청 재무과^박혜령^0512404145],[1^주계약업체^단독^주식회사 남신테크^류혜진^대한민국^100^주식회사 남신테크^^5048144004],https://www.g2b.go.kr/link/FIUA027_01/single/?ctrtNo=R26TA01860463&ctrtChgOrd=00&prcmBsneSeCd=조070001&srchName=ctrtCrst&openUrl=Y,부산광역시 서구청장,"추정가격 2천만원 초과 1억원 이하 물품·용역(여성기업, 장애인기업, 사회적기업, 사회적협동조합, 자활기업, 마을기업 계약)",수의계약,2026-05-14 09:29:15,,0.08,,,,,2026-05-13,N,getCntrctInfoListThng,물품,부산광역시 서구,27536000
R26TE14906967,물품,,R26TA0186146300,남항동2가 절영로77번길3 누수수리공사외 40건 자재구입건의(스텐이음쇠A외 4종),N,신규,,20260514-20260613,지방계약법 (제25조제1항5호나목),0,11898000,10,http://www.g2b.go.kr,직불,,,6260107,부산광역시 상수도사업본부 영도사업소,지방자치단체,업무부서,박지현,051-669-5104,051-669-5109,[1^6260107^부산광역시 상수도사업본부 영도사업소^지방자치단체^업무부서^박지현^0516695104],[1^주계약업체^단독^현대특수강^이선동^대한민국^100^현대특수강^^6051629268],https://www.g2b.go.kr/link/FIUA027_01/single/?ctrtNo=R26TA01861463&ctrtChgOrd=00&prcmBsneSeCd=조070001&srchName=ctrtCrst&openUrl=Y,상수도사업본부영도사업소,추정가격 2천만원 이하 물품 또는 용역,수의계약,2026-05-14 09:29:28,,0.05,,,,,2026-05-14,N,getCntrctInfoListThng,물품,부산광역시 상수도사업본부 영도사업소,11898000
R26TE14907092,물품,,R26TA0186132800,소방공무원 시범착용 피복 수의계약,N,신규,,,지방계약법 (제25조제1항5호나목),0,3960000,5,http://www.g2b.go.kr,직불,,,6260949,부산광역시 기장소방서,지방자치단체,소방행정과,이정완,051-760-5121,,[1^6260949^부산광역시 기장소방서^지방자치단체^소방행정과^이정완^0517605121],[1^주계약업체^단독^주식회사 세몽나이스^이창구^대한민국^100^주식회사 세몽나이스^^1238140186],https://www.g2b.go.kr/link/FIUA027_01/single/?ctrtNo=R26TA01861328&ctrtChgOrd=00&prcmBsneSeCd=조070001&srchName=ctrtCrst&openUrl=Y,기장소방서장,추정가격 2천만원 이하 물품 또는 용역,수의계약,2026-05-14 09:33:15,,0.08,,,,,2026-05-15,N,getCntrctInfoListThng,물품,부산광역시 기장소방서,3960000
R26TE14907223,물품,,R26TA0186153800,2026년 직원 작업복 구매,N,신규,,,지방계약법 (제25조제1항5호나목),0,7095000,5,http://www.g2b.go.kr,직불,,,Z019541,부산환경공단 정관사업소,지방공기업,관리팀,김형열,051-712-3511,051-712-3599,[1^Z019541^부산환경공단 정관사업소^지방공기업^관리팀^김형열^0517123511],[1^주계약업체^단독^사단법인 컴피장애인복지자립협회^정희정^대한민국^100^사단법인 컴피장애인복지자립협회^^6658200332],https://www.g2b.go.kr/link/FIUA027_01/single/?ctrtNo=R26TA01861538&ctrtChgOrd=00&prcmBsneSeCd=조070001&srchName=ctrtCrst&openUrl=Y,부산환경공단 정관사업소장,추정가격 2천만원 이하 물품 또는 용역,수의계약,2026-05-14 09:36:58,,0.08,,,,,2026-05-14,N,getCntrctInfoListThng,물품,부산환경공단 정관사업소,7095000
R26TE14907483,물품,,R26TA0186157300,다대동 윤공단로17번길29 우신아파트 밸브고장공사 등 자재 구입,N,신규,,30일,지방계약법 (제25조제1항5호나목),0,2020000,5,http://www.g2b.go.kr,직불,,,6260113,부산광역시 상수도사업본부 사하사업소,지방자치단체,업무부서,김성인,051-669-5404,,[1^6260113^부산광역시 상수도사업본부 사하사업소^지방자치단체^업무부서^김성인^0516695404],[1^주계약업체^단독^주식회사 제운^진기종^대한민국^100^주식회사 제운^^6068661167],https://www.g2b.go.kr/link/FIUA027_01/single/?ctrtNo=R26TA01861573&ctrtChgOrd=00&prcmBsneSeCd=조070001&srchName=ctrtCrst&openUrl=Y,부산광역시상수도사업본부사하사업소장,추정가격 2천만원 이하 물품 또는 용역,수의계약,2026-05-14 09:43:37,,0.08,,,,,2026-05-14,N,getCntrctInfoListThng,물품,부산광역시 상수도사업본부 사하사업소,2020000
R26TE14907601,물품,R26TA0186146300,R26TA0186146300,남항동2가 절영로77번길3 누수수리공사외 40건 자재구입건의(스텐이음쇠A외 4종),N,신규,2026-05-14,20260514-20260613,지방계약법 (제25조제1항5호나목),0,11898000,10,http://www.g2b.go.kr,직불,,,6260107,부산광역시 상수도사업본부 영도사업소,지방자치단체,업무부서,박지현,051-669-5104,051-669-5109,[1^6260107^부산광역시 상수도사업본부 영도사업소^지방자치단체^업무부서^박지현^0516695104],[1^주계약업체^단독^현대특수강^이선동^대한민국^100^현대특수강^^6051629268],https://www.g2b.go.kr/link/FIUA027_01/single/?ctrtNo=R26TA01861463&ctrtChgOrd=00&prcmBsneSeCd=조070001&srchName=ctrtCrst&openUrl=Y,상수도사업본부영도사업소,추정가격 2천만원 이하 물품 또는 용역,수의계약,2026-05-14 09:46:35,,0.05,,,,,2026-05-14,N,getCntrctInfoListThng,물품,부산광역시 상수도사업본부 영도사업소,11898000
R26TE14907899,물품,,R26TA0186163700,2026년 부산도서관 제2차 정기 비도서 구입,N,신규,,,지방계약법 (제25조제1항5호라목),0,46483000,5,http://www.g2b.go.kr,직불,,R26BK01499579,6261662,부산광역시 부산도서관,지방자치단체,부산도서관 관리팀,김슬기,,,[1^6261662^부산광역시 부산도서관^지방자치단체^부산도서관 관리팀^김슬기^],[1^주계약업체^단독^디라이브^문선욱^대한민국^100^디라이브^^5540702426],https://www.g2b.go.kr/link/FIUA027_01/single/?ctrtNo=R26TA01861637&ctrtChgOrd=00&prcmBsneSeCd=조070001&srchName=ctrtCrst&openUrl=Y,부산광역시부산도서관장,추정가격 2천만원 초과 1억원 이하 물품·용역(소기업 소상공인 계약),수의계약,2026-05-14 09:54:42,,0.08,,,,,2026-05-15,N,getCntrctInfoListThng,물품,부산광역시 부산도서관,46483000
R26TE14908193,물품,,R26TA0186182500,2026년 쓰레기 종량제봉투(사업장용) 구매,N,신규,,,지방계약법 (제25조제1항5호나목),0,18850000,5,http://www.g2b.go.kr,직불,,,3390000,부산광역시 사상구,지방자치단체,사상구청 재무과,박지현,051-310-4147,051-310-4149,[1^3390000^부산광역시 사상구^지방자치단체^사상구청 재무과^박지현^0513104147],[1^주계약업체^단독^(주)제일산업화학^정정자^대한민국^100^(주)제일산업화학^^6058123883],https://www.g2b.go.kr/link/FIUA027_01/single/?ctrtNo=R26TA01861825&ctrtChgOrd=00&prcmBsneSeCd=조070001&srchName=ctrtCrst&openUrl=Y,부산광역시 사상구청장,추정가격 2천만원 이하 물품 또는 용역,수의계약,2026-05-14 10:02:15,,0.08,,,,,2026-05-15,N,getCntrctInfoListThng,물품,부산광역시 사상구,18850000
R26TE14908258,물품,R26TA0172273501,R26TA0172273501,2026년 품질시험팀 시험기기 교정,N,신규,2026-05-14,계약일로부터 50일,지방계약법 (제25조제1항5호나목),0,6367180,5,http://www.g2b.go.kr,직불,,,6260409,부산광역시 건설안전시험사업소,지방자치단체,관리팀,조윤정,,,[1^6260409^부산광역시 건설안전시험사업소^지방자치단체^관리팀^조윤정^],[1^주계약업체^단독^주식회사 케이시에스^김옥순^대한민국^100^주식회사 케이시에스^^6068190482],https://www.g2b.go.kr/link/FIUA027_01/single/?ctrtNo=R26TA01722735&ctrtChgOrd=01&prcmBsneSeCd=조070001&srchName=ctrtCrst&openUrl=Y,부산광역시 건설안전시험사업소장,추정가격 2천만원 이하 물품 또는 용역,수의계약,2026-05-14 10:03:53,,0.13,,,,,2026-05-14,N,getCntrctInfoListThng,물품,부산광역시 건설안전시험사업소,6367180
R26TE14908263,물품,,R25TA0114340702,동구 하하센터 조성사업 기계설비공사 관급자재(냉난방기),N,신규,,2025.12.1.~2026.5.11.,지방계약법 (제25조제1항5호바목),0,36729470,5,http://www.g2b.go.kr,직불,,,3270000,부산광역시 동구,지방자치단체,재무과,성정아,051-440-4146,051-440-6464,[1^3270000^부산광역시 동구^지방자치단체^재무과^성정아^0514404146],[1^주계약업체^단독^신신이앤지(주)^고정자^대한민국^100^신신이앤지(주)^^6068185295],https://www.g2b.go.kr/link/FIUA027_01/single/?ctrtNo=R25TA01143407&ctrtChgOrd=02&prcmBsneSeCd=조070001&srchName=ctrtCrst&openUrl=Y,부산광역시동구청장,"추정가격 2천만원 초과 1억원 이하 물품·용역(여성기업, 장애인기업, 사회적기업, 사회적협동조합, 자활기업, 마을기업 계약)",수의계약,2026-05-14 10:04:08,,0.08,,,,,2026-05-14,N,getCntrctInfoListThng,물품,부산광역시 동구,36729470
R26TE14908289,물품,R26TA0185827400,R26TA0185827400,2026년도 악취센서 교체 구매,N,신규,2026-05-14,,지방계약법 (제25조제1항5호나목),0,18810000,5,http://www.g2b.go.kr,직불,,,3400000,부산광역시 기장군,지방자치단체,재무과,박서령,,,[1^3400000^부산광역시 기장군^지방자치단체^재무과^박서령^],[1^주계약업체^단독^리유정보통신^류동호^대한민국^100^리유정보통신^^2191507727],https://www.g2b.go.kr/link/FIUA027_01/single/?ctrtNo=R26TA01858274&ctrtChgOrd=00&prcmBsneSeCd=조070001&srchName=ctrtCrst&openUrl=Y,기장군수,추정가격 2천만원 이하 물품 또는 용역,수의계약,2026-05-14 10:04:51,,0.08,,,,,2026-05-14,N,getCntrctInfoListThng,물품,부산광역시 기장군,18810000
R26TE14908344,물품,R26TA0175768400,R26TA0175768400,교통사고 예방을 위한 이동식 무인과속단속장비 부스 구입,N,신규,2026-04-17,,지방계약법 (제25조제1항5호나목),0,5946050,5,http://www.g2b.go.kr,직불,,,3360000,부산광역시 강서구,지방자치단체,재무과,송혜미,051-970-4834,051-970-4149,[1^3360000^부산광역시 강서구^지방자치단체^재무과^송혜미^0519704834],[1^주계약업체^단독^한결 주식회사^이지영^대한민국^100^한결 주식회사^^4108606641],https://www.g2b.go.kr/link/FIUA027_01/single/?ctrtNo=R26TA01757684&ctrtChgOrd=00&prcmBsneSeCd=조070001&srchName=ctrtCrst&openUrl=Y,강서구청장,추정가격 2천만원 이하 물품 또는 용역,수의계약,2026-05-14 10:06:26,,0.08,,,,,2026-04-17,N,getCntrctInfoListThng,물품,부산광역시 강서구,5946050
R26TE14908573,물품,R25TA0085284902,R25TA0085284902,"부산서중학교 2026학년도 교복(동복, 생활복) 학교주관 구매 ",N,신규,2026-04-02,,지방계약법 (제2조의2제1항1호),0,27824000,5,http://www.g2b.go.kr,직불,,R25BK00980889,7180041,부산광역시남부교육청 부산서중학교,교육기관,행정실,강소영,051-440-3804,051-441-7085,[1^7180041^부산광역시남부교육청 부산서중학교^교육기관^행정실^강소영^0514403804],"[1^주계약업체^단독^아이비클럽 (대신,수정)^오임호^대한민국^100^아이비클럽 (대신,수정)^^6040242276]",https://www.g2b.go.kr/link/FIUA027_01/single/?ctrtNo=R25TA00852849&ctrtChgOrd=02&prcmBsneSeCd=조070001&srchName=ctrtCrst&openUrl=Y,부산서중학교장,"[판로지원법 시행령] 소기업,소상공인제한",제한경쟁,2026-05-14 10:12:12,,0.08,,,,,2026-04-02,N,getCntrctInfoListThng,물품,부산광역시남부교육청 부산서중학교,27824000
R26TE14908629,물품,R26TA0185154100,R26TA0185154100,선택적촉매환원장치 촉매 제작구입,N,신규,2026-05-13,계약일로부터~2026.12.11.,지방계약법 (제42조제1항),0,283235700,5,http://www.g2b.go.kr,직불,,R26BK01490214,ZI00238,부산환경공단 명지사업소,지방공기업,부산환경공단 명지사업소,이민경,051-790-3512,051-790-3560,[1^ZI00238^부산환경공단 명지사업소^지방공기업^부산환경공단 명지사업소^이민경^0517903512],[1^주계약업체^단독^주식회사 신명엔텍^박복성^대한민국^100^주식회사 신명엔텍^^4588700141],https://www.g2b.go.kr/link/FIUA027_01/single/?ctrtNo=R26TA01851541&ctrtChgOrd=00&prcmBsneSeCd=조070001&srchName=ctrtCrst&openUrl=Y,명지사업소장,예정가격이하 최저가격순 계약이행능력 심사(적격심사),일반경쟁,2026-05-14 10:13:38,,0.08,,,,,2026-05-13,N,getCntrctInfoListThng,물품,부산환경공단 명지사업소,283235700
R26TE14909119,물품,R26TA0185892900,R26TA0185892900,오륜동 공영주차장 통과높이 제한시설물 구입,N,신규,2026-05-14,계약일~2026.6.12.,지방계약법 (제25조제1항5호나목),0,13578000,5,http://www.g2b.go.kr,직불,,,3350000,부산광역시 금정구,지방자치단체,재무과,박소정,051-519-4144,051-519-4149,[1^3350000^부산광역시 금정구^지방자치단체^재무과^박소정^0515194144],[1^주계약업체^단독^주식회사 남일^최상덕^대한민국^100^주식회사 남일^^6048137157],https://www.g2b.go.kr/link/FIUA027_01/single/?ctrtNo=R26TA01858929&ctrtChgOrd=00&prcmBsneSeCd=조070001&srchName=ctrtCrst&openUrl=Y,금정구청장,추정가격 2천만원 이하 물품 또는 용역,수의계약,2026-05-14 10:25:55,,0.08,,,,,2026-05-14,N,getCntrctInfoListThng,물품,부산광역시 금정구,13578000
R26TE14909427,물품,R26TA0185557200,R26TA0185557200,4호기 보일러 송풍기팬 수선작업,N,신규,2026-05-14,2026.5.14.~2026.6.18.,지방계약법 (제25조제1항5호나목),0,7799000,5,http://www.g2b.go.kr,직불,,,Z046538,부산환경공단 에너지사업소,지방공기업,운영지원팀,정나금,,,[1^Z046538^부산환경공단 에너지사업소^지방공기업^운영지원팀^정나금^],[1^주계약업체^단독^에스엠테크^송병곤^대한민국^100^에스엠테크^^6060342342],https://www.g2b.go.kr/link/FIUA027_01/single/?ctrtNo=R26TA01855572&ctrtChgOrd=00&prcmBsneSeCd=조070001&srchName=ctrtCrst&openUrl=Y,서종록,추정가격 2천만원 이하 물품 또는 용역,수의계약,2026-05-14 10:34:20,,0.13,72101597,시설설비유지관리서비스,"시설물관리, 청소 등",시설물관리 및 청소서비스,2026-05-14,N,getCntrctInfoListThng,물품,부산환경공단 에너지사업소,7799000
R26TE14909765,물품,,R26TA0185955500,낙동아트센터 IP 기반 오디오 통합 레코딩 장비 구매설치,N,신규,,30일,지방계약법 (제20조제1항3호),0,664760000,5,http://www.g2b.go.kr,직불,,R26BK01461928,3360202,부산광역시 강서구 낙동아트센터,지방자치단체,,박지현,051-970-2702,051-970-2709,[1^3360202^부산광역시 강서구 낙동아트센터^지방자치단체^^박지현^0519702702],[1^주계약업체^단독^주식회사 지노프로^신진호^대한민국^100^주식회사 지노프로^^5958600782],https://www.g2b.go.kr/link/FIUA027_01/single/?ctrtNo=R26TA01859555&ctrtChgOrd=00&prcmBsneSeCd=조070001&srchName=ctrtCrst&openUrl=Y,낙동아트센터관장,"특수한설비,기술의보유및 실적(물품제조)",제한경쟁,2026-05-14 10:42:50,,0.08,,,,,2026-05-20,N,getCntrctInfoListThng,물품,부산광역시 강서구 낙동아트센터,664760000
R26TE14910064,물품,,R26TA0186248200,참그린길 전기계량기 등 수리,N,신규,,,지방계약법 (제25조제1항5호나목),0,888000,5,http://www.g2b.go.kr,직불,,,3370000,부산광역시 연제구,지방자치단체,재무과,양수현,051-665-4144,051-665-4149,[1^3370000^부산광역시 연제구^지방자치단체^재무과^양수현^0516654144],[1^주계약업체^단독^광진전력^이찬형^대한민국^100^광진전력^^6071545646],https://www.g2b.go.kr/link/FIUA027_01/single/?ctrtNo=R26TA01862482&ctrtChgOrd=00&prcmBsneSeCd=조070001&srchName=ctrtCrst&openUrl=Y,연제구청장,추정가격 2천만원 이하 물품 또는 용역,수의계약,2026-05-14 10:50:29,,0.08,,,,,2026-05-15,N,getCntrctInfoListThng,물품,부산광역시 연제구,888000
R26TE14910111,물품,,R26TA0186248800,동대신3동 보수대로236번길 19 누수수리공사 외 재고자재 구입-감압밸브 등 13종,N,신규,,,지방계약법 (제25조제1항5호나목),0,18475630,10,http://www.g2b.go.kr,직불,,,6260105,부산광역시 상수도사업본부 서부사업소,지방자치단체,업무부서,변경록,051-669-5054,,[1^6260105^부산광역시 상수도사업본부 서부사업소^지방자치단체^업무부서^변경록^0516695054],[1^주계약업체^단독^한신종합엠텍^김진엽^대한민국^100^한신종합엠텍^^6062896273],https://www.g2b.go.kr/link/FIUA027_01/single/?ctrtNo=R26TA01862488&ctrtChgOrd=00&prcmBsneSeCd=조070001&srchName=ctrtCrst&openUrl=Y,부산광역시상수도사업본부서부사업소장,추정가격 2천만원 이하 물품 또는 용역,수의계약,2026-05-14 10:51:36,,0.08,,,,,2026-05-14,N,getCntrctInfoListThng,물품,부산광역시 상수도사업본부 서부사업소,18475630
R26TE14910156,물품,R25TA0114340702,R25TA0114340702,동구 하하센터 조성사업 기계설비공사 관급자재(냉난방기),N,신규,2026-05-14,2025.12.1.~2026.5.11.,지방계약법 (제25조제1항5호바목),0,36729470,5,http://www.g2b.go.kr,직불,,,3270000,부산광역시 동구,지방자치단체,재무과,성정아,051-440-4146,051-440-6464,[1^3270000^부산광역시 동구^지방자치단체^재무과^성정아^0514404146],[1^주계약업체^단독^신신이앤지(주)^고정자^대한민국^100^신신이앤지(주)^^6068185295],https://www.g2b.go.kr/link/FIUA027_01/single/?ctrtNo=R25TA01143407&ctrtChgOrd=02&prcmBsneSeCd=조070001&srchName=ctrtCrst&openUrl=Y,부산광역시동구청장,"추정가격 2천만원 초과 1억원 이하 물품·용역(여성기업, 장애인기업, 사회적기업, 사회적협동조합, 자활기업, 마을기업 계약)",수의계약,2026-05-14 10:52:44,,0.08,,,,,2026-05-14,N,getCntrctInfoListThng,물품,부산광역시 동구,36729470
R26TE14910172,물품,,R26TA0186252100,대저1동 서연정공원 주변 노후관 개량공사 자재(PFP이음관 외 4종),N,신규,,,지방계약법 (제25조제1항5호나목),0,11148440,5,http://www.g2b.go.kr,직불,,,6260115,부산광역시 상수도사업본부 강서사업소,지방자치단체,업무부서,정성오,,,[1^6260115^부산광역시 상수도사업본부 강서사업소^지방자치단체^업무부서^정성오^],[1^주계약업체^단독^(주)동광파이프^김혜민^대한민국^100^(주)동광파이프^^6038133269],https://www.g2b.go.kr/link/FIUA027_01/single/?ctrtNo=R26TA01862521&ctrtChgOrd=00&prcmBsneSeCd=조070001&srchName=ctrtCrst&openUrl=Y,부산시 상수도본부 강서사업소장,추정가격 2천만원 이하 물품 또는 용역,수의계약,2026-05-14 10:53:09,,0.08,,,,,2026-05-14,N,getCntrctInfoListThng,물품,부산광역시 상수도사업본부 강서사업소,11148440
R26TE14910439,물품,,R26TA0186260500,사설항로표지시설 등명기 수리,N,신규,,계약일로부터 30일,지방계약법 (제25조제1항5호나목),0,3600000,5,http://www.g2b.go.kr,직불,,,6260409,부산광역시 건설안전시험사업소,지방자치단체,관리팀,조윤정,,,[1^6260409^부산광역시 건설안전시험사업소^지방자치단체^관리팀^조윤정^],[1^주계약업체^단독^주식회사 젠^제용근^대한민국^100^주식회사 젠^^6068656645],https://www.g2b.go.kr/link/FIUA027_01/single/?ctrtNo=R26TA01862605&ctrtChgOrd=00&prcmBsneSeCd=조070001&srchName=ctrtCrst&openUrl=Y,부산광역시 건설안전시험사업소장,추정가격 2천만원 이하 물품 또는 용역,수의계약,2026-05-14 10:59:04,,0.13,,,,,2026-05-14,N,getCntrctInfoListThng,물품,부산광역시 건설안전시험사업소,3600000
R26TE14910506,물품,R25TA0101263302,R25TA0101263302,"에코델타 첨단지식산업센터 건립, 흡수식냉동기",N,신규,2026-03-19,,지방계약법 (제20조제1항6호),0,228679000,5,http://www.g2b.go.kr,직불,,R25BK01085400,6260000,부산광역시,지방자치단체,회계재산담당관,김주홍,051-888-2244,,[1^6260000^부산광역시^지방자치단체^회계재산담당관^김주홍^0518882244],[1^주계약업체^단독^동부산엘리텍(주)^정태영^대한민국^100^동부산엘리텍(주)^^6058150075],https://www.g2b.go.kr/link/FIUA027_01/single/?ctrtNo=R25TA01012633&ctrtChgOrd=02&prcmBsneSeCd=조070001&srchName=ctrtCrst&openUrl=Y,부산광역시장,행정안전부령 금액 미만 본점소재지,제한경쟁,2026-05-14 11:00:39,,0.08,,,,,2026-03-19,N,getCntrctInfoListThng,물품,부산광역시,228679000
R26TE14910586,물품,R26TA0186248800,R26TA0186248800,동대신3동 보수대로236번길 19 누수수리공사 외 재고자재 구입-감압밸브 등 13종,N,신규,2026-05-14,,지방계약법 (제25조제1항5호나목),0,18475630,10,http://www.g2b.go.kr,직불,,,6260105,부산광역시 상수도사업본부 서부사업소,지방자치단체,업무부서,변경록,051-669-5054,,[1^6260105^부산광역시 상수도사업본부 서부사업소^지방자치단체^업무부서^변경록^0516695054],[1^주계약업체^단독^한신종합엠텍^김진엽^대한민국^100^한신종합엠텍^^6062896273],https://www.g2b.go.kr/link/FIUA027_01/single/?ctrtNo=R26TA01862488&ctrtChgOrd=00&prcmBsneSeCd=조070001&srchName=ctrtCrst&openUrl=Y,부산광역시상수도사업본부서부사업소장,추정가격 2천만원 이하 물품 또는 용역,수의계약,2026-05-14 11:02:39,,0.08,,,,,2026-05-14,N,getCntrctInfoListThng,물품,부산광역시 상수도사업본부 서부사업소,18475630
R26TE14910819,물품,R26TA0185302400,R26TA0185302400,부산동부경찰서 범곡파출소 신축공사(건축) 관급자재(냉난방기) 구매,N,신규,2026-05-12,,국가계약법 (제26조제1항5호가5목),0,34268000,10,http://www.g2b.go.kr,직불,,,1811832,경찰청 부산광역시경찰청,국가기관,경무기획과 경리계,이병섭,051-899-2122,051-899-1914,[1^1811832^경찰청 부산광역시경찰청^국가기관^경무기획과 경리계^이병섭^0518992122],[1^주계약업체^단독^(주)미래공조시스템^방동욱^대한민국^100^(주)미래공조시스템^^2618701546],https://www.g2b.go.kr/link/FIUA027_01/single/?ctrtNo=R26TA01853024&ctrtChgOrd=00&prcmBsneSeCd=조070001&srchName=ctrtCrst&openUrl=Y,부산지방경찰청,추정가격 2천만원 초과 1억원 이하 물품·용역(여성기업.장애인기업.사회적기업.사회적협동조합.자활기업.마을기업),수의계약,2026-05-14 11:09:01,,0.075,,,,,2026-05-12,N,getCntrctInfoListThng,물품,경찰청 부산광역시경찰청,34268000
R26TE14910912,물품,,R26TA0186274700,신평동 거성모방 주변(공업) 교체공사 자재 구입(기타),N,신규,,30일,지방계약법 (제25조제1항5호나목),0,7608400,5,http://www.g2b.go.kr,직불,,,6260113,부산광역시 상수도사업본부 사하사업소,지방자치단체,업무부서,김성인,051-669-5404,,[1^6260113^부산광역시 상수도사업본부 사하사업소^지방자치단체^업무부서^김성인^0516695404],[1^주계약업체^단독^현대특수강^이선동^대한민국^100^현대특수강^^6051629268],https://www.g2b.go.kr/link/FIUA027_01/single/?ctrtNo=R26TA01862747&ctrtChgOrd=00&prcmBsneSeCd=조070001&srchName=ctrtCrst&openUrl=Y,부산광역시상수도사업본부사하사업소장,추정가격 2천만원 이하 물품 또는 용역,수의계약,2026-05-14 11:11:14,,0.08,,,,,2026-05-14,N,getCntrctInfoListThng,물품,부산광역시 상수도사업본부 사하사업소,7608400
R26TE14911019,물품,R26TA0165362501,R26TA0165362501,반여3동 중앙공영주차장 일원 녹화사업(2차)-경관녹지시설물,N,신규,2026-05-13,,지방계약법 (제25조제1항5호나목),0,14200000,10,http://www.g2b.go.kr,직불,,,3330000,부산광역시 해운대구,지방자치단체,재무과,전한나,051-749-4146,,[1^3330000^부산광역시 해운대구^지방자치단체^재무과^전한나^0517494146],[1^주계약업체^단독^주식회사 디자인도스^김영진^대한민국^100^주식회사 디자인도스^^2848702024],https://www.g2b.go.kr/link/FIUA027_01/single/?ctrtNo=R26TA01653625&ctrtChgOrd=01&prcmBsneSeCd=조070001&srchName=ctrtCrst&openUrl=Y,해운대구청장,추정가격 2천만원 이하 물품 또는 용역,수의계약,2026-05-14 11:14:13,,0.08,,,,,2026-05-13,N,getCntrctInfoListThng,물품,부산광역시 해운대구,14200000
R26TE14911144,물품,,R25TA0084452201,"2026학년도 연일중학교 교복(동복,하복(생활복)) 학교주관 구매 입찰 (변경계약)",N,신규,,,지방계약법 (제2조의2제1항1호),0,55464500,5,http://www.g2b.go.kr,직불,,R25BK00971594,7191027,부산광역시교육청 부산광역시동래교육지원청 연일중학교,교육기관,행정실,김연화,051-867-1116,051-861-3557,[1^7191027^부산광역시교육청 부산광역시동래교육지원청 연일중학교^교육기관^행정실^김연화^0518671116],[1^주계약업체^단독^코사라인^정경자^대한민국^100^코사라인^^6050747833],https://www.g2b.go.kr/link/FIUA027_01/single/?ctrtNo=R25TA00844522&ctrtChgOrd=01&prcmBsneSeCd=조070001&srchName=ctrtCrst&openUrl=Y,부산광역시교육청 부산광역시동래교육지원청 연일중학교,"[판로지원법 시행령] 소기업,소상공인제한",제한경쟁,2026-05-14 11:17:30,,0.08,,,,,,N,getCntrctInfoListThng,물품,부산광역시교육청 부산광역시동래교육지원청 연일중학교,55464500
R26TE14911307,물품,,R26TA0186207400,자연재난 대비 비상발전기 구입,N,신규,,,지방계약법 (제25조제1항5호나목),0,5750000,5,http://www.g2b.go.kr,직불,,,3250000,부산광역시 중구,지방자치단체,재무과,이순남,051-600-4144,,[1^3250000^부산광역시 중구^지방자치단체^재무과^이순남^0516004144],[1^주계약업체^단독^(주)신성건설기계^전용주^대한민국^100^(주)신성건설기계^^4108657290],https://www.g2b.go.kr/link/FIUA027_01/single/?ctrtNo=R26TA01862074&ctrtChgOrd=00&prcmBsneSeCd=조070001&srchName=ctrtCrst&openUrl=Y,부산광역시중구청장,추정가격 2천만원 이하 물품 또는 용역,수의계약,2026-05-14 11:21:54,,0.08,,,,,2026-05-14,N,getCntrctInfoListThng,물품,부산광역시 중구,5750000
R26TE14911881,물품,R26TA0186038700,R26TA0186038700,전동차 정비용 스프링와셔 등 14종 구매 ,N,신규,2026-05-14,,지방계약법 (제25조제1항5호나목),0,8799000,5,http://www.g2b.go.kr,직불,,,B551542,부산교통공사,지방공기업,회계자산처,정용태,051-605-0105,051-605-0110,[1^B551542^부산교통공사^지방공기업^회계자산처^정용태^0516050105],[1^주계약업체^단독^기림^엄종현^대한민국^100^기림^^6072961809],https://www.g2b.go.kr/link/FIUA027_01/single/?ctrtNo=R26TA01860387&ctrtChgOrd=00&prcmBsneSeCd=조070001&srchName=ctrtCrst&openUrl=Y,부산교통공사사장,추정가격 2천만원 이하 물품 또는 용역,수의계약,2026-05-14 11:38:21,,0.08,,,,,2026-05-14,N,getCntrctInfoListThng,물품,부산교통공사,8799000
R26TE14912059,물품,R26TA0186260500,R26TA0186260500,사설항로표지시설 등명기 수리,N,신규,2026-05-14,계약일로부터 30일,지방계약법 (제25조제1항5호나목),0,3600000,5,http://www.g2b.go.kr,직불,,,6260409,부산광역시 건설안전시험사업소,지방자치단체,관리팀,조윤정,,,[1^6260409^부산광역시 건설안전시험사업소^지방자치단체^관리팀^조윤정^],[1^주계약업체^단독^주식회사 젠^제용근^대한민국^100^주식회사 젠^^6068656645],https://www.g2b.go.kr/link/FIUA027_01/single/?ctrtNo=R26TA01862605&ctrtChgOrd=00&prcmBsneSeCd=조070001&srchName=ctrtCrst&openUrl=Y,부산광역시 건설안전시험사업소장,추정가격 2천만원 이하 물품 또는 용역,수의계약,2026-05-14 11:47:03,,0.13,,,,,2026-05-14,N,getCntrctInfoListThng,물품,부산광역시 건설안전시험사업소,3600000
R26TE14912082,물품,,R26TA0186135000,자연재난 대비 이동식 차수판 구입,N,신규,,,지방계약법 (제25조제1항4호사목),0,11700000,5,http://www.g2b.go.kr,직불,,,3250000,부산광역시 중구,지방자치단체,재무과,이순남,051-600-4144,,[1^3250000^부산광역시 중구^지방자치단체^재무과^이순남^0516004144],[1^주계약업체^단독^주식회사 유엠^엄희재^대한민국^100^주식회사 유엠^^4478703755],https://www.g2b.go.kr/link/FIUA027_01/single/?ctrtNo=R26TA01861350&ctrtChgOrd=00&prcmBsneSeCd=조070001&srchName=ctrtCrst&openUrl=Y,부산광역시중구청장,"특허,실용신안,디자인등록 제품",수의계약,2026-05-14 11:49:09,,0.08,,,,,2026-05-15,N,getCntrctInfoListThng,물품,부산광역시 중구,11700000
R26TE14912245,물품,R26TA0185523400,R26TA0185523400,[민원]2026 가족관계등록 업무용 및 동 통합창구운영 물품 구입,N,신규,2026-05-14,,지방계약법 (제25조제1항5호나목),0,5940000,10,http://www.g2b.go.kr,직불,,,3380000,부산광역시 수영구,지방자치단체,재무과,장지혜,,,[1^3380000^부산광역시 수영구^지방자치단체^재무과^장지혜^],[1^주계약업체^단독^(주)한컴테크^이호식^대한민국^100^(주)한컴테크^^6048135218],https://www.g2b.go.kr/link/FIUA027_01/single/?ctrtNo=R26TA01855234&ctrtChgOrd=00&prcmBsneSeCd=조070001&srchName=ctrtCrst&openUrl=Y,부산광역시수영구청장,추정가격 2천만원 이하 물품 또는 용역,수의계약,2026-05-14 12:12:07,,0.08,,,,,2026-05-14,N,getCntrctInfoListThng,물품,부산광역시 수영구,5940000
R26TE14912331,물품,,R25TA0088955101,"2026학년도 금양중학교 신입생 교복(동복,하복) 학교 주관 구매  계약",N,신규,,,지방계약법 (제20조제1항6호),0,50680740,5,http://www.g2b.go.kr,직불,,R25BK01008332,7190229,부산광역시동래교육청 금양중학교,교육기관,행정실,오한택,051-780-2784,051-780-2791,[1^7190229^부산광역시동래교육청 금양중학교^교육기관^행정실^오한택^0517802784],[1^주계약업체^단독^스마트금정점^손금덕^대한민국^100^스마트금정점^^6212116755],https://www.g2b.go.kr/link/FIUA027_01/single/?ctrtNo=R25TA00889551&ctrtChgOrd=01&prcmBsneSeCd=조070001&srchName=ctrtCrst&openUrl=Y,금양중학교장,행정안전부령 금액 미만 본점소재지,제한경쟁,2026-05-14 12:36:41,,0.08,,,,,2026-05-15,N,getCntrctInfoListThng,물품,부산광역시동래교육청 금양중학교,50680740
R26TE14912333,물품,R25TA0089176202,R25TA0089176202,"2026학년도 부산중앙여자고등학교 신입생 교복(동복,생활하복) 학교주관구매 입찰",N,신규,2026-05-14,,지방계약법 (제2조의2제1항1호),0,54940000,10,http://www.g2b.go.kr,직불,,R25BK01012839,7150108,부산광역시교육청 부산중앙여자고등학교,교육기관,행정실,김혜영,,,[1^7150108^부산광역시교육청 부산중앙여자고등학교^교육기관^행정실^김혜영^],[1^주계약업체^단독^스마트사직점^강윤호^대한민국^100^스마트사직점^^6071271482],https://www.g2b.go.kr/link/FIUA027_01/single/?ctrtNo=R25TA00891762&ctrtChgOrd=02&prcmBsneSeCd=조070001&srchName=ctrtCrst&openUrl=Y,부산중앙여자고등학교장,"[판로지원법 시행령] 소기업,소상공인제한",제한경쟁,2026-05-14 12:36:58,,0.08,,,,,2026-05-14,N,getCntrctInfoListThng,물품,부산광역시교육청 부산중앙여자고등학교,54940000
R26TE14912513,물품,,R25TA0084452201,"2026학년도 연일중학교 교복(동복,하복(생활복)) 학교주관 구매 입찰 (변경계약)",N,신규,,,지방계약법 (제2조의2제1항1호),0,55464500,5,http://www.g2b.go.kr,직불,,R25BK00971594,7191027,부산광역시교육청 부산광역시동래교육지원청 연일중학교,교육기관,행정실,김연화,051-867-1116,051-861-3557,[1^7191027^부산광역시교육청 부산광역시동래교육지원청 연일중학교^교육기관^행정실^김연화^0518671116],[1^주계약업체^단독^코사라인^정경자^대한민국^100^코사라인^^6050747833],https://www.g2b.go.kr/link/FIUA027_01/single/?ctrtNo=R25TA00844522&ctrtChgOrd=01&prcmBsneSeCd=조070001&srchName=ctrtCrst&openUrl=Y,부산광역시교육청 부산광역시동래교육지원청 연일중학교,"[판로지원법 시행령] 소기업,소상공인제한",제한경쟁,2026-05-14 12:59:19,,0.08,,,,,,N,getCntrctInfoListThng,물품,부산광역시교육청 부산광역시동래교육지원청 연일중학교,55464500
R26TE14912621,물품,,R26TA0186334100,"환경관리원 사용 물품(조끼, 모자, 안전자켓, 우의, 장화) 구입",N,신규,,,지방계약법 (제25조제1항5호나목),0,16280000,5,http://www.g2b.go.kr,직불,,,3370000,부산광역시 연제구,지방자치단체,재무과,양수현,051-665-4144,051-665-4149,[1^3370000^부산광역시 연제구^지방자치단체^재무과^양수현^0516654144],[1^주계약업체^단독^비티기업^안선영^대한민국^100^비티기업^^2030921679],https://www.g2b.go.kr/link/FIUA027_01/single/?ctrtNo=R26TA01863341&ctrtChgOrd=00&prcmBsneSeCd=조070001&srchName=ctrtCrst&openUrl=Y,연제구청장,추정가격 2천만원 이하 물품 또는 용역,수의계약,2026-05-14 13:05:39,,0.08,,,,,2026-05-15,N,getCntrctInfoListThng,물품,부산광역시 연제구,16280000
R26TE14912858,물품,R26TA0185920300,R26TA0185920300,금정국민체육센터 헬스장 및 판매용 수건 구입,N,신규,2026-05-14,계약일~2026.6.30.,지방계약법 (제25조제1항5호나목),0,5428850,5,http://www.g2b.go.kr,직불,,,3350000,부산광역시 금정구,지방자치단체,재무과,박소정,051-519-4144,051-519-4149,[1^3350000^부산광역시 금정구^지방자치단체^재무과^박소정^0515194144],[1^주계약업체^단독^송월타올수건공방^박의홍^대한민국^100^송월타올수건공방^^3470102786],https://www.g2b.go.kr/link/FIUA027_01/single/?ctrtNo=R26TA01859203&ctrtChgOrd=00&prcmBsneSeCd=조070001&srchName=ctrtCrst&openUrl=Y,금정구청장,추정가격 2천만원 이하 물품 또는 용역,수의계약,2026-05-14 13:14:40,,0.08,,,,,2026-05-14,N,getCntrctInfoListThng,물품,부산광역시 금정구,5428850
R26TE14912927,물품,,R26TA0186339600,"직원숙소 냉방기 구매(관해숙 1동 201, 203, 204호)",N,신규,,,국가계약법 (제26조제1항5호가2목),0,2904000,10,http://www.g2b.go.kr,직불,,,1192357,해양수산부 부산지방해양수산청,국가기관,운영지원과,박해정,051-609-6251,051-609-6219,[1^1192357^해양수산부 부산지방해양수산청^국가기관^운영지원과^박해정^0516096251],[1^주계약업체^단독^주식회사 대원아이오티공조^김대원^대한민국^100^주식회사 대원아이오티공조^^5358601756],https://www.g2b.go.kr/link/FIUA027_01/single/?ctrtNo=R26TA01863396&ctrtChgOrd=00&prcmBsneSeCd=조070001&srchName=ctrtCrst&openUrl=Y,부산지방해양수산청장,추정가격 2천만원 이하 물품 또는 용역,수의계약,2026-05-14 13:16:14,,0.075,,,,,2026-05-14,N,getCntrctInfoListThng,물품,해양수산부 부산지방해양수산청,2904000
R26TE14913487,물품,,R26TA0186355600,부산시립무용단 정기공연 '바라는 바다' 의상 제작 구매,N,신규,,,지방계약법 (제25조제1항5호바목),0,52230000,5,http://www.g2b.go.kr,직불,,,B553711,재단법인부산문화회관,지자체 출자출연기관,경영지원팀,이영지,051-607-6035,051-607-6039,[1^B553711^재단법인부산문화회관^지자체 출자출연기관^경영지원팀^이영지^0516076035],[1^주계약업체^단독^주식회사 모리노리^김지원^대한민국^100^주식회사 모리노리^^3058639710],https://www.g2b.go.kr/link/FIUA027_01/single/?ctrtNo=R26TA01863556&ctrtChgOrd=00&prcmBsneSeCd=조070001&srchName=ctrtCrst&openUrl=Y,(재)부산문화회관 대표이사,"추정가격 2천만원 초과 1억원 이하 물품·용역(여성기업, 장애인기업, 사회적기업, 사회적협동조합, 자활기업, 마을기업 계약)",수의계약,2026-05-14 13:31:08,,0.08,,,,,2026-05-15,N,getCntrctInfoListThng,물품,재단법인부산문화회관,52230000
R26TE14913668,물품,,R26TA0186354700,1호선 전동차용 통합제어장치(AVC) 등 2종 제조구매,N,신규,,계약일로부터 240일,지방계약법 (제26조제1항),0,160453000,5,http://www.g2b.go.kr,직불,,R26BK01519308,B551542,부산교통공사,지방공기업,회계자산처,정민지,051-640-7249,,[1^B551542^부산교통공사^지방공기업^회계자산처^정민지^0516407249],[1^주계약업체^단독^미래일 주식회사^유영식^대한민국^100^미래일 주식회사^^1138648755],https://www.g2b.go.kr/link/FIUA027_01/single/?ctrtNo=R26TA01863547&ctrtChgOrd=00&prcmBsneSeCd=조070001&srchName=ctrtCrst&openUrl=Y,부산교통공사사장,재공고입찰 등과 수의계약,수의계약,2026-05-14 13:35:59,,0.25,,,,,2026-05-20,N,getCntrctInfoListThng,물품,부산교통공사,160453000
R26TE14913703,물품,,R25TA0084582103,"금곡중학교 2026학년도 교복(동복,생활복) 학교주관구매 계약입찰공고[2단계]",N,신규,,,지방계약법 (제2조의2제1항1호),0,17488000,5,http://www.g2b.go.kr,직불,,R25BK00996058,7200029,부산광역시북부교육청 금곡중학교,교육기관,행정실,안은성,,,[1^7200029^부산광역시북부교육청 금곡중학교^교육기관^행정실^안은성^],[1^주계약업체^단독^스마트학생복 북구점^이치형^대한민국^100^스마트학생복 북구점^^6062741878],https://www.g2b.go.kr/link/FIUA027_01/single/?ctrtNo=R25TA00845821&ctrtChgOrd=03&prcmBsneSeCd=조070001&srchName=ctrtCrst&openUrl=Y,금곡중학교장,"[판로지원법 시행령] 소기업,소상공인제한",제한경쟁,2026-05-14 13:36:50,,0.08,,,,,2026-05-19,N,getCntrctInfoListThng,물품,부산광역시북부교육청 금곡중학교,17488000
R26TE14913734,물품,R26TA0185660500,R26TA0185660500,시약 및 초자류 4차 정기구매,N,신규,2026-05-14,계약일로부터 60일이내,국가계약법 (제2조의2제1항2호),0,141898900,10,http://www.g2b.go.kr,직불,,R26BK01495232,1471111,식품의약품안전처 부산지방식품의약품안전청,국가기관,운영지원과,박영희,051-602-6105,051-602-6245,[1^1471111^식품의약품안전처 부산지방식품의약품안전청^국가기관^운영지원과^박영희^0516026105],[1^주계약업체^단독^엔바이오 랩^이정민^대한민국^100^엔바이오 랩^^6062485711],https://www.g2b.go.kr/link/FIUA027_01/single/?ctrtNo=R26TA01856605&ctrtChgOrd=00&prcmBsneSeCd=조070001&srchName=ctrtCrst&openUrl=Y,부산지방식품의약품안전청장,"[판로지원법 시행령] 중기업,소기업,소상공인 제한",제한경쟁,2026-05-14 13:37:52,,0.075,,,,,2026-05-14,N,getCntrctInfoListThng,물품,식품의약품안전처 부산지방식품의약품안전청,141898900
R26TE14913772,물품,,R26TA0186363000,2026년 예인정 함수품(예인색) 구매,N,신규,,26.05.14.~26.07.23.,국가계약법 (제26조제1항2호아목),0,12324000,10,http://www.g2b.go.kr,직불,,,1532883,해양경찰청 해양경찰정비창 해양경찰부산정비창,국가기관,기획운영과,박규찬,051-419-2239,051-419-2318,[1^1532883^해양경찰청 해양경찰정비창 해양경찰부산정비창^국가기관^기획운영과^박규찬^0514192239],[1^주계약업체^단독^성진산업^김정애^대한민국^100^성진산업^^6061661621],https://www.g2b.go.kr/link/FIUA027_01/single/?ctrtNo=R26TA01863630&ctrtChgOrd=00&prcmBsneSeCd=조070001&srchName=ctrtCrst&openUrl=Y,해양경찰부산정비창,"특허, 실용신안등록, 디자인등록 제품",수의계약,2026-05-14 13:38:38,,0.075,,,,,2026-05-14,N,getCntrctInfoListThng,물품,해양경찰청 해양경찰정비창 해양경찰부산정비창,12324000
R26TE14913996,물품,,R26TA0186354700,1호선 전동차용 통합제어장치(AVC) 등 2종 제조구매,N,신규,,계약일로부터 240일,지방계약법 (제26조제1항),0,160453000,5,http://www.g2b.go.kr,직불,,R26BK01519308,B551542,부산교통공사,지방공기업,회계자산처,정민지,051-640-7249,,[1^B551542^부산교통공사^지방공기업^회계자산처^정민지^0516407249],[1^주계약업체^단독^미래일 주식회사^유영식^대한민국^100^미래일 주식회사^^1138648755],https://www.g2b.go.kr/link/FIUA027_01/single/?ctrtNo=R26TA01863547&ctrtChgOrd=00&prcmBsneSeCd=조070001&srchName=ctrtCrst&openUrl=Y,부산교통공사사장,재공고입찰 등과 수의계약,수의계약,2026-05-14 13:44:09,,0.25,,,,,2026-05-20,N,getCntrctInfoListThng,물품,부산교통공사,160453000
R26TE14914085,물품,,R26TA0186374700,덕천천 긴급대피시설 보조난간 및 발판 구매,N,신규,,,지방계약법 (제25조제1항5호나목),0,4180000,5,http://www.g2b.go.kr,직불,,,3320000,부산광역시 북구,지방자치단체,부산 북구청 재무과,정성욱,051-309-4146,051-309-4149,[1^3320000^부산광역시 북구^지방자치단체^부산 북구청 재무과^정성욱^0513094146],[1^주계약업체^단독^(주)다음앤^황정현^대한민국^100^(주)다음앤^^6078185643],https://www.g2b.go.kr/link/FIUA027_01/single/?ctrtNo=R26TA01863747&ctrtChgOrd=00&prcmBsneSeCd=조070001&srchName=ctrtCrst&openUrl=Y,부산광역시 북구청장,추정가격 2천만원 이하 물품 또는 용역,수의계약,2026-05-14 13:46:48,,0.08,,,,,2026-05-14,N,getCntrctInfoListThng,물품,부산광역시 북구,4180000
R26TE14914187,물품,,R25TA0089591801,"2026학년도 이사벨중학교 교복(동복, 생활하복) 학교주관구매 입찰",N,신규,,,지방계약법 (제2조의2제1항2호),0,52976000,5,http://www.g2b.go.kr,직불,,R25BK01020598,7191040,부산광역시교육청 부산광역시동래교육지원청 이사벨중학교,기타기관,행정실,이무철,***********,,[1^7191040^부산광역시교육청 부산광역시동래교육지원청 이사벨중학교^기타기관^행정실^이무철^***********],[1^주계약업체^단독^옥스포드 학생복 동래점 (전) 케이(K)스쿨 학생복^심용조^대한민국^100^옥스포드 학생복 동래점 (전) 케이(K)스쿨 학생복^^6070247246],https://www.g2b.go.kr/link/FIUA027_01/single/?ctrtNo=R25TA00895918&ctrtChgOrd=01&prcmBsneSeCd=조070001&srchName=ctrtCrst&openUrl=Y,이사벨중학교장,"[판로지원법 시행령] 중기업,소기업,소상공인 제한",제한경쟁,2026-05-14 13:49:17,,0.08,,,,,2026-05-15,N,getCntrctInfoListThng,물품,부산광역시교육청 부산광역시동래교육지원청 이사벨중학교,52976000
R26TE14914463,물품,R26TA0186374700,R26TA0186374700,덕천천 긴급대피시설 보조난간 및 발판 구매,N,신규,2026-05-14,,지방계약법 (제25조제1항5호나목),0,4180000,5,http://www.g2b.go.kr,직불,,,3320000,부산광역시 북구,지방자치단체,부산 북구청 재무과,정성욱,051-309-4146,051-309-4149,[1^3320000^부산광역시 북구^지방자치단체^부산 북구청 재무과^정성욱^0513094146],[1^주계약업체^단독^(주)다음앤^황정현^대한민국^100^(주)다음앤^^6078185643],https://www.g2b.go.kr/link/FIUA027_01/single/?ctrtNo=R26TA01863747&ctrtChgOrd=00&prcmBsneSeCd=조070001&srchName=ctrtCrst&openUrl=Y,부산광역시 북구청장,추정가격 2천만원 이하 물품 또는 용역,수의계약,2026-05-14 13:57:12,,0.08,,,,,2026-05-14,N,getCntrctInfoListThng,물품,부산광역시 북구,4180000
R26TE14914502,물품,,R26TA0186386800,2026년 만덕도서관 어린이복합문화공간 비치도서 구입,N,신규,,,지방계약법 (제25조제1항5호나목),0,4500000,5,http://www.g2b.go.kr,직불,,,3320000,부산광역시 북구,지방자치단체,부산 북구청 재무과,김선주,,,[1^3320000^부산광역시 북구^지방자치단체^부산 북구청 재무과^김선주^],[1^주계약업체^단독^구남도서^김진숙^대한민국^100^구남도서^^7173301541],https://www.g2b.go.kr/link/FIUA027_01/single/?ctrtNo=R26TA01863868&ctrtChgOrd=00&prcmBsneSeCd=조070001&srchName=ctrtCrst&openUrl=Y,부산광역시 북구청장,추정가격 2천만원 이하 물품 또는 용역,수의계약,2026-05-14 13:57:57,,0.08,,,,,2026-05-18,N,getCntrctInfoListThng,물품,부산광역시 북구,4500000
R26TE14914568,물품,,R26TA0186389900,부산시티투어 2층 오픈형버스 음향장비 구매,N,신규,,2026.5.13.~2026.6.12.,지방계약법 (제25조제1항5호나목),0,12661000,10,http://www.g2b.go.kr,직불,,,Z024647,부산관광공사,지방공기업,경영지원팀,성혜지,051-780-2163,051-780-2119,[1^Z024647^부산관광공사^지방공기업^경영지원팀^성혜지^0517802163],[1^주계약업체^단독^주식회사 한국시스템^김경호^대한민국^100^주식회사 한국시스템^^6218193135],https://www.g2b.go.kr/link/FIUA027_01/single/?ctrtNo=R26TA01863899&ctrtChgOrd=00&prcmBsneSeCd=조070001&srchName=ctrtCrst&openUrl=Y,부산관광공사 사장,추정가격 2천만원 이하 물품 또는 용역,수의계약,2026-05-14 13:59:44,,0.08,,,,,2026-05-13,N,getCntrctInfoListThng,물품,부산관광공사,12661000
R26TE14915542,물품,R26TA0185790000,R26TA0185790000,삼락복합문화체육센터 건립 기계설비 공사 관급자재(냉난방기) 추가 구매,N,신규,2026-05-14,,지방계약법 (제25조제1항5호나목),0,8880000,5,http://www.g2b.go.kr,직불,,,3390000,부산광역시 사상구,지방자치단체,사상구청 재무과,박지현,051-310-4147,051-310-4149,[1^3390000^부산광역시 사상구^지방자치단체^사상구청 재무과^박지현^0513104147],[1^주계약업체^단독^(주) 유진이엔지^김형근^대한민국^100^(주) 유진이엔지^^6178172558],https://www.g2b.go.kr/link/FIUA027_01/single/?ctrtNo=R26TA01857900&ctrtChgOrd=00&prcmBsneSeCd=조070001&srchName=ctrtCrst&openUrl=Y,부산광역시 사상구청장,추정가격 2천만원 이하 물품 또는 용역,수의계약,2026-05-14 14:27:12,,0.08,,,,,2026-05-14,N,getCntrctInfoListThng,물품,부산광역시 사상구,8880000
R26TE14915660,물품,R26TA0139522501,R26TA0139522501,부산시립미술관 리모델링 사업 기계설비공사 냉각탑 제조·구매,N,신규,2026-03-30,,지방계약법 (제20조제1항6호),0,268846500,5,http://www.g2b.go.kr,직불,,R26BK01264665,6260361,부산광역시 건설본부,지방자치단체,부산광역시 건설본부 회계팀,이남경,051-888-6028,051-888-6009,[1^6260361^부산광역시 건설본부^지방자치단체^부산광역시 건설본부 회계팀^이남경^0518886028],[1^주계약업체^단독^(주)세원엔지니어링^배미연^대한민국^100^(주)세원엔지니어링^^6078148013],https://www.g2b.go.kr/link/FIUA027_01/single/?ctrtNo=R26TA01395225&ctrtChgOrd=01&prcmBsneSeCd=조070001&srchName=ctrtCrst&openUrl=Y,부산광역시 건설본부장 ,행정안전부령 금액 미만 본점소재지,제한경쟁,2026-05-14 14:30:17,,0.08,,,,,2026-03-30,N,getCntrctInfoListThng,물품,부산광역시 건설본부,268846500
R26TE14915711,물품,R26TA0139522501,R26TA0139522501,부산시립미술관 리모델링 사업 기계설비공사 냉각탑 제조·구매,N,신규,2026-03-30,,지방계약법 (제20조제1항6호),0,268846500,5,http://www.g2b.go.kr,직불,,R26BK01264665,6260361,부산광역시 건설본부,지방자치단체,부산광역시 건설본부 회계팀,이남경,051-888-6028,051-888-6009,[1^6260361^부산광역시 건설본부^지방자치단체^부산광역시 건설본부 회계팀^이남경^0518886028],[1^주계약업체^단독^(주)세원엔지니어링^배미연^대한민국^100^(주)세원엔지니어링^^6078148013],https://www.g2b.go.kr/link/FIUA027_01/single/?ctrtNo=R26TA01395225&ctrtChgOrd=01&prcmBsneSeCd=조070001&srchName=ctrtCrst&openUrl=Y,부산광역시 건설본부장 ,행정안전부령 금액 미만 본점소재지,제한경쟁,2026-05-14 14:31:56,,0.08,,,,,2026-03-30,N,getCntrctInfoListThng,물품,부산광역시 건설본부,268846500
R26TE14915942,물품,,R26TA0186316700,별관 화장실 환풍기 구매 교체,N,신규,,계약일~2026.6.5.,지방계약법 (제25조제1항5호나목),0,3269290,5,http://www.g2b.go.kr,직불,,,3350000,부산광역시 금정구,지방자치단체,재무과,박소정,051-519-4144,051-519-4149,[1^3350000^부산광역시 금정구^지방자치단체^재무과^박소정^0515194144],[1^주계약업체^단독^크린웰빙공조^하봉곤^대한민국^100^크린웰빙공조^^6211114103],https://www.g2b.go.kr/link/FIUA027_01/single/?ctrtNo=R26TA01863167&ctrtChgOrd=00&prcmBsneSeCd=조070001&srchName=ctrtCrst&openUrl=Y,금정구청장,추정가격 2천만원 이하 물품 또는 용역,수의계약,2026-05-14 14:37:53,,0.08,,,,,2026-05-15,N,getCntrctInfoListThng,물품,부산광역시 금정구,3269290
R26TE14916090,물품,,R26TA0186438900,[민원]가족관계등록사무 동 통합창구 운영 물품 구입(토너 카트리지),N,신규,,,지방계약법 (제25조제1항5호나목),0,6871000,10,http://www.g2b.go.kr,직불,,,3380000,부산광역시 수영구,지방자치단체,재무과,장지혜,,,[1^3380000^부산광역시 수영구^지방자치단체^재무과^장지혜^],[1^주계약업체^단독^중앙오에이시스템^배병목^대한민국^100^중앙오에이시스템^^6054389530],https://www.g2b.go.kr/link/FIUA027_01/single/?ctrtNo=R26TA01864389&ctrtChgOrd=00&prcmBsneSeCd=조070001&srchName=ctrtCrst&openUrl=Y,부산광역시수영구청장,추정가격 2천만원 이하 물품 또는 용역,수의계약,2026-05-14 14:41:48,,0.08,,,,,2026-05-14,N,getCntrctInfoListThng,물품,부산광역시 수영구,6871000
R26TE14916136,물품,,R25TA0089591801,"2026학년도 이사벨중학교 교복(동복, 생활하복) 학교주관구매 입찰",N,신규,,,지방계약법 (제2조의2제1항2호),0,52976000,5,http://www.g2b.go.kr,직불,,R25BK01020598,7191040,부산광역시교육청 부산광역시동래교육지원청 이사벨중학교,기타기관,행정실,이무철,***********,,[1^7191040^부산광역시교육청 부산광역시동래교육지원청 이사벨중학교^기타기관^행정실^이무철^***********],[1^주계약업체^단독^옥스포드 학생복 동래점 (전) 케이(K)스쿨 학생복^심용조^대한민국^100^옥스포드 학생복 동래점 (전) 케이(K)스쿨 학생복^^6070247246],https://www.g2b.go.kr/link/FIUA027_01/single/?ctrtNo=R25TA00895918&ctrtChgOrd=01&prcmBsneSeCd=조070001&srchName=ctrtCrst&openUrl=Y,이사벨중학교장,"[판로지원법 시행령] 중기업,소기업,소상공인 제한",제한경쟁,2026-05-14 14:42:56,,0.08,,,,,2026-05-15,N,getCntrctInfoListThng,물품,부산광역시교육청 부산광역시동래교육지원청 이사벨중학교,52976000
R26TE14916191,물품,,R26TA0186331800,무인항공기 측량 성능 시험 평가 시스템,N,신규,,2026.05.14. ~ 2026.08.21.,지방계약법 (제26조제2항),0,900000000,5,http://www.g2b.go.kr,직불,,,Z001351,재단법인부산테크노파크,기타기관,회계지원팀,권지영,,,[1^Z001351^재단법인부산테크노파크^기타기관^회계지원팀^권지영^],[1^주계약업체^단독^(주)아이비즈^김수도^대한민국^100^(주)아이비즈^^5028186707],https://www.g2b.go.kr/link/FIUA027_01/single/?ctrtNo=R26TA01863318&ctrtChgOrd=00&prcmBsneSeCd=조070001&srchName=ctrtCrst&openUrl=Y,원장,경쟁입찰을 실시했으나 입찰자가 1인뿐인 경우 수의계약(행안부장관 고시기간),수의계약,2026-05-14 14:44:37,,0.08,,,,,2026-05-14,N,getCntrctInfoListThng,물품,재단법인부산테크노파크,900000000
R26TE14916287,물품,R26TA0184958500,R26TA0184958500,삼파장램프 등 56종 구매,N,신규,2026-05-13,,지방계약법 (제25조제1항5호라목),0,51823700,5,http://www.g2b.go.kr,직불,,R26BK01498820,B551542,부산교통공사,지방공기업,회계자산처,박미정,051-640-7248,051-640-7255,[1^B551542^부산교통공사^지방공기업^회계자산처^박미정^0516407248],[1^주계약업체^단독^마끼다^정인목^대한민국^100^마끼다^^8826300601],https://www.g2b.go.kr/link/FIUA027_01/single/?ctrtNo=R26TA01849585&ctrtChgOrd=00&prcmBsneSeCd=조070001&srchName=ctrtCrst&openUrl=Y,부산교통공사사장,추정가격 2천만원 초과 1억원 이하 물품·용역(소기업 소상공인 계약),수의계약,2026-05-14 14:47:30,,0.08,,,,,2026-05-13,N,getCntrctInfoListThng,물품,부산교통공사,51823700
R26TE14916400,물품,,R26TA0186447700,일광교육행복타운 공용공간 및 BF 사인물 제작·설치,N,신규,,,지방계약법 (제25조제1항5호바목),0,54000000,5,http://www.g2b.go.kr,직불,,,3400000,부산광역시 기장군,지방자치단체,재무과,조혜지,051-709-4147,051-709-4659,[1^3400000^부산광역시 기장군^지방자치단체^재무과^조혜지^0517094147],[1^주계약업체^단독^주식회사 디자인글로리^홍선아^대한민국^100^주식회사 디자인글로리^^3028600083],https://www.g2b.go.kr/link/FIUA027_01/single/?ctrtNo=R26TA01864477&ctrtChgOrd=00&prcmBsneSeCd=조070001&srchName=ctrtCrst&openUrl=Y,기장군수,"추정가격 2천만원 초과 1억원 이하 물품·용역(여성기업, 장애인기업, 사회적기업, 사회적협동조합, 자활기업, 마을기업 계약)",수의계약,2026-05-14 14:50:17,,0.08,,,,,2026-05-15,N,getCntrctInfoListThng,물품,부산광역시 기장군,54000000
R26TE14916626,물품,,R25TA0082754701,"2026학년도 다대중학교 교복(동복, 하복) 학교주관 구매",N,신규,,,지방계약법 (제2조의2제1항1호),0,41075360,10,http://www.g2b.go.kr,직불,,R25BK00974240,7170030,부산광역시서부교육청 다대중학교,교육기관,행정실,박중규,,,[1^7170030^부산광역시서부교육청 다대중학교^교육기관^행정실^박중규^],[1^주계약업체^단독^하이틴^문미애^대한민국^100^하이틴^^6033318743],https://www.g2b.go.kr/link/FIUA027_01/single/?ctrtNo=R25TA00827547&ctrtChgOrd=01&prcmBsneSeCd=조070001&srchName=ctrtCrst&openUrl=Y,다대중학교장,"[판로지원법 시행령] 소기업,소상공인제한",제한경쟁,2026-05-14 14:56:45,,0.08,,,,,2026-04-30,N,getCntrctInfoListThng,물품,부산광역시서부교육청 다대중학교,41075360
R26TE14916668,물품,,R26TA0186456000,하하센터 조성사업 사인물 설치,N,신규,,,지방계약법 (제25조제1항5호바목),0,27000000,5,http://www.g2b.go.kr,직불,,,3400000,부산광역시 기장군,지방자치단체,재무과,조혜지,051-709-4147,051-709-4659,[1^3400000^부산광역시 기장군^지방자치단체^재무과^조혜지^0517094147],[1^주계약업체^단독^주식회사 부림건축디자인^박주연^대한민국^100^주식회사 부림건축디자인^^6178199673],https://www.g2b.go.kr/link/FIUA027_01/single/?ctrtNo=R26TA01864560&ctrtChgOrd=00&prcmBsneSeCd=조070001&srchName=ctrtCrst&openUrl=Y,기장군수,"추정가격 2천만원 초과 1억원 이하 물품·용역(여성기업, 장애인기업, 사회적기업, 사회적협동조합, 자활기업, 마을기업 계약)",수의계약,2026-05-14 14:58:00,,0.08,,,,,2026-05-14,N,getCntrctInfoListThng,물품,부산광역시 기장군,27000000
R26TE14916750,물품,R26TA0185995100,R26TA0185995100,"(단가, 소액수의)속초 509함 주기 신축이음관 교체 수리",N,신규,2026-05-14,26.5.14.~26.5.20.,국가계약법 (제26조제1항5호가3목),0,5115000,10,http://www.g2b.go.kr,직불,,,1532883,해양경찰청 해양경찰정비창 해양경찰부산정비창,국가기관,기획운영과,김대성,051-419-2417,051-419-2318,[1^1532883^해양경찰청 해양경찰정비창 해양경찰부산정비창^국가기관^기획운영과^김대성^0514192417],[1^주계약업체^단독^주식회사 아라트^김명우^대한민국^100^주식회사 아라트^^5468601417],https://www.g2b.go.kr/link/FIUA027_01/single/?ctrtNo=R26TA01859951&ctrtChgOrd=00&prcmBsneSeCd=조070001&srchName=ctrtCrst&openUrl=Y,해양경찰부산정비창,추정가격 2천만원 초과 1억원 이하 물품·용역(소기업.소상공인 계약),수의계약,2026-05-14 15:00:15,,0.125,73152180,기타수리서비스,수리,임대*위탁 및 수리서비스,2026-05-14,N,getCntrctInfoListThng,물품,해양경찰청 해양경찰정비창 해양경찰부산정비창,5115000
R26TE14916890,물품,R26TA0185209100,R26TA0185209100,급속냉동기 스크류압축기 오버홀,N,신규,2026-05-12,2026.05.12 ~ 2026.06.09,지방계약법 (제25조제1항4호타목),0,16292100,5,http://www.g2b.go.kr,직불,,,Z001351,재단법인부산테크노파크,기타기관,회계지원팀,권지영,,,[1^Z001351^재단법인부산테크노파크^기타기관^회계지원팀^권지영^],[1^주계약업체^단독^주식회사 센추리산업기술^황재민^대한민국^100^주식회사 센추리산업기술^^6808601871],https://www.g2b.go.kr/link/FIUA027_01/single/?ctrtNo=R26TA01852091&ctrtChgOrd=00&prcmBsneSeCd=조070001&srchName=ctrtCrst&openUrl=Y,원장,부품공급 및 설비확충 시 호환성,수의계약,2026-05-14 15:04:16,,0.13,,,,,2026-05-12,N,getCntrctInfoListThng,물품,재단법인부산테크노파크,16292100
R26TE14916911,물품,R26TA0183429100,R26TA0183429100,"(단가, 유찰, 수의) 속초 509함, 울진 P-80정 선저외판 검사수리",N,신규,2026-05-14,26.5.14.~26.5.22.,국가계약법 (제27조제1항),0,2610000,10,http://www.g2b.go.kr,직불,,,1532883,해양경찰청 해양경찰정비창 해양경찰부산정비창,국가기관,기획운영과,김대성,051-419-2417,051-419-2318,[1^1532883^해양경찰청 해양경찰정비창 해양경찰부산정비창^국가기관^기획운영과^김대성^0514192417],[1^주계약업체^단독^조은엔지니어링^조재용^대한민국^100^조은엔지니어링^^4172700132],https://www.g2b.go.kr/link/FIUA027_01/single/?ctrtNo=R26TA01834291&ctrtChgOrd=00&prcmBsneSeCd=조070001&srchName=ctrtCrst&openUrl=Y,해양경찰부산정비창,재공고입찰등과 수의계약,수의계약,2026-05-14 15:04:48,,0.125,,,,,2026-05-14,N,getCntrctInfoListThng,물품,해양경찰청 해양경찰정비창 해양경찰부산정비창,2610000
R26TE14917057,물품,R26TA0184507400,R26TA0184507400,"(소액수의)인천 311함 NO.3,4 주기관 취외, 취부 및 중심조정",N,신규,2026-05-11,26.5.11.~26.8.18.,국가계약법 (제26조제1항5호가2목),0,10602200,10,http://www.g2b.go.kr,직불,R26DC00179670,R26BK01388124,1532883,해양경찰청 해양경찰정비창 해양경찰부산정비창,국가기관,기획운영과,김대성,051-419-2417,051-419-2318,[1^1532883^해양경찰청 해양경찰정비창 해양경찰부산정비창^국가기관^기획운영과^이재원^0514192239],[1^주계약업체^단독^금강전기^박태순^대한민국^100^금강전기^^6063776003],https://www.g2b.go.kr/link/FIUA027_01/single/?ctrtNo=R26TA01845074&ctrtChgOrd=00&prcmBsneSeCd=조070001&srchName=ctrtCrst&openUrl=Y,해양경찰부산정비창,추정가격 2천만원 이하 물품 또는 용역,수의계약,2026-05-14 15:09:10,,0.125,73152180,기타수리서비스,수리,임대*위탁 및 수리서비스,2026-05-11,N,getCntrctInfoListThng,물품,해양경찰청 해양경찰정비창 해양경찰부산정비창,10602200
R26TE14917175,물품,,R26TA0186464900,구내식당 수납장 등 가구 구매,N,신규,,계약일~2026.6.22.,지방계약법 (제25조제1항5호나목),0,17100000,5,http://www.g2b.go.kr,직불,,,3350000,부산광역시 금정구,지방자치단체,재무과,박소정,051-519-4144,051-519-4149,[1^3350000^부산광역시 금정구^지방자치단체^재무과^박소정^0515194144],[1^주계약업체^단독^주식회사 한디자인그룹^윤경혜^대한민국^100^주식회사 한디자인그룹^^6038153931],https://www.g2b.go.kr/link/FIUA027_01/single/?ctrtNo=R26TA01864649&ctrtChgOrd=00&prcmBsneSeCd=조070001&srchName=ctrtCrst&openUrl=Y,금정구청장,추정가격 2천만원 이하 물품 또는 용역,수의계약,2026-05-14 15:11:57,,0.08,,,,,2026-05-15,N,getCntrctInfoListThng,물품,부산광역시 금정구,17100000
R26TE14917395,물품,,R25TA0085249101,"부산대신중학교 2026학년도 신입생 교복(동복, 하복(생활복)) 학교주관구매",N,신규,,,지방계약법 (제2조의2제1항1호),0,48504000,10,http://www.g2b.go.kr,직불,,R25BK00971568,7170035,부산광역시서부교육청 부산대신중학교,교육기관,행정실,정형철,***********,051-244-0400,[1^7170035^부산광역시서부교육청 부산대신중학교^교육기관^행정실^정형철^***********],[1^주계약업체^단독^스쿨룩스 사하점^이재경^대한민국^100^스쿨룩스 사하점^^6030875607],https://www.g2b.go.kr/link/FIUA027_01/single/?ctrtNo=R25TA00852491&ctrtChgOrd=01&prcmBsneSeCd=조070001&srchName=ctrtCrst&openUrl=Y,부산대신중학교장,"[판로지원법 시행령] 소기업,소상공인제한",제한경쟁,2026-05-14 15:17:55,,0.08,,,,,2026-05-14,N,getCntrctInfoListThng,물품,부산광역시서부교육청 부산대신중학교,48504000
