city,district,item_category,target_age_ratio,consumer_fit_score
강원특별자치도,강릉시,방역/소독,0.575,0.96
강원특별자치도,강릉시,폐기물/환경,0.455,0.9545
강원특별자치도,강릉시,조경/녹지관리,0.455,0.9545
강원특별자치도,강릉시,의료/복지용품,0.333,0.734
강원특별자치도,강릉시,시설유지보수,0.42,0.4444
강원특별자치도,강릉시,차량/운송,0.42,0.4444
강원특별자치도,강릉시,전문용역/컨설팅,0.42,0.4444
강원특별자치도,강릉시,경비/보안,0.42,0.4444
강원특별자치도,강릉시,건설/공사,0.42,0.4444
강원특별자치도,강릉시,급수/전기/설비,0.42,0.4444
강원특별자치도,강릉시,보험/금융,0.42,0.4444
강원특별자치도,강릉시,청소/환경미화,0.42,0.4444
강원특별자치도,강릉시,IT장비/전산,0.365,0.2683
강원특별자치도,강릉시,인쇄/홍보물,0.365,0.2683
강원특별자치도,강릉시,행사/운영용역,0.365,0.2683
강원특별자치도,강릉시,사무용품/소모품,0.365,0.2683
강원특별자치도,강릉시,기타/미분류,0.365,0.2683
강원특별자치도,강릉시,급식/식자재,0.367,0.1734
강원특별자치도,강릉시,교육물품/교구,0.247,0.1552
강원특별자치도,고성군,방역/소독,0.575,0.96
강원특별자치도,고성군,폐기물/환경,0.455,0.9545
강원특별자치도,고성군,조경/녹지관리,0.455,0.9545
강원특별자치도,고성군,의료/복지용품,0.333,0.734
강원특별자치도,고성군,시설유지보수,0.42,0.4444
강원특별자치도,고성군,차량/운송,0.42,0.4444
강원특별자치도,고성군,전문용역/컨설팅,0.42,0.4444
강원특별자치도,고성군,경비/보안,0.42,0.4444
강원특별자치도,고성군,건설/공사,0.42,0.4444
강원특별자치도,고성군,급수/전기/설비,0.42,0.4444
강원특별자치도,고성군,보험/금융,0.42,0.4444
강원특별자치도,고성군,청소/환경미화,0.42,0.4444
강원특별자치도,고성군,IT장비/전산,0.365,0.2683
강원특별자치도,고성군,인쇄/홍보물,0.365,0.2683
강원특별자치도,고성군,행사/운영용역,0.365,0.2683
강원특별자치도,고성군,사무용품/소모품,0.365,0.2683
강원특별자치도,고성군,기타/미분류,0.365,0.2683
강원특별자치도,고성군,급식/식자재,0.367,0.1734
강원특별자치도,고성군,교육물품/교구,0.247,0.1552
강원특별자치도,동해시,방역/소독,0.575,0.96
강원특별자치도,동해시,폐기물/환경,0.455,0.9545
강원특별자치도,동해시,조경/녹지관리,0.455,0.9545
강원특별자치도,동해시,의료/복지용품,0.333,0.734
강원특별자치도,동해시,시설유지보수,0.42,0.4444
강원특별자치도,동해시,차량/운송,0.42,0.4444
강원특별자치도,동해시,전문용역/컨설팅,0.42,0.4444
강원특별자치도,동해시,경비/보안,0.42,0.4444
강원특별자치도,동해시,건설/공사,0.42,0.4444
강원특별자치도,동해시,급수/전기/설비,0.42,0.4444
강원특별자치도,동해시,보험/금융,0.42,0.4444
강원특별자치도,동해시,청소/환경미화,0.42,0.4444
강원특별자치도,동해시,IT장비/전산,0.365,0.2683
강원특별자치도,동해시,인쇄/홍보물,0.365,0.2683
강원특별자치도,동해시,행사/운영용역,0.365,0.2683
강원특별자치도,동해시,사무용품/소모품,0.365,0.2683
강원특별자치도,동해시,기타/미분류,0.365,0.2683
강원특별자치도,동해시,급식/식자재,0.367,0.1734
강원특별자치도,동해시,교육물품/교구,0.247,0.1552
강원특별자치도,삼척시,방역/소독,0.575,0.96
강원특별자치도,삼척시,폐기물/환경,0.455,0.9545
강원특별자치도,삼척시,조경/녹지관리,0.455,0.9545
강원특별자치도,삼척시,의료/복지용품,0.333,0.734
강원특별자치도,삼척시,시설유지보수,0.42,0.4444
강원특별자치도,삼척시,차량/운송,0.42,0.4444
강원특별자치도,삼척시,전문용역/컨설팅,0.42,0.4444
강원특별자치도,삼척시,경비/보안,0.42,0.4444
강원특별자치도,삼척시,건설/공사,0.42,0.4444
강원특별자치도,삼척시,급수/전기/설비,0.42,0.4444
강원특별자치도,삼척시,보험/금융,0.42,0.4444
강원특별자치도,삼척시,청소/환경미화,0.42,0.4444
강원특별자치도,삼척시,IT장비/전산,0.365,0.2683
강원특별자치도,삼척시,인쇄/홍보물,0.365,0.2683
강원특별자치도,삼척시,행사/운영용역,0.365,0.2683
강원특별자치도,삼척시,사무용품/소모품,0.365,0.2683
강원특별자치도,삼척시,기타/미분류,0.365,0.2683
강원특별자치도,삼척시,급식/식자재,0.367,0.1734
강원특별자치도,삼척시,교육물품/교구,0.247,0.1552
강원특별자치도,속초시,방역/소독,0.575,0.96
강원특별자치도,속초시,폐기물/환경,0.455,0.9545
강원특별자치도,속초시,조경/녹지관리,0.455,0.9545
강원특별자치도,속초시,의료/복지용품,0.333,0.734
강원특별자치도,속초시,시설유지보수,0.42,0.4444
강원특별자치도,속초시,차량/운송,0.42,0.4444
강원특별자치도,속초시,전문용역/컨설팅,0.42,0.4444
강원특별자치도,속초시,경비/보안,0.42,0.4444
강원특별자치도,속초시,건설/공사,0.42,0.4444
강원특별자치도,속초시,급수/전기/설비,0.42,0.4444
강원특별자치도,속초시,보험/금융,0.42,0.4444
강원특별자치도,속초시,청소/환경미화,0.42,0.4444
강원특별자치도,속초시,IT장비/전산,0.365,0.2683
강원특별자치도,속초시,인쇄/홍보물,0.365,0.2683
강원특별자치도,속초시,행사/운영용역,0.365,0.2683
강원특별자치도,속초시,사무용품/소모품,0.365,0.2683
강원특별자치도,속초시,기타/미분류,0.365,0.2683
강원특별자치도,속초시,급식/식자재,0.367,0.1734
강원특별자치도,속초시,교육물품/교구,0.247,0.1552
강원특별자치도,양구군,방역/소독,0.575,0.96
강원특별자치도,양구군,폐기물/환경,0.455,0.9545
강원특별자치도,양구군,조경/녹지관리,0.455,0.9545
강원특별자치도,양구군,의료/복지용품,0.333,0.734
강원특별자치도,양구군,시설유지보수,0.42,0.4444
강원특별자치도,양구군,차량/운송,0.42,0.4444
강원특별자치도,양구군,전문용역/컨설팅,0.42,0.4444
강원특별자치도,양구군,경비/보안,0.42,0.4444
강원특별자치도,양구군,건설/공사,0.42,0.4444
강원특별자치도,양구군,급수/전기/설비,0.42,0.4444
강원특별자치도,양구군,보험/금융,0.42,0.4444
강원특별자치도,양구군,청소/환경미화,0.42,0.4444
강원특별자치도,양구군,IT장비/전산,0.365,0.2683
강원특별자치도,양구군,인쇄/홍보물,0.365,0.2683
강원특별자치도,양구군,행사/운영용역,0.365,0.2683
강원특별자치도,양구군,사무용품/소모품,0.365,0.2683
강원특별자치도,양구군,기타/미분류,0.365,0.2683
강원특별자치도,양구군,급식/식자재,0.367,0.1734
강원특별자치도,양구군,교육물품/교구,0.247,0.1552
강원특별자치도,양양군,방역/소독,0.575,0.96
강원특별자치도,양양군,폐기물/환경,0.455,0.9545
강원특별자치도,양양군,조경/녹지관리,0.455,0.9545
강원특별자치도,양양군,의료/복지용품,0.333,0.734
강원특별자치도,양양군,시설유지보수,0.42,0.4444
강원특별자치도,양양군,차량/운송,0.42,0.4444
강원특별자치도,양양군,전문용역/컨설팅,0.42,0.4444
강원특별자치도,양양군,경비/보안,0.42,0.4444
강원특별자치도,양양군,건설/공사,0.42,0.4444
강원특별자치도,양양군,급수/전기/설비,0.42,0.4444
강원특별자치도,양양군,보험/금융,0.42,0.4444
강원특별자치도,양양군,청소/환경미화,0.42,0.4444
강원특별자치도,양양군,IT장비/전산,0.365,0.2683
강원특별자치도,양양군,인쇄/홍보물,0.365,0.2683
강원특별자치도,양양군,행사/운영용역,0.365,0.2683
강원특별자치도,양양군,사무용품/소모품,0.365,0.2683
강원특별자치도,양양군,기타/미분류,0.365,0.2683
강원특별자치도,양양군,급식/식자재,0.367,0.1734
강원특별자치도,양양군,교육물품/교구,0.247,0.1552
강원특별자치도,영월군,방역/소독,0.575,0.96
강원특별자치도,영월군,폐기물/환경,0.455,0.9545
강원특별자치도,영월군,조경/녹지관리,0.455,0.9545
강원특별자치도,영월군,의료/복지용품,0.333,0.734
강원특별자치도,영월군,시설유지보수,0.42,0.4444
강원특별자치도,영월군,차량/운송,0.42,0.4444
강원특별자치도,영월군,전문용역/컨설팅,0.42,0.4444
강원특별자치도,영월군,경비/보안,0.42,0.4444
강원특별자치도,영월군,건설/공사,0.42,0.4444
강원특별자치도,영월군,급수/전기/설비,0.42,0.4444
강원특별자치도,영월군,보험/금융,0.42,0.4444
강원특별자치도,영월군,청소/환경미화,0.42,0.4444
강원특별자치도,영월군,IT장비/전산,0.365,0.2683
강원특별자치도,영월군,인쇄/홍보물,0.365,0.2683
강원특별자치도,영월군,행사/운영용역,0.365,0.2683
강원특별자치도,영월군,사무용품/소모품,0.365,0.2683
강원특별자치도,영월군,기타/미분류,0.365,0.2683
강원특별자치도,영월군,급식/식자재,0.367,0.1734
강원특별자치도,영월군,교육물품/교구,0.247,0.1552
강원특별자치도,원주시,방역/소독,0.575,0.96
강원특별자치도,원주시,폐기물/환경,0.455,0.9545
강원특별자치도,원주시,조경/녹지관리,0.455,0.9545
강원특별자치도,원주시,의료/복지용품,0.333,0.734
강원특별자치도,원주시,시설유지보수,0.42,0.4444
강원특별자치도,원주시,차량/운송,0.42,0.4444
강원특별자치도,원주시,전문용역/컨설팅,0.42,0.4444
강원특별자치도,원주시,경비/보안,0.42,0.4444
강원특별자치도,원주시,건설/공사,0.42,0.4444
강원특별자치도,원주시,급수/전기/설비,0.42,0.4444
강원특별자치도,원주시,보험/금융,0.42,0.4444
강원특별자치도,원주시,청소/환경미화,0.42,0.4444
강원특별자치도,원주시,IT장비/전산,0.365,0.2683
강원특별자치도,원주시,인쇄/홍보물,0.365,0.2683
강원특별자치도,원주시,행사/운영용역,0.365,0.2683
강원특별자치도,원주시,사무용품/소모품,0.365,0.2683
강원특별자치도,원주시,기타/미분류,0.365,0.2683
강원특별자치도,원주시,급식/식자재,0.367,0.1734
강원특별자치도,원주시,교육물품/교구,0.247,0.1552
강원특별자치도,인제군,방역/소독,0.575,0.96
강원특별자치도,인제군,폐기물/환경,0.455,0.9545
강원특별자치도,인제군,조경/녹지관리,0.455,0.9545
강원특별자치도,인제군,의료/복지용품,0.333,0.734
강원특별자치도,인제군,시설유지보수,0.42,0.4444
강원특별자치도,인제군,차량/운송,0.42,0.4444
강원특별자치도,인제군,전문용역/컨설팅,0.42,0.4444
강원특별자치도,인제군,경비/보안,0.42,0.4444
강원특별자치도,인제군,건설/공사,0.42,0.4444
강원특별자치도,인제군,급수/전기/설비,0.42,0.4444
강원특별자치도,인제군,보험/금융,0.42,0.4444
강원특별자치도,인제군,청소/환경미화,0.42,0.4444
강원특별자치도,인제군,IT장비/전산,0.365,0.2683
강원특별자치도,인제군,인쇄/홍보물,0.365,0.2683
강원특별자치도,인제군,행사/운영용역,0.365,0.2683
강원특별자치도,인제군,사무용품/소모품,0.365,0.2683
강원특별자치도,인제군,기타/미분류,0.365,0.2683
강원특별자치도,인제군,급식/식자재,0.367,0.1734
강원특별자치도,인제군,교육물품/교구,0.247,0.1552
강원특별자치도,정선군,방역/소독,0.575,0.96
강원특별자치도,정선군,폐기물/환경,0.455,0.9545
강원특별자치도,정선군,조경/녹지관리,0.455,0.9545
강원특별자치도,정선군,의료/복지용품,0.333,0.734
강원특별자치도,정선군,시설유지보수,0.42,0.4444
강원특별자치도,정선군,차량/운송,0.42,0.4444
강원특별자치도,정선군,전문용역/컨설팅,0.42,0.4444
강원특별자치도,정선군,경비/보안,0.42,0.4444
강원특별자치도,정선군,건설/공사,0.42,0.4444
강원특별자치도,정선군,급수/전기/설비,0.42,0.4444
강원특별자치도,정선군,보험/금융,0.42,0.4444
강원특별자치도,정선군,청소/환경미화,0.42,0.4444
강원특별자치도,정선군,IT장비/전산,0.365,0.2683
강원특별자치도,정선군,인쇄/홍보물,0.365,0.2683
강원특별자치도,정선군,행사/운영용역,0.365,0.2683
강원특별자치도,정선군,사무용품/소모품,0.365,0.2683
강원특별자치도,정선군,기타/미분류,0.365,0.2683
강원특별자치도,정선군,급식/식자재,0.367,0.1734
강원특별자치도,정선군,교육물품/교구,0.247,0.1552
강원특별자치도,철원군,방역/소독,0.575,0.96
강원특별자치도,철원군,폐기물/환경,0.455,0.9545
강원특별자치도,철원군,조경/녹지관리,0.455,0.9545
강원특별자치도,철원군,의료/복지용품,0.333,0.734
강원특별자치도,철원군,시설유지보수,0.42,0.4444
강원특별자치도,철원군,차량/운송,0.42,0.4444
강원특별자치도,철원군,전문용역/컨설팅,0.42,0.4444
강원특별자치도,철원군,경비/보안,0.42,0.4444
강원특별자치도,철원군,건설/공사,0.42,0.4444
강원특별자치도,철원군,급수/전기/설비,0.42,0.4444
강원특별자치도,철원군,보험/금융,0.42,0.4444
강원특별자치도,철원군,청소/환경미화,0.42,0.4444
강원특별자치도,철원군,IT장비/전산,0.365,0.2683
강원특별자치도,철원군,인쇄/홍보물,0.365,0.2683
강원특별자치도,철원군,행사/운영용역,0.365,0.2683
강원특별자치도,철원군,사무용품/소모품,0.365,0.2683
강원특별자치도,철원군,기타/미분류,0.365,0.2683
강원특별자치도,철원군,급식/식자재,0.367,0.1734
강원특별자치도,철원군,교육물품/교구,0.247,0.1552
강원특별자치도,춘천시,방역/소독,0.575,0.96
강원특별자치도,춘천시,폐기물/환경,0.455,0.9545
강원특별자치도,춘천시,조경/녹지관리,0.455,0.9545
강원특별자치도,춘천시,의료/복지용품,0.333,0.734
강원특별자치도,춘천시,시설유지보수,0.42,0.4444
강원특별자치도,춘천시,차량/운송,0.42,0.4444
강원특별자치도,춘천시,전문용역/컨설팅,0.42,0.4444
강원특별자치도,춘천시,경비/보안,0.42,0.4444
강원특별자치도,춘천시,건설/공사,0.42,0.4444
강원특별자치도,춘천시,급수/전기/설비,0.42,0.4444
강원특별자치도,춘천시,보험/금융,0.42,0.4444
강원특별자치도,춘천시,청소/환경미화,0.42,0.4444
강원특별자치도,춘천시,IT장비/전산,0.365,0.2683
강원특별자치도,춘천시,인쇄/홍보물,0.365,0.2683
강원특별자치도,춘천시,행사/운영용역,0.365,0.2683
강원특별자치도,춘천시,사무용품/소모품,0.365,0.2683
강원특별자치도,춘천시,기타/미분류,0.365,0.2683
강원특별자치도,춘천시,급식/식자재,0.367,0.1734
강원특별자치도,춘천시,교육물품/교구,0.247,0.1552
강원특별자치도,태백시,방역/소독,0.575,0.96
강원특별자치도,태백시,폐기물/환경,0.455,0.9545
강원특별자치도,태백시,조경/녹지관리,0.455,0.9545
강원특별자치도,태백시,의료/복지용품,0.333,0.734
강원특별자치도,태백시,시설유지보수,0.42,0.4444
강원특별자치도,태백시,차량/운송,0.42,0.4444
강원특별자치도,태백시,전문용역/컨설팅,0.42,0.4444
강원특별자치도,태백시,경비/보안,0.42,0.4444
강원특별자치도,태백시,건설/공사,0.42,0.4444
강원특별자치도,태백시,급수/전기/설비,0.42,0.4444
강원특별자치도,태백시,보험/금융,0.42,0.4444
강원특별자치도,태백시,청소/환경미화,0.42,0.4444
강원특별자치도,태백시,IT장비/전산,0.365,0.2683
강원특별자치도,태백시,인쇄/홍보물,0.365,0.2683
강원특별자치도,태백시,행사/운영용역,0.365,0.2683
강원특별자치도,태백시,사무용품/소모품,0.365,0.2683
강원특별자치도,태백시,기타/미분류,0.365,0.2683
강원특별자치도,태백시,급식/식자재,0.367,0.1734
강원특별자치도,태백시,교육물품/교구,0.247,0.1552
강원특별자치도,평창군,방역/소독,0.575,0.96
강원특별자치도,평창군,폐기물/환경,0.455,0.9545
강원특별자치도,평창군,조경/녹지관리,0.455,0.9545
강원특별자치도,평창군,의료/복지용품,0.333,0.734
강원특별자치도,평창군,시설유지보수,0.42,0.4444
강원특별자치도,평창군,차량/운송,0.42,0.4444
강원특별자치도,평창군,전문용역/컨설팅,0.42,0.4444
강원특별자치도,평창군,경비/보안,0.42,0.4444
강원특별자치도,평창군,건설/공사,0.42,0.4444
강원특별자치도,평창군,급수/전기/설비,0.42,0.4444
강원특별자치도,평창군,보험/금융,0.42,0.4444
강원특별자치도,평창군,청소/환경미화,0.42,0.4444
강원특별자치도,평창군,IT장비/전산,0.365,0.2683
강원특별자치도,평창군,인쇄/홍보물,0.365,0.2683
강원특별자치도,평창군,행사/운영용역,0.365,0.2683
강원특별자치도,평창군,사무용품/소모품,0.365,0.2683
강원특별자치도,평창군,기타/미분류,0.365,0.2683
강원특별자치도,평창군,급식/식자재,0.367,0.1734
강원특별자치도,평창군,교육물품/교구,0.247,0.1552
강원특별자치도,홍천군,방역/소독,0.575,0.96
강원특별자치도,홍천군,폐기물/환경,0.455,0.9545
강원특별자치도,홍천군,조경/녹지관리,0.455,0.9545
강원특별자치도,홍천군,의료/복지용품,0.333,0.734
강원특별자치도,홍천군,시설유지보수,0.42,0.4444
강원특별자치도,홍천군,차량/운송,0.42,0.4444
강원특별자치도,홍천군,전문용역/컨설팅,0.42,0.4444
강원특별자치도,홍천군,경비/보안,0.42,0.4444
강원특별자치도,홍천군,건설/공사,0.42,0.4444
강원특별자치도,홍천군,급수/전기/설비,0.42,0.4444
강원특별자치도,홍천군,보험/금융,0.42,0.4444
강원특별자치도,홍천군,청소/환경미화,0.42,0.4444
강원특별자치도,홍천군,IT장비/전산,0.365,0.2683
강원특별자치도,홍천군,인쇄/홍보물,0.365,0.2683
강원특별자치도,홍천군,행사/운영용역,0.365,0.2683
강원특별자치도,홍천군,사무용품/소모품,0.365,0.2683
강원특별자치도,홍천군,기타/미분류,0.365,0.2683
강원특별자치도,홍천군,급식/식자재,0.367,0.1734
강원특별자치도,홍천군,교육물품/교구,0.247,0.1552
강원특별자치도,화천군,방역/소독,0.575,0.96
강원특별자치도,화천군,폐기물/환경,0.455,0.9545
강원특별자치도,화천군,조경/녹지관리,0.455,0.9545
강원특별자치도,화천군,의료/복지용품,0.333,0.734
강원특별자치도,화천군,시설유지보수,0.42,0.4444
강원특별자치도,화천군,차량/운송,0.42,0.4444
강원특별자치도,화천군,전문용역/컨설팅,0.42,0.4444
강원특별자치도,화천군,경비/보안,0.42,0.4444
강원특별자치도,화천군,건설/공사,0.42,0.4444
강원특별자치도,화천군,급수/전기/설비,0.42,0.4444
강원특별자치도,화천군,보험/금융,0.42,0.4444
강원특별자치도,화천군,청소/환경미화,0.42,0.4444
강원특별자치도,화천군,IT장비/전산,0.365,0.2683
강원특별자치도,화천군,인쇄/홍보물,0.365,0.2683
강원특별자치도,화천군,행사/운영용역,0.365,0.2683
강원특별자치도,화천군,사무용품/소모품,0.365,0.2683
강원특별자치도,화천군,기타/미분류,0.365,0.2683
강원특별자치도,화천군,급식/식자재,0.367,0.1734
강원특별자치도,화천군,교육물품/교구,0.247,0.1552
강원특별자치도,횡성군,방역/소독,0.575,0.96
강원특별자치도,횡성군,폐기물/환경,0.455,0.9545
강원특별자치도,횡성군,조경/녹지관리,0.455,0.9545
강원특별자치도,횡성군,의료/복지용품,0.333,0.734
강원특별자치도,횡성군,시설유지보수,0.42,0.4444
강원특별자치도,횡성군,차량/운송,0.42,0.4444
강원특별자치도,횡성군,전문용역/컨설팅,0.42,0.4444
강원특별자치도,횡성군,경비/보안,0.42,0.4444
강원특별자치도,횡성군,건설/공사,0.42,0.4444
강원특별자치도,횡성군,급수/전기/설비,0.42,0.4444
강원특별자치도,횡성군,보험/금융,0.42,0.4444
강원특별자치도,횡성군,청소/환경미화,0.42,0.4444
강원특별자치도,횡성군,IT장비/전산,0.365,0.2683
강원특별자치도,횡성군,인쇄/홍보물,0.365,0.2683
강원특별자치도,횡성군,행사/운영용역,0.365,0.2683
강원특별자치도,횡성군,사무용품/소모품,0.365,0.2683
강원특별자치도,횡성군,기타/미분류,0.365,0.2683
강원특별자치도,횡성군,급식/식자재,0.367,0.1734
강원특별자치도,횡성군,교육물품/교구,0.247,0.1552
경기도,가평군,시설유지보수,0.455,0.9306
경기도,가평군,차량/운송,0.455,0.9306
경기도,가평군,전문용역/컨설팅,0.455,0.9306
경기도,가평군,경비/보안,0.455,0.9306
경기도,가평군,건설/공사,0.455,0.9306
경기도,가평군,급수/전기/설비,0.455,0.9306
경기도,가평군,보험/금융,0.455,0.9306
경기도,가평군,청소/환경미화,0.455,0.9306
경기도,가평군,IT장비/전산,0.442,0.8943
경기도,가평군,인쇄/홍보물,0.442,0.8943
경기도,가평군,행사/운영용역,0.442,0.8943
경기도,가평군,사무용품/소모품,0.442,0.8943
경기도,가평군,기타/미분류,0.442,0.8943
경기도,가평군,급식/식자재,0.47,0.7688
경기도,가평군,교육물품/교구,0.315,0.7414
경기도,가평군,방역/소독,0.565,0.56
경기도,가평군,폐기물/환경,0.41,0.2937
경기도,가평군,조경/녹지관리,0.41,0.2937
경기도,가평군,의료/복지용품,0.23,0.1862
경기도,고양시,시설유지보수,0.455,0.9306
경기도,고양시,차량/운송,0.455,0.9306
경기도,고양시,전문용역/컨설팅,0.455,0.9306
경기도,고양시,경비/보안,0.455,0.9306
경기도,고양시,건설/공사,0.455,0.9306
경기도,고양시,급수/전기/설비,0.455,0.9306
경기도,고양시,보험/금융,0.455,0.9306
경기도,고양시,청소/환경미화,0.455,0.9306
경기도,고양시,IT장비/전산,0.442,0.8943
경기도,고양시,인쇄/홍보물,0.442,0.8943
경기도,고양시,행사/운영용역,0.442,0.8943
경기도,고양시,사무용품/소모품,0.442,0.8943
경기도,고양시,기타/미분류,0.442,0.8943
경기도,고양시,급식/식자재,0.47,0.7688
경기도,고양시,교육물품/교구,0.315,0.7414
경기도,고양시,방역/소독,0.565,0.56
경기도,고양시,폐기물/환경,0.41,0.2937
경기도,고양시,조경/녹지관리,0.41,0.2937
경기도,고양시,의료/복지용품,0.23,0.1862
경기도,과천시,시설유지보수,0.455,0.9306
경기도,과천시,차량/운송,0.455,0.9306
경기도,과천시,전문용역/컨설팅,0.455,0.9306
경기도,과천시,경비/보안,0.455,0.9306
경기도,과천시,건설/공사,0.455,0.9306
경기도,과천시,급수/전기/설비,0.455,0.9306
경기도,과천시,보험/금융,0.455,0.9306
경기도,과천시,청소/환경미화,0.455,0.9306
경기도,과천시,IT장비/전산,0.442,0.8943
경기도,과천시,인쇄/홍보물,0.442,0.8943
경기도,과천시,행사/운영용역,0.442,0.8943
경기도,과천시,사무용품/소모품,0.442,0.8943
경기도,과천시,기타/미분류,0.442,0.8943
경기도,과천시,급식/식자재,0.47,0.7688
경기도,과천시,교육물품/교구,0.315,0.7414
경기도,과천시,방역/소독,0.565,0.56
경기도,과천시,폐기물/환경,0.41,0.2937
경기도,과천시,조경/녹지관리,0.41,0.2937
경기도,과천시,의료/복지용품,0.23,0.1862
경기도,광명시,시설유지보수,0.455,0.9306
경기도,광명시,차량/운송,0.455,0.9306
경기도,광명시,전문용역/컨설팅,0.455,0.9306
경기도,광명시,경비/보안,0.455,0.9306
경기도,광명시,건설/공사,0.455,0.9306
경기도,광명시,급수/전기/설비,0.455,0.9306
경기도,광명시,보험/금융,0.455,0.9306
경기도,광명시,청소/환경미화,0.455,0.9306
경기도,광명시,IT장비/전산,0.442,0.8943
경기도,광명시,인쇄/홍보물,0.442,0.8943
경기도,광명시,행사/운영용역,0.442,0.8943
경기도,광명시,사무용품/소모품,0.442,0.8943
경기도,광명시,기타/미분류,0.442,0.8943
경기도,광명시,급식/식자재,0.47,0.7688
경기도,광명시,교육물품/교구,0.315,0.7414
경기도,광명시,방역/소독,0.565,0.56
경기도,광명시,폐기물/환경,0.41,0.2937
경기도,광명시,조경/녹지관리,0.41,0.2937
경기도,광명시,의료/복지용품,0.23,0.1862
경기도,광주시,시설유지보수,0.455,0.9306
경기도,광주시,차량/운송,0.455,0.9306
경기도,광주시,전문용역/컨설팅,0.455,0.9306
경기도,광주시,경비/보안,0.455,0.9306
경기도,광주시,건설/공사,0.455,0.9306
경기도,광주시,급수/전기/설비,0.455,0.9306
경기도,광주시,보험/금융,0.455,0.9306
경기도,광주시,청소/환경미화,0.455,0.9306
경기도,광주시,IT장비/전산,0.442,0.8943
경기도,광주시,인쇄/홍보물,0.442,0.8943
경기도,광주시,행사/운영용역,0.442,0.8943
경기도,광주시,사무용품/소모품,0.442,0.8943
경기도,광주시,기타/미분류,0.442,0.8943
경기도,광주시,급식/식자재,0.47,0.7688
경기도,광주시,교육물품/교구,0.315,0.7414
경기도,광주시,방역/소독,0.565,0.56
경기도,광주시,폐기물/환경,0.41,0.2937
경기도,광주시,조경/녹지관리,0.41,0.2937
경기도,광주시,의료/복지용품,0.23,0.1862
경기도,구리시,시설유지보수,0.455,0.9306
경기도,구리시,차량/운송,0.455,0.9306
경기도,구리시,전문용역/컨설팅,0.455,0.9306
경기도,구리시,경비/보안,0.455,0.9306
경기도,구리시,건설/공사,0.455,0.9306
경기도,구리시,급수/전기/설비,0.455,0.9306
경기도,구리시,보험/금융,0.455,0.9306
경기도,구리시,청소/환경미화,0.455,0.9306
경기도,구리시,IT장비/전산,0.442,0.8943
경기도,구리시,인쇄/홍보물,0.442,0.8943
경기도,구리시,행사/운영용역,0.442,0.8943
경기도,구리시,사무용품/소모품,0.442,0.8943
경기도,구리시,기타/미분류,0.442,0.8943
경기도,구리시,급식/식자재,0.47,0.7688
경기도,구리시,교육물품/교구,0.315,0.7414
경기도,구리시,방역/소독,0.565,0.56
경기도,구리시,폐기물/환경,0.41,0.2937
경기도,구리시,조경/녹지관리,0.41,0.2937
경기도,구리시,의료/복지용품,0.23,0.1862
경기도,군포시,시설유지보수,0.455,0.9306
경기도,군포시,차량/운송,0.455,0.9306
경기도,군포시,전문용역/컨설팅,0.455,0.9306
경기도,군포시,경비/보안,0.455,0.9306
경기도,군포시,건설/공사,0.455,0.9306
경기도,군포시,급수/전기/설비,0.455,0.9306
경기도,군포시,보험/금융,0.455,0.9306
경기도,군포시,청소/환경미화,0.455,0.9306
경기도,군포시,IT장비/전산,0.442,0.8943
경기도,군포시,인쇄/홍보물,0.442,0.8943
경기도,군포시,행사/운영용역,0.442,0.8943
경기도,군포시,사무용품/소모품,0.442,0.8943
경기도,군포시,기타/미분류,0.442,0.8943
경기도,군포시,급식/식자재,0.47,0.7688
경기도,군포시,교육물품/교구,0.315,0.7414
경기도,군포시,방역/소독,0.565,0.56
경기도,군포시,폐기물/환경,0.41,0.2937
경기도,군포시,조경/녹지관리,0.41,0.2937
경기도,군포시,의료/복지용품,0.23,0.1862
경기도,김포시,시설유지보수,0.455,0.9306
경기도,김포시,차량/운송,0.455,0.9306
경기도,김포시,전문용역/컨설팅,0.455,0.9306
경기도,김포시,경비/보안,0.455,0.9306
경기도,김포시,건설/공사,0.455,0.9306
경기도,김포시,급수/전기/설비,0.455,0.9306
경기도,김포시,보험/금융,0.455,0.9306
경기도,김포시,청소/환경미화,0.455,0.9306
경기도,김포시,IT장비/전산,0.442,0.8943
경기도,김포시,인쇄/홍보물,0.442,0.8943
경기도,김포시,행사/운영용역,0.442,0.8943
경기도,김포시,사무용품/소모품,0.442,0.8943
경기도,김포시,기타/미분류,0.442,0.8943
경기도,김포시,급식/식자재,0.47,0.7688
경기도,김포시,교육물품/교구,0.315,0.7414
경기도,김포시,방역/소독,0.565,0.56
경기도,김포시,폐기물/환경,0.41,0.2937
경기도,김포시,조경/녹지관리,0.41,0.2937
경기도,김포시,의료/복지용품,0.23,0.1862
경기도,남양주시,시설유지보수,0.455,0.9306
경기도,남양주시,차량/운송,0.455,0.9306
경기도,남양주시,전문용역/컨설팅,0.455,0.9306
경기도,남양주시,경비/보안,0.455,0.9306
경기도,남양주시,건설/공사,0.455,0.9306
경기도,남양주시,급수/전기/설비,0.455,0.9306
경기도,남양주시,보험/금융,0.455,0.9306
경기도,남양주시,청소/환경미화,0.455,0.9306
경기도,남양주시,IT장비/전산,0.442,0.8943
경기도,남양주시,인쇄/홍보물,0.442,0.8943
경기도,남양주시,행사/운영용역,0.442,0.8943
경기도,남양주시,사무용품/소모품,0.442,0.8943
경기도,남양주시,기타/미분류,0.442,0.8943
경기도,남양주시,급식/식자재,0.47,0.7688
경기도,남양주시,교육물품/교구,0.315,0.7414
경기도,남양주시,방역/소독,0.565,0.56
경기도,남양주시,폐기물/환경,0.41,0.2937
경기도,남양주시,조경/녹지관리,0.41,0.2937
경기도,남양주시,의료/복지용품,0.23,0.1862
경기도,동두천시,시설유지보수,0.455,0.9306
경기도,동두천시,차량/운송,0.455,0.9306
경기도,동두천시,전문용역/컨설팅,0.455,0.9306
경기도,동두천시,경비/보안,0.455,0.9306
경기도,동두천시,건설/공사,0.455,0.9306
경기도,동두천시,급수/전기/설비,0.455,0.9306
경기도,동두천시,보험/금융,0.455,0.9306
경기도,동두천시,청소/환경미화,0.455,0.9306
경기도,동두천시,IT장비/전산,0.442,0.8943
경기도,동두천시,인쇄/홍보물,0.442,0.8943
경기도,동두천시,행사/운영용역,0.442,0.8943
경기도,동두천시,사무용품/소모품,0.442,0.8943
경기도,동두천시,기타/미분류,0.442,0.8943
경기도,동두천시,급식/식자재,0.47,0.7688
경기도,동두천시,교육물품/교구,0.315,0.7414
경기도,동두천시,방역/소독,0.565,0.56
경기도,동두천시,폐기물/환경,0.41,0.2937
경기도,동두천시,조경/녹지관리,0.41,0.2937
경기도,동두천시,의료/복지용품,0.23,0.1862
경기도,부천시,시설유지보수,0.455,0.9306
경기도,부천시,차량/운송,0.455,0.9306
경기도,부천시,전문용역/컨설팅,0.455,0.9306
경기도,부천시,경비/보안,0.455,0.9306
경기도,부천시,건설/공사,0.455,0.9306
경기도,부천시,급수/전기/설비,0.455,0.9306
경기도,부천시,보험/금융,0.455,0.9306
경기도,부천시,청소/환경미화,0.455,0.9306
경기도,부천시,IT장비/전산,0.442,0.8943
경기도,부천시,인쇄/홍보물,0.442,0.8943
경기도,부천시,행사/운영용역,0.442,0.8943
경기도,부천시,사무용품/소모품,0.442,0.8943
경기도,부천시,기타/미분류,0.442,0.8943
경기도,부천시,급식/식자재,0.47,0.7688
경기도,부천시,교육물품/교구,0.315,0.7414
경기도,부천시,방역/소독,0.565,0.56
경기도,부천시,폐기물/환경,0.41,0.2937
경기도,부천시,조경/녹지관리,0.41,0.2937
경기도,부천시,의료/복지용품,0.23,0.1862
경기도,성남시,시설유지보수,0.455,0.9306
경기도,성남시,차량/운송,0.455,0.9306
경기도,성남시,전문용역/컨설팅,0.455,0.9306
경기도,성남시,경비/보안,0.455,0.9306
경기도,성남시,건설/공사,0.455,0.9306
경기도,성남시,급수/전기/설비,0.455,0.9306
경기도,성남시,보험/금융,0.455,0.9306
경기도,성남시,청소/환경미화,0.455,0.9306
경기도,성남시,IT장비/전산,0.442,0.8943
경기도,성남시,인쇄/홍보물,0.442,0.8943
경기도,성남시,행사/운영용역,0.442,0.8943
경기도,성남시,사무용품/소모품,0.442,0.8943
경기도,성남시,기타/미분류,0.442,0.8943
경기도,성남시,급식/식자재,0.47,0.7688
경기도,성남시,교육물품/교구,0.315,0.7414
경기도,성남시,방역/소독,0.565,0.56
경기도,성남시,폐기물/환경,0.41,0.2937
경기도,성남시,조경/녹지관리,0.41,0.2937
경기도,성남시,의료/복지용품,0.23,0.1862
경기도,수원시,시설유지보수,0.455,0.9306
경기도,수원시,차량/운송,0.455,0.9306
경기도,수원시,전문용역/컨설팅,0.455,0.9306
경기도,수원시,경비/보안,0.455,0.9306
경기도,수원시,건설/공사,0.455,0.9306
경기도,수원시,급수/전기/설비,0.455,0.9306
경기도,수원시,보험/금융,0.455,0.9306
경기도,수원시,청소/환경미화,0.455,0.9306
경기도,수원시,IT장비/전산,0.442,0.8943
경기도,수원시,인쇄/홍보물,0.442,0.8943
경기도,수원시,행사/운영용역,0.442,0.8943
경기도,수원시,사무용품/소모품,0.442,0.8943
경기도,수원시,기타/미분류,0.442,0.8943
경기도,수원시,급식/식자재,0.47,0.7688
경기도,수원시,교육물품/교구,0.315,0.7414
경기도,수원시,방역/소독,0.565,0.56
경기도,수원시,폐기물/환경,0.41,0.2937
경기도,수원시,조경/녹지관리,0.41,0.2937
경기도,수원시,의료/복지용품,0.23,0.1862
경기도,시흥시,시설유지보수,0.455,0.9306
경기도,시흥시,차량/운송,0.455,0.9306
경기도,시흥시,전문용역/컨설팅,0.455,0.9306
경기도,시흥시,경비/보안,0.455,0.9306
경기도,시흥시,건설/공사,0.455,0.9306
경기도,시흥시,급수/전기/설비,0.455,0.9306
경기도,시흥시,보험/금융,0.455,0.9306
경기도,시흥시,청소/환경미화,0.455,0.9306
경기도,시흥시,IT장비/전산,0.442,0.8943
경기도,시흥시,인쇄/홍보물,0.442,0.8943
경기도,시흥시,행사/운영용역,0.442,0.8943
경기도,시흥시,사무용품/소모품,0.442,0.8943
경기도,시흥시,기타/미분류,0.442,0.8943
경기도,시흥시,급식/식자재,0.47,0.7688
경기도,시흥시,교육물품/교구,0.315,0.7414
경기도,시흥시,방역/소독,0.565,0.56
경기도,시흥시,폐기물/환경,0.41,0.2937
경기도,시흥시,조경/녹지관리,0.41,0.2937
경기도,시흥시,의료/복지용품,0.23,0.1862
경기도,안산시,시설유지보수,0.455,0.9306
경기도,안산시,차량/운송,0.455,0.9306
경기도,안산시,전문용역/컨설팅,0.455,0.9306
경기도,안산시,경비/보안,0.455,0.9306
경기도,안산시,건설/공사,0.455,0.9306
경기도,안산시,급수/전기/설비,0.455,0.9306
경기도,안산시,보험/금융,0.455,0.9306
경기도,안산시,청소/환경미화,0.455,0.9306
경기도,안산시,IT장비/전산,0.442,0.8943
경기도,안산시,인쇄/홍보물,0.442,0.8943
경기도,안산시,행사/운영용역,0.442,0.8943
경기도,안산시,사무용품/소모품,0.442,0.8943
경기도,안산시,기타/미분류,0.442,0.8943
경기도,안산시,급식/식자재,0.47,0.7688
경기도,안산시,교육물품/교구,0.315,0.7414
경기도,안산시,방역/소독,0.565,0.56
경기도,안산시,폐기물/환경,0.41,0.2937
경기도,안산시,조경/녹지관리,0.41,0.2937
경기도,안산시,의료/복지용품,0.23,0.1862
경기도,안성시,시설유지보수,0.455,0.9306
경기도,안성시,차량/운송,0.455,0.9306
경기도,안성시,전문용역/컨설팅,0.455,0.9306
경기도,안성시,경비/보안,0.455,0.9306
경기도,안성시,건설/공사,0.455,0.9306
경기도,안성시,급수/전기/설비,0.455,0.9306
경기도,안성시,보험/금융,0.455,0.9306
경기도,안성시,청소/환경미화,0.455,0.9306
경기도,안성시,IT장비/전산,0.442,0.8943
경기도,안성시,인쇄/홍보물,0.442,0.8943
경기도,안성시,행사/운영용역,0.442,0.8943
경기도,안성시,사무용품/소모품,0.442,0.8943
경기도,안성시,기타/미분류,0.442,0.8943
경기도,안성시,급식/식자재,0.47,0.7688
경기도,안성시,교육물품/교구,0.315,0.7414
경기도,안성시,방역/소독,0.565,0.56
경기도,안성시,폐기물/환경,0.41,0.2937
경기도,안성시,조경/녹지관리,0.41,0.2937
경기도,안성시,의료/복지용품,0.23,0.1862
경기도,안양시,시설유지보수,0.455,0.9306
경기도,안양시,차량/운송,0.455,0.9306
경기도,안양시,전문용역/컨설팅,0.455,0.9306
경기도,안양시,경비/보안,0.455,0.9306
경기도,안양시,건설/공사,0.455,0.9306
경기도,안양시,급수/전기/설비,0.455,0.9306
경기도,안양시,보험/금융,0.455,0.9306
경기도,안양시,청소/환경미화,0.455,0.9306
경기도,안양시,IT장비/전산,0.442,0.8943
경기도,안양시,인쇄/홍보물,0.442,0.8943
경기도,안양시,행사/운영용역,0.442,0.8943
경기도,안양시,사무용품/소모품,0.442,0.8943
경기도,안양시,기타/미분류,0.442,0.8943
경기도,안양시,급식/식자재,0.47,0.7688
경기도,안양시,교육물품/교구,0.315,0.7414
경기도,안양시,방역/소독,0.565,0.56
경기도,안양시,폐기물/환경,0.41,0.2937
경기도,안양시,조경/녹지관리,0.41,0.2937
경기도,안양시,의료/복지용품,0.23,0.1862
경기도,양주시,시설유지보수,0.455,0.9306
경기도,양주시,차량/운송,0.455,0.9306
경기도,양주시,전문용역/컨설팅,0.455,0.9306
경기도,양주시,경비/보안,0.455,0.9306
경기도,양주시,건설/공사,0.455,0.9306
경기도,양주시,급수/전기/설비,0.455,0.9306
경기도,양주시,보험/금융,0.455,0.9306
경기도,양주시,청소/환경미화,0.455,0.9306
경기도,양주시,IT장비/전산,0.442,0.8943
경기도,양주시,인쇄/홍보물,0.442,0.8943
경기도,양주시,행사/운영용역,0.442,0.8943
경기도,양주시,사무용품/소모품,0.442,0.8943
경기도,양주시,기타/미분류,0.442,0.8943
경기도,양주시,급식/식자재,0.47,0.7688
경기도,양주시,교육물품/교구,0.315,0.7414
경기도,양주시,방역/소독,0.565,0.56
경기도,양주시,폐기물/환경,0.41,0.2937
경기도,양주시,조경/녹지관리,0.41,0.2937
경기도,양주시,의료/복지용품,0.23,0.1862
경기도,양평군,시설유지보수,0.455,0.9306
경기도,양평군,차량/운송,0.455,0.9306
경기도,양평군,전문용역/컨설팅,0.455,0.9306
경기도,양평군,경비/보안,0.455,0.9306
경기도,양평군,건설/공사,0.455,0.9306
경기도,양평군,급수/전기/설비,0.455,0.9306
경기도,양평군,보험/금융,0.455,0.9306
경기도,양평군,청소/환경미화,0.455,0.9306
경기도,양평군,IT장비/전산,0.442,0.8943
경기도,양평군,인쇄/홍보물,0.442,0.8943
경기도,양평군,행사/운영용역,0.442,0.8943
경기도,양평군,사무용품/소모품,0.442,0.8943
경기도,양평군,기타/미분류,0.442,0.8943
경기도,양평군,급식/식자재,0.47,0.7688
경기도,양평군,교육물품/교구,0.315,0.7414
경기도,양평군,방역/소독,0.565,0.56
경기도,양평군,폐기물/환경,0.41,0.2937
경기도,양평군,조경/녹지관리,0.41,0.2937
경기도,양평군,의료/복지용품,0.23,0.1862
경기도,여주시,시설유지보수,0.455,0.9306
경기도,여주시,차량/운송,0.455,0.9306
경기도,여주시,전문용역/컨설팅,0.455,0.9306
경기도,여주시,경비/보안,0.455,0.9306
경기도,여주시,건설/공사,0.455,0.9306
경기도,여주시,급수/전기/설비,0.455,0.9306
경기도,여주시,보험/금융,0.455,0.9306
경기도,여주시,청소/환경미화,0.455,0.9306
경기도,여주시,IT장비/전산,0.442,0.8943
경기도,여주시,인쇄/홍보물,0.442,0.8943
경기도,여주시,행사/운영용역,0.442,0.8943
경기도,여주시,사무용품/소모품,0.442,0.8943
경기도,여주시,기타/미분류,0.442,0.8943
경기도,여주시,급식/식자재,0.47,0.7688
경기도,여주시,교육물품/교구,0.315,0.7414
경기도,여주시,방역/소독,0.565,0.56
경기도,여주시,폐기물/환경,0.41,0.2937
경기도,여주시,조경/녹지관리,0.41,0.2937
경기도,여주시,의료/복지용품,0.23,0.1862
경기도,연천군,시설유지보수,0.455,0.9306
경기도,연천군,차량/운송,0.455,0.9306
경기도,연천군,전문용역/컨설팅,0.455,0.9306
경기도,연천군,경비/보안,0.455,0.9306
경기도,연천군,건설/공사,0.455,0.9306
경기도,연천군,급수/전기/설비,0.455,0.9306
경기도,연천군,보험/금융,0.455,0.9306
경기도,연천군,청소/환경미화,0.455,0.9306
경기도,연천군,IT장비/전산,0.442,0.8943
경기도,연천군,인쇄/홍보물,0.442,0.8943
경기도,연천군,행사/운영용역,0.442,0.8943
경기도,연천군,사무용품/소모품,0.442,0.8943
경기도,연천군,기타/미분류,0.442,0.8943
경기도,연천군,급식/식자재,0.47,0.7688
경기도,연천군,교육물품/교구,0.315,0.7414
경기도,연천군,방역/소독,0.565,0.56
경기도,연천군,폐기물/환경,0.41,0.2937
경기도,연천군,조경/녹지관리,0.41,0.2937
경기도,연천군,의료/복지용품,0.23,0.1862
경기도,오산시,시설유지보수,0.455,0.9306
경기도,오산시,차량/운송,0.455,0.9306
경기도,오산시,전문용역/컨설팅,0.455,0.9306
경기도,오산시,경비/보안,0.455,0.9306
경기도,오산시,건설/공사,0.455,0.9306
경기도,오산시,급수/전기/설비,0.455,0.9306
경기도,오산시,보험/금융,0.455,0.9306
경기도,오산시,청소/환경미화,0.455,0.9306
경기도,오산시,IT장비/전산,0.442,0.8943
경기도,오산시,인쇄/홍보물,0.442,0.8943
경기도,오산시,행사/운영용역,0.442,0.8943
경기도,오산시,사무용품/소모품,0.442,0.8943
경기도,오산시,기타/미분류,0.442,0.8943
경기도,오산시,급식/식자재,0.47,0.7688
경기도,오산시,교육물품/교구,0.315,0.7414
경기도,오산시,방역/소독,0.565,0.56
경기도,오산시,폐기물/환경,0.41,0.2937
경기도,오산시,조경/녹지관리,0.41,0.2937
경기도,오산시,의료/복지용품,0.23,0.1862
경기도,용인시,시설유지보수,0.455,0.9306
경기도,용인시,차량/운송,0.455,0.9306
경기도,용인시,전문용역/컨설팅,0.455,0.9306
경기도,용인시,경비/보안,0.455,0.9306
경기도,용인시,건설/공사,0.455,0.9306
경기도,용인시,급수/전기/설비,0.455,0.9306
경기도,용인시,보험/금융,0.455,0.9306
경기도,용인시,청소/환경미화,0.455,0.9306
경기도,용인시,IT장비/전산,0.442,0.8943
경기도,용인시,인쇄/홍보물,0.442,0.8943
경기도,용인시,행사/운영용역,0.442,0.8943
경기도,용인시,사무용품/소모품,0.442,0.8943
경기도,용인시,기타/미분류,0.442,0.8943
경기도,용인시,급식/식자재,0.47,0.7688
경기도,용인시,교육물품/교구,0.315,0.7414
경기도,용인시,방역/소독,0.565,0.56
경기도,용인시,폐기물/환경,0.41,0.2937
경기도,용인시,조경/녹지관리,0.41,0.2937
경기도,용인시,의료/복지용품,0.23,0.1862
경기도,의왕시,시설유지보수,0.455,0.9306
경기도,의왕시,차량/운송,0.455,0.9306
경기도,의왕시,전문용역/컨설팅,0.455,0.9306
경기도,의왕시,경비/보안,0.455,0.9306
경기도,의왕시,건설/공사,0.455,0.9306
경기도,의왕시,급수/전기/설비,0.455,0.9306
경기도,의왕시,보험/금융,0.455,0.9306
경기도,의왕시,청소/환경미화,0.455,0.9306
경기도,의왕시,IT장비/전산,0.442,0.8943
경기도,의왕시,인쇄/홍보물,0.442,0.8943
경기도,의왕시,행사/운영용역,0.442,0.8943
경기도,의왕시,사무용품/소모품,0.442,0.8943
경기도,의왕시,기타/미분류,0.442,0.8943
경기도,의왕시,급식/식자재,0.47,0.7688
경기도,의왕시,교육물품/교구,0.315,0.7414
경기도,의왕시,방역/소독,0.565,0.56
경기도,의왕시,폐기물/환경,0.41,0.2937
경기도,의왕시,조경/녹지관리,0.41,0.2937
경기도,의왕시,의료/복지용품,0.23,0.1862
경기도,의정부시,시설유지보수,0.455,0.9306
경기도,의정부시,차량/운송,0.455,0.9306
경기도,의정부시,전문용역/컨설팅,0.455,0.9306
경기도,의정부시,경비/보안,0.455,0.9306
경기도,의정부시,건설/공사,0.455,0.9306
경기도,의정부시,급수/전기/설비,0.455,0.9306
경기도,의정부시,보험/금융,0.455,0.9306
경기도,의정부시,청소/환경미화,0.455,0.9306
경기도,의정부시,IT장비/전산,0.442,0.8943
경기도,의정부시,인쇄/홍보물,0.442,0.8943
경기도,의정부시,행사/운영용역,0.442,0.8943
경기도,의정부시,사무용품/소모품,0.442,0.8943
경기도,의정부시,기타/미분류,0.442,0.8943
경기도,의정부시,급식/식자재,0.47,0.7688
경기도,의정부시,교육물품/교구,0.315,0.7414
경기도,의정부시,방역/소독,0.565,0.56
경기도,의정부시,폐기물/환경,0.41,0.2937
경기도,의정부시,조경/녹지관리,0.41,0.2937
경기도,의정부시,의료/복지용품,0.23,0.1862
경기도,이천시,시설유지보수,0.455,0.9306
경기도,이천시,차량/운송,0.455,0.9306
경기도,이천시,전문용역/컨설팅,0.455,0.9306
경기도,이천시,경비/보안,0.455,0.9306
경기도,이천시,건설/공사,0.455,0.9306
경기도,이천시,급수/전기/설비,0.455,0.9306
경기도,이천시,보험/금융,0.455,0.9306
경기도,이천시,청소/환경미화,0.455,0.9306
경기도,이천시,IT장비/전산,0.442,0.8943
경기도,이천시,인쇄/홍보물,0.442,0.8943
경기도,이천시,행사/운영용역,0.442,0.8943
경기도,이천시,사무용품/소모품,0.442,0.8943
경기도,이천시,기타/미분류,0.442,0.8943
경기도,이천시,급식/식자재,0.47,0.7688
경기도,이천시,교육물품/교구,0.315,0.7414
경기도,이천시,방역/소독,0.565,0.56
경기도,이천시,폐기물/환경,0.41,0.2937
경기도,이천시,조경/녹지관리,0.41,0.2937
경기도,이천시,의료/복지용품,0.23,0.1862
경기도,파주시,시설유지보수,0.455,0.9306
경기도,파주시,차량/운송,0.455,0.9306
경기도,파주시,전문용역/컨설팅,0.455,0.9306
경기도,파주시,경비/보안,0.455,0.9306
경기도,파주시,건설/공사,0.455,0.9306
경기도,파주시,급수/전기/설비,0.455,0.9306
경기도,파주시,보험/금융,0.455,0.9306
경기도,파주시,청소/환경미화,0.455,0.9306
경기도,파주시,IT장비/전산,0.442,0.8943
경기도,파주시,인쇄/홍보물,0.442,0.8943
경기도,파주시,행사/운영용역,0.442,0.8943
경기도,파주시,사무용품/소모품,0.442,0.8943
경기도,파주시,기타/미분류,0.442,0.8943
경기도,파주시,급식/식자재,0.47,0.7688
경기도,파주시,교육물품/교구,0.315,0.7414
경기도,파주시,방역/소독,0.565,0.56
경기도,파주시,폐기물/환경,0.41,0.2937
경기도,파주시,조경/녹지관리,0.41,0.2937
경기도,파주시,의료/복지용품,0.23,0.1862
경기도,평택시,시설유지보수,0.455,0.9306
경기도,평택시,차량/운송,0.455,0.9306
경기도,평택시,전문용역/컨설팅,0.455,0.9306
경기도,평택시,경비/보안,0.455,0.9306
경기도,평택시,건설/공사,0.455,0.9306
경기도,평택시,급수/전기/설비,0.455,0.9306
경기도,평택시,보험/금융,0.455,0.9306
경기도,평택시,청소/환경미화,0.455,0.9306
경기도,평택시,IT장비/전산,0.442,0.8943
경기도,평택시,인쇄/홍보물,0.442,0.8943
경기도,평택시,행사/운영용역,0.442,0.8943
경기도,평택시,사무용품/소모품,0.442,0.8943
경기도,평택시,기타/미분류,0.442,0.8943
경기도,평택시,급식/식자재,0.47,0.7688
경기도,평택시,교육물품/교구,0.315,0.7414
경기도,평택시,방역/소독,0.565,0.56
경기도,평택시,폐기물/환경,0.41,0.2937
경기도,평택시,조경/녹지관리,0.41,0.2937
경기도,평택시,의료/복지용품,0.23,0.1862
경기도,포천시,시설유지보수,0.455,0.9306
경기도,포천시,차량/운송,0.455,0.9306
경기도,포천시,전문용역/컨설팅,0.455,0.9306
경기도,포천시,경비/보안,0.455,0.9306
경기도,포천시,건설/공사,0.455,0.9306
경기도,포천시,급수/전기/설비,0.455,0.9306
경기도,포천시,보험/금융,0.455,0.9306
경기도,포천시,청소/환경미화,0.455,0.9306
경기도,포천시,IT장비/전산,0.442,0.8943
경기도,포천시,인쇄/홍보물,0.442,0.8943
경기도,포천시,행사/운영용역,0.442,0.8943
경기도,포천시,사무용품/소모품,0.442,0.8943
경기도,포천시,기타/미분류,0.442,0.8943
경기도,포천시,급식/식자재,0.47,0.7688
경기도,포천시,교육물품/교구,0.315,0.7414
경기도,포천시,방역/소독,0.565,0.56
경기도,포천시,폐기물/환경,0.41,0.2937
경기도,포천시,조경/녹지관리,0.41,0.2937
경기도,포천시,의료/복지용품,0.23,0.1862
경기도,하남시,시설유지보수,0.455,0.9306
경기도,하남시,차량/운송,0.455,0.9306
경기도,하남시,전문용역/컨설팅,0.455,0.9306
경기도,하남시,경비/보안,0.455,0.9306
경기도,하남시,건설/공사,0.455,0.9306
경기도,하남시,급수/전기/설비,0.455,0.9306
경기도,하남시,보험/금융,0.455,0.9306
경기도,하남시,청소/환경미화,0.455,0.9306
경기도,하남시,IT장비/전산,0.442,0.8943
경기도,하남시,인쇄/홍보물,0.442,0.8943
경기도,하남시,행사/운영용역,0.442,0.8943
경기도,하남시,사무용품/소모품,0.442,0.8943
경기도,하남시,기타/미분류,0.442,0.8943
경기도,하남시,급식/식자재,0.47,0.7688
경기도,하남시,교육물품/교구,0.315,0.7414
경기도,하남시,방역/소독,0.565,0.56
경기도,하남시,폐기물/환경,0.41,0.2937
경기도,하남시,조경/녹지관리,0.41,0.2937
경기도,하남시,의료/복지용품,0.23,0.1862
경기도,화성시,시설유지보수,0.455,0.9306
경기도,화성시,차량/운송,0.455,0.9306
경기도,화성시,전문용역/컨설팅,0.455,0.9306
경기도,화성시,경비/보안,0.455,0.9306
경기도,화성시,건설/공사,0.455,0.9306
경기도,화성시,급수/전기/설비,0.455,0.9306
경기도,화성시,보험/금융,0.455,0.9306
경기도,화성시,청소/환경미화,0.455,0.9306
경기도,화성시,IT장비/전산,0.442,0.8943
경기도,화성시,인쇄/홍보물,0.442,0.8943
경기도,화성시,행사/운영용역,0.442,0.8943
경기도,화성시,사무용품/소모품,0.442,0.8943
경기도,화성시,기타/미분류,0.442,0.8943
경기도,화성시,급식/식자재,0.47,0.7688
경기도,화성시,교육물품/교구,0.315,0.7414
경기도,화성시,방역/소독,0.565,0.56
경기도,화성시,폐기물/환경,0.41,0.2937
경기도,화성시,조경/녹지관리,0.41,0.2937
경기도,화성시,의료/복지용품,0.23,0.1862
경상남도,거제시,방역/소독,0.576,1.0
경상남도,거제시,폐기물/환경,0.454,0.9398
경상남도,거제시,조경/녹지관리,0.454,0.9398
경상남도,거제시,의료/복지용품,0.31,0.6117
경상남도,거제시,시설유지보수,0.426,0.5278
경상남도,거제시,차량/운송,0.426,0.5278
경상남도,거제시,전문용역/컨설팅,0.426,0.5278
경상남도,거제시,경비/보안,0.426,0.5278
경상남도,거제시,건설/공사,0.426,0.5278
경상남도,거제시,급수/전기/설비,0.426,0.5278
경상남도,거제시,보험/금융,0.426,0.5278
경상남도,거제시,청소/환경미화,0.426,0.5278
경상남도,거제시,IT장비/전산,0.376,0.3577
경상남도,거제시,인쇄/홍보물,0.376,0.3577
경상남도,거제시,행사/운영용역,0.376,0.3577
경상남도,거제시,사무용품/소모품,0.376,0.3577
경상남도,거제시,기타/미분류,0.376,0.3577
경상남도,거제시,교육물품/교구,0.264,0.3017
경상남도,거제시,급식/식자재,0.386,0.2832
경상남도,거창군,방역/소독,0.576,1.0
경상남도,거창군,폐기물/환경,0.454,0.9398
경상남도,거창군,조경/녹지관리,0.454,0.9398
경상남도,거창군,의료/복지용품,0.31,0.6117
경상남도,거창군,시설유지보수,0.426,0.5278
경상남도,거창군,차량/운송,0.426,0.5278
경상남도,거창군,전문용역/컨설팅,0.426,0.5278
경상남도,거창군,경비/보안,0.426,0.5278
경상남도,거창군,건설/공사,0.426,0.5278
경상남도,거창군,급수/전기/설비,0.426,0.5278
경상남도,거창군,보험/금융,0.426,0.5278
경상남도,거창군,청소/환경미화,0.426,0.5278
경상남도,거창군,IT장비/전산,0.376,0.3577
경상남도,거창군,인쇄/홍보물,0.376,0.3577
경상남도,거창군,행사/운영용역,0.376,0.3577
경상남도,거창군,사무용품/소모품,0.376,0.3577
경상남도,거창군,기타/미분류,0.376,0.3577
경상남도,거창군,교육물품/교구,0.264,0.3017
경상남도,거창군,급식/식자재,0.386,0.2832
경상남도,고성군,방역/소독,0.576,1.0
경상남도,고성군,폐기물/환경,0.454,0.9398
경상남도,고성군,조경/녹지관리,0.454,0.9398
경상남도,고성군,의료/복지용품,0.31,0.6117
경상남도,고성군,시설유지보수,0.426,0.5278
경상남도,고성군,차량/운송,0.426,0.5278
경상남도,고성군,전문용역/컨설팅,0.426,0.5278
경상남도,고성군,경비/보안,0.426,0.5278
경상남도,고성군,건설/공사,0.426,0.5278
경상남도,고성군,급수/전기/설비,0.426,0.5278
경상남도,고성군,보험/금융,0.426,0.5278
경상남도,고성군,청소/환경미화,0.426,0.5278
경상남도,고성군,IT장비/전산,0.376,0.3577
경상남도,고성군,인쇄/홍보물,0.376,0.3577
경상남도,고성군,행사/운영용역,0.376,0.3577
경상남도,고성군,사무용품/소모품,0.376,0.3577
경상남도,고성군,기타/미분류,0.376,0.3577
경상남도,고성군,교육물품/교구,0.264,0.3017
경상남도,고성군,급식/식자재,0.386,0.2832
경상남도,김해시,방역/소독,0.576,1.0
경상남도,김해시,폐기물/환경,0.454,0.9398
경상남도,김해시,조경/녹지관리,0.454,0.9398
경상남도,김해시,의료/복지용품,0.31,0.6117
경상남도,김해시,시설유지보수,0.426,0.5278
경상남도,김해시,차량/운송,0.426,0.5278
경상남도,김해시,전문용역/컨설팅,0.426,0.5278
경상남도,김해시,경비/보안,0.426,0.5278
경상남도,김해시,건설/공사,0.426,0.5278
경상남도,김해시,급수/전기/설비,0.426,0.5278
경상남도,김해시,보험/금융,0.426,0.5278
경상남도,김해시,청소/환경미화,0.426,0.5278
경상남도,김해시,IT장비/전산,0.376,0.3577
경상남도,김해시,인쇄/홍보물,0.376,0.3577
경상남도,김해시,행사/운영용역,0.376,0.3577
경상남도,김해시,사무용품/소모품,0.376,0.3577
경상남도,김해시,기타/미분류,0.376,0.3577
경상남도,김해시,교육물품/교구,0.264,0.3017
경상남도,김해시,급식/식자재,0.386,0.2832
경상남도,남해군,방역/소독,0.576,1.0
경상남도,남해군,폐기물/환경,0.454,0.9398
경상남도,남해군,조경/녹지관리,0.454,0.9398
경상남도,남해군,의료/복지용품,0.31,0.6117
경상남도,남해군,시설유지보수,0.426,0.5278
경상남도,남해군,차량/운송,0.426,0.5278
경상남도,남해군,전문용역/컨설팅,0.426,0.5278
경상남도,남해군,경비/보안,0.426,0.5278
경상남도,남해군,건설/공사,0.426,0.5278
경상남도,남해군,급수/전기/설비,0.426,0.5278
경상남도,남해군,보험/금융,0.426,0.5278
경상남도,남해군,청소/환경미화,0.426,0.5278
경상남도,남해군,IT장비/전산,0.376,0.3577
경상남도,남해군,인쇄/홍보물,0.376,0.3577
경상남도,남해군,행사/운영용역,0.376,0.3577
경상남도,남해군,사무용품/소모품,0.376,0.3577
경상남도,남해군,기타/미분류,0.376,0.3577
경상남도,남해군,교육물품/교구,0.264,0.3017
경상남도,남해군,급식/식자재,0.386,0.2832
경상남도,밀양시,방역/소독,0.576,1.0
경상남도,밀양시,폐기물/환경,0.454,0.9398
경상남도,밀양시,조경/녹지관리,0.454,0.9398
경상남도,밀양시,의료/복지용품,0.31,0.6117
경상남도,밀양시,시설유지보수,0.426,0.5278
경상남도,밀양시,차량/운송,0.426,0.5278
경상남도,밀양시,전문용역/컨설팅,0.426,0.5278
경상남도,밀양시,경비/보안,0.426,0.5278
경상남도,밀양시,건설/공사,0.426,0.5278
경상남도,밀양시,급수/전기/설비,0.426,0.5278
경상남도,밀양시,보험/금융,0.426,0.5278
경상남도,밀양시,청소/환경미화,0.426,0.5278
경상남도,밀양시,IT장비/전산,0.376,0.3577
경상남도,밀양시,인쇄/홍보물,0.376,0.3577
경상남도,밀양시,행사/운영용역,0.376,0.3577
경상남도,밀양시,사무용품/소모품,0.376,0.3577
경상남도,밀양시,기타/미분류,0.376,0.3577
경상남도,밀양시,교육물품/교구,0.264,0.3017
경상남도,밀양시,급식/식자재,0.386,0.2832
경상남도,사천시,방역/소독,0.576,1.0
경상남도,사천시,폐기물/환경,0.454,0.9398
경상남도,사천시,조경/녹지관리,0.454,0.9398
경상남도,사천시,의료/복지용품,0.31,0.6117
경상남도,사천시,시설유지보수,0.426,0.5278
경상남도,사천시,차량/운송,0.426,0.5278
경상남도,사천시,전문용역/컨설팅,0.426,0.5278
경상남도,사천시,경비/보안,0.426,0.5278
경상남도,사천시,건설/공사,0.426,0.5278
경상남도,사천시,급수/전기/설비,0.426,0.5278
경상남도,사천시,보험/금융,0.426,0.5278
경상남도,사천시,청소/환경미화,0.426,0.5278
경상남도,사천시,IT장비/전산,0.376,0.3577
경상남도,사천시,인쇄/홍보물,0.376,0.3577
경상남도,사천시,행사/운영용역,0.376,0.3577
경상남도,사천시,사무용품/소모품,0.376,0.3577
경상남도,사천시,기타/미분류,0.376,0.3577
경상남도,사천시,교육물품/교구,0.264,0.3017
경상남도,사천시,급식/식자재,0.386,0.2832
경상남도,산청군,방역/소독,0.576,1.0
경상남도,산청군,폐기물/환경,0.454,0.9398
경상남도,산청군,조경/녹지관리,0.454,0.9398
경상남도,산청군,의료/복지용품,0.31,0.6117
경상남도,산청군,시설유지보수,0.426,0.5278
경상남도,산청군,차량/운송,0.426,0.5278
경상남도,산청군,전문용역/컨설팅,0.426,0.5278
경상남도,산청군,경비/보안,0.426,0.5278
경상남도,산청군,건설/공사,0.426,0.5278
경상남도,산청군,급수/전기/설비,0.426,0.5278
경상남도,산청군,보험/금융,0.426,0.5278
경상남도,산청군,청소/환경미화,0.426,0.5278
경상남도,산청군,IT장비/전산,0.376,0.3577
경상남도,산청군,인쇄/홍보물,0.376,0.3577
경상남도,산청군,행사/운영용역,0.376,0.3577
경상남도,산청군,사무용품/소모품,0.376,0.3577
경상남도,산청군,기타/미분류,0.376,0.3577
경상남도,산청군,교육물품/교구,0.264,0.3017
경상남도,산청군,급식/식자재,0.386,0.2832
경상남도,양산시,방역/소독,0.576,1.0
경상남도,양산시,폐기물/환경,0.454,0.9398
경상남도,양산시,조경/녹지관리,0.454,0.9398
경상남도,양산시,의료/복지용품,0.31,0.6117
경상남도,양산시,시설유지보수,0.426,0.5278
경상남도,양산시,차량/운송,0.426,0.5278
경상남도,양산시,전문용역/컨설팅,0.426,0.5278
경상남도,양산시,경비/보안,0.426,0.5278
경상남도,양산시,건설/공사,0.426,0.5278
경상남도,양산시,급수/전기/설비,0.426,0.5278
경상남도,양산시,보험/금융,0.426,0.5278
경상남도,양산시,청소/환경미화,0.426,0.5278
경상남도,양산시,IT장비/전산,0.376,0.3577
경상남도,양산시,인쇄/홍보물,0.376,0.3577
경상남도,양산시,행사/운영용역,0.376,0.3577
경상남도,양산시,사무용품/소모품,0.376,0.3577
경상남도,양산시,기타/미분류,0.376,0.3577
경상남도,양산시,교육물품/교구,0.264,0.3017
경상남도,양산시,급식/식자재,0.386,0.2832
경상남도,의령군,방역/소독,0.576,1.0
경상남도,의령군,폐기물/환경,0.454,0.9398
경상남도,의령군,조경/녹지관리,0.454,0.9398
경상남도,의령군,의료/복지용품,0.31,0.6117
경상남도,의령군,시설유지보수,0.426,0.5278
경상남도,의령군,차량/운송,0.426,0.5278
경상남도,의령군,전문용역/컨설팅,0.426,0.5278
경상남도,의령군,경비/보안,0.426,0.5278
경상남도,의령군,건설/공사,0.426,0.5278
경상남도,의령군,급수/전기/설비,0.426,0.5278
경상남도,의령군,보험/금융,0.426,0.5278
경상남도,의령군,청소/환경미화,0.426,0.5278
경상남도,의령군,IT장비/전산,0.376,0.3577
경상남도,의령군,인쇄/홍보물,0.376,0.3577
경상남도,의령군,행사/운영용역,0.376,0.3577
경상남도,의령군,사무용품/소모품,0.376,0.3577
경상남도,의령군,기타/미분류,0.376,0.3577
경상남도,의령군,교육물품/교구,0.264,0.3017
경상남도,의령군,급식/식자재,0.386,0.2832
경상남도,진주시,방역/소독,0.576,1.0
경상남도,진주시,폐기물/환경,0.454,0.9398
경상남도,진주시,조경/녹지관리,0.454,0.9398
경상남도,진주시,의료/복지용품,0.31,0.6117
경상남도,진주시,시설유지보수,0.426,0.5278
경상남도,진주시,차량/운송,0.426,0.5278
경상남도,진주시,전문용역/컨설팅,0.426,0.5278
경상남도,진주시,경비/보안,0.426,0.5278
경상남도,진주시,건설/공사,0.426,0.5278
경상남도,진주시,급수/전기/설비,0.426,0.5278
경상남도,진주시,보험/금융,0.426,0.5278
경상남도,진주시,청소/환경미화,0.426,0.5278
경상남도,진주시,IT장비/전산,0.376,0.3577
경상남도,진주시,인쇄/홍보물,0.376,0.3577
경상남도,진주시,행사/운영용역,0.376,0.3577
경상남도,진주시,사무용품/소모품,0.376,0.3577
경상남도,진주시,기타/미분류,0.376,0.3577
경상남도,진주시,교육물품/교구,0.264,0.3017
경상남도,진주시,급식/식자재,0.386,0.2832
경상남도,창녕군,방역/소독,0.576,1.0
경상남도,창녕군,폐기물/환경,0.454,0.9398
경상남도,창녕군,조경/녹지관리,0.454,0.9398
경상남도,창녕군,의료/복지용품,0.31,0.6117
경상남도,창녕군,시설유지보수,0.426,0.5278
경상남도,창녕군,차량/운송,0.426,0.5278
경상남도,창녕군,전문용역/컨설팅,0.426,0.5278
경상남도,창녕군,경비/보안,0.426,0.5278
경상남도,창녕군,건설/공사,0.426,0.5278
경상남도,창녕군,급수/전기/설비,0.426,0.5278
경상남도,창녕군,보험/금융,0.426,0.5278
경상남도,창녕군,청소/환경미화,0.426,0.5278
경상남도,창녕군,IT장비/전산,0.376,0.3577
경상남도,창녕군,인쇄/홍보물,0.376,0.3577
경상남도,창녕군,행사/운영용역,0.376,0.3577
경상남도,창녕군,사무용품/소모품,0.376,0.3577
경상남도,창녕군,기타/미분류,0.376,0.3577
경상남도,창녕군,교육물품/교구,0.264,0.3017
경상남도,창녕군,급식/식자재,0.386,0.2832
경상남도,창원시,방역/소독,0.576,1.0
경상남도,창원시,폐기물/환경,0.454,0.9398
경상남도,창원시,조경/녹지관리,0.454,0.9398
경상남도,창원시,의료/복지용품,0.31,0.6117
경상남도,창원시,시설유지보수,0.426,0.5278
경상남도,창원시,차량/운송,0.426,0.5278
경상남도,창원시,전문용역/컨설팅,0.426,0.5278
경상남도,창원시,경비/보안,0.426,0.5278
경상남도,창원시,건설/공사,0.426,0.5278
경상남도,창원시,급수/전기/설비,0.426,0.5278
경상남도,창원시,보험/금융,0.426,0.5278
경상남도,창원시,청소/환경미화,0.426,0.5278
경상남도,창원시,IT장비/전산,0.376,0.3577
경상남도,창원시,인쇄/홍보물,0.376,0.3577
경상남도,창원시,행사/운영용역,0.376,0.3577
경상남도,창원시,사무용품/소모품,0.376,0.3577
경상남도,창원시,기타/미분류,0.376,0.3577
경상남도,창원시,교육물품/교구,0.264,0.3017
경상남도,창원시,급식/식자재,0.386,0.2832
경상남도,통영시,방역/소독,0.576,1.0
경상남도,통영시,폐기물/환경,0.454,0.9398
경상남도,통영시,조경/녹지관리,0.454,0.9398
경상남도,통영시,의료/복지용품,0.31,0.6117
경상남도,통영시,시설유지보수,0.426,0.5278
경상남도,통영시,차량/운송,0.426,0.5278
경상남도,통영시,전문용역/컨설팅,0.426,0.5278
경상남도,통영시,경비/보안,0.426,0.5278
경상남도,통영시,건설/공사,0.426,0.5278
경상남도,통영시,급수/전기/설비,0.426,0.5278
경상남도,통영시,보험/금융,0.426,0.5278
경상남도,통영시,청소/환경미화,0.426,0.5278
경상남도,통영시,IT장비/전산,0.376,0.3577
경상남도,통영시,인쇄/홍보물,0.376,0.3577
경상남도,통영시,행사/운영용역,0.376,0.3577
경상남도,통영시,사무용품/소모품,0.376,0.3577
경상남도,통영시,기타/미분류,0.376,0.3577
경상남도,통영시,교육물품/교구,0.264,0.3017
경상남도,통영시,급식/식자재,0.386,0.2832
경상남도,하동군,방역/소독,0.576,1.0
경상남도,하동군,폐기물/환경,0.454,0.9398
경상남도,하동군,조경/녹지관리,0.454,0.9398
경상남도,하동군,의료/복지용품,0.31,0.6117
경상남도,하동군,시설유지보수,0.426,0.5278
경상남도,하동군,차량/운송,0.426,0.5278
경상남도,하동군,전문용역/컨설팅,0.426,0.5278
경상남도,하동군,경비/보안,0.426,0.5278
경상남도,하동군,건설/공사,0.426,0.5278
경상남도,하동군,급수/전기/설비,0.426,0.5278
경상남도,하동군,보험/금융,0.426,0.5278
경상남도,하동군,청소/환경미화,0.426,0.5278
경상남도,하동군,IT장비/전산,0.376,0.3577
경상남도,하동군,인쇄/홍보물,0.376,0.3577
경상남도,하동군,행사/운영용역,0.376,0.3577
경상남도,하동군,사무용품/소모품,0.376,0.3577
경상남도,하동군,기타/미분류,0.376,0.3577
경상남도,하동군,교육물품/교구,0.264,0.3017
경상남도,하동군,급식/식자재,0.386,0.2832
경상남도,함안군,방역/소독,0.576,1.0
경상남도,함안군,폐기물/환경,0.454,0.9398
경상남도,함안군,조경/녹지관리,0.454,0.9398
경상남도,함안군,의료/복지용품,0.31,0.6117
경상남도,함안군,시설유지보수,0.426,0.5278
경상남도,함안군,차량/운송,0.426,0.5278
경상남도,함안군,전문용역/컨설팅,0.426,0.5278
경상남도,함안군,경비/보안,0.426,0.5278
경상남도,함안군,건설/공사,0.426,0.5278
경상남도,함안군,급수/전기/설비,0.426,0.5278
경상남도,함안군,보험/금융,0.426,0.5278
경상남도,함안군,청소/환경미화,0.426,0.5278
경상남도,함안군,IT장비/전산,0.376,0.3577
경상남도,함안군,인쇄/홍보물,0.376,0.3577
경상남도,함안군,행사/운영용역,0.376,0.3577
경상남도,함안군,사무용품/소모품,0.376,0.3577
경상남도,함안군,기타/미분류,0.376,0.3577
경상남도,함안군,교육물품/교구,0.264,0.3017
경상남도,함안군,급식/식자재,0.386,0.2832
경상남도,함양군,방역/소독,0.576,1.0
경상남도,함양군,폐기물/환경,0.454,0.9398
경상남도,함양군,조경/녹지관리,0.454,0.9398
경상남도,함양군,의료/복지용품,0.31,0.6117
경상남도,함양군,시설유지보수,0.426,0.5278
경상남도,함양군,차량/운송,0.426,0.5278
경상남도,함양군,전문용역/컨설팅,0.426,0.5278
경상남도,함양군,경비/보안,0.426,0.5278
경상남도,함양군,건설/공사,0.426,0.5278
경상남도,함양군,급수/전기/설비,0.426,0.5278
경상남도,함양군,보험/금융,0.426,0.5278
경상남도,함양군,청소/환경미화,0.426,0.5278
경상남도,함양군,IT장비/전산,0.376,0.3577
경상남도,함양군,인쇄/홍보물,0.376,0.3577
경상남도,함양군,행사/운영용역,0.376,0.3577
경상남도,함양군,사무용품/소모품,0.376,0.3577
경상남도,함양군,기타/미분류,0.376,0.3577
경상남도,함양군,교육물품/교구,0.264,0.3017
경상남도,함양군,급식/식자재,0.386,0.2832
경상남도,합천군,방역/소독,0.576,1.0
경상남도,합천군,폐기물/환경,0.454,0.9398
경상남도,합천군,조경/녹지관리,0.454,0.9398
경상남도,합천군,의료/복지용품,0.31,0.6117
경상남도,합천군,시설유지보수,0.426,0.5278
경상남도,합천군,차량/운송,0.426,0.5278
경상남도,합천군,전문용역/컨설팅,0.426,0.5278
경상남도,합천군,경비/보안,0.426,0.5278
경상남도,합천군,건설/공사,0.426,0.5278
경상남도,합천군,급수/전기/설비,0.426,0.5278
경상남도,합천군,보험/금융,0.426,0.5278
경상남도,합천군,청소/환경미화,0.426,0.5278
경상남도,합천군,IT장비/전산,0.376,0.3577
경상남도,합천군,인쇄/홍보물,0.376,0.3577
경상남도,합천군,행사/운영용역,0.376,0.3577
경상남도,합천군,사무용품/소모품,0.376,0.3577
경상남도,합천군,기타/미분류,0.376,0.3577
경상남도,합천군,교육물품/교구,0.264,0.3017
경상남도,합천군,급식/식자재,0.386,0.2832
경상북도,경산시,폐기물/환경,0.458,0.9985
경상북도,경산시,조경/녹지관리,0.458,0.9985
경상북도,경산시,의료/복지용품,0.362,0.8883
경상북도,경산시,방역/소독,0.57,0.76
경상북도,경산시,시설유지보수,0.4,0.1667
경상북도,경산시,차량/운송,0.4,0.1667
경상북도,경산시,전문용역/컨설팅,0.4,0.1667
경상북도,경산시,경비/보안,0.4,0.1667
경상북도,경산시,건설/공사,0.4,0.1667
경상북도,경산시,급수/전기/설비,0.4,0.1667
경상북도,경산시,보험/금융,0.4,0.1667
경상북도,경산시,청소/환경미화,0.4,0.1667
경상북도,경산시,IT장비/전산,0.345,0.1057
경상북도,경산시,인쇄/홍보물,0.345,0.1057
경상북도,경산시,행사/운영용역,0.345,0.1057
경상북도,경산시,사무용품/소모품,0.345,0.1057
경상북도,경산시,기타/미분류,0.345,0.1057
경상북도,경산시,교육물품/교구,0.238,0.0776
경상북도,경산시,급식/식자재,0.35,0.0751
경상북도,경주시,폐기물/환경,0.458,0.9985
경상북도,경주시,조경/녹지관리,0.458,0.9985
경상북도,경주시,의료/복지용품,0.362,0.8883
경상북도,경주시,방역/소독,0.57,0.76
경상북도,경주시,시설유지보수,0.4,0.1667
경상북도,경주시,차량/운송,0.4,0.1667
경상북도,경주시,전문용역/컨설팅,0.4,0.1667
경상북도,경주시,경비/보안,0.4,0.1667
경상북도,경주시,건설/공사,0.4,0.1667
경상북도,경주시,급수/전기/설비,0.4,0.1667
경상북도,경주시,보험/금융,0.4,0.1667
경상북도,경주시,청소/환경미화,0.4,0.1667
경상북도,경주시,IT장비/전산,0.345,0.1057
경상북도,경주시,인쇄/홍보물,0.345,0.1057
경상북도,경주시,행사/운영용역,0.345,0.1057
경상북도,경주시,사무용품/소모품,0.345,0.1057
경상북도,경주시,기타/미분류,0.345,0.1057
경상북도,경주시,교육물품/교구,0.238,0.0776
경상북도,경주시,급식/식자재,0.35,0.0751
경상북도,고령군,폐기물/환경,0.458,0.9985
경상북도,고령군,조경/녹지관리,0.458,0.9985
경상북도,고령군,의료/복지용품,0.362,0.8883
경상북도,고령군,방역/소독,0.57,0.76
경상북도,고령군,시설유지보수,0.4,0.1667
경상북도,고령군,차량/운송,0.4,0.1667
경상북도,고령군,전문용역/컨설팅,0.4,0.1667
경상북도,고령군,경비/보안,0.4,0.1667
경상북도,고령군,건설/공사,0.4,0.1667
경상북도,고령군,급수/전기/설비,0.4,0.1667
경상북도,고령군,보험/금융,0.4,0.1667
경상북도,고령군,청소/환경미화,0.4,0.1667
경상북도,고령군,IT장비/전산,0.345,0.1057
경상북도,고령군,인쇄/홍보물,0.345,0.1057
경상북도,고령군,행사/운영용역,0.345,0.1057
경상북도,고령군,사무용품/소모품,0.345,0.1057
경상북도,고령군,기타/미분류,0.345,0.1057
경상북도,고령군,교육물품/교구,0.238,0.0776
경상북도,고령군,급식/식자재,0.35,0.0751
경상북도,구미시,폐기물/환경,0.458,0.9985
경상북도,구미시,조경/녹지관리,0.458,0.9985
경상북도,구미시,의료/복지용품,0.362,0.8883
경상북도,구미시,방역/소독,0.57,0.76
경상북도,구미시,시설유지보수,0.4,0.1667
경상북도,구미시,차량/운송,0.4,0.1667
경상북도,구미시,전문용역/컨설팅,0.4,0.1667
경상북도,구미시,경비/보안,0.4,0.1667
경상북도,구미시,건설/공사,0.4,0.1667
경상북도,구미시,급수/전기/설비,0.4,0.1667
경상북도,구미시,보험/금융,0.4,0.1667
경상북도,구미시,청소/환경미화,0.4,0.1667
경상북도,구미시,IT장비/전산,0.345,0.1057
경상북도,구미시,인쇄/홍보물,0.345,0.1057
경상북도,구미시,행사/운영용역,0.345,0.1057
경상북도,구미시,사무용품/소모품,0.345,0.1057
경상북도,구미시,기타/미분류,0.345,0.1057
경상북도,구미시,교육물품/교구,0.238,0.0776
경상북도,구미시,급식/식자재,0.35,0.0751
경상북도,김천시,폐기물/환경,0.458,0.9985
경상북도,김천시,조경/녹지관리,0.458,0.9985
경상북도,김천시,의료/복지용품,0.362,0.8883
경상북도,김천시,방역/소독,0.57,0.76
경상북도,김천시,시설유지보수,0.4,0.1667
경상북도,김천시,차량/운송,0.4,0.1667
경상북도,김천시,전문용역/컨설팅,0.4,0.1667
경상북도,김천시,경비/보안,0.4,0.1667
경상북도,김천시,건설/공사,0.4,0.1667
경상북도,김천시,급수/전기/설비,0.4,0.1667
경상북도,김천시,보험/금융,0.4,0.1667
경상북도,김천시,청소/환경미화,0.4,0.1667
경상북도,김천시,IT장비/전산,0.345,0.1057
경상북도,김천시,인쇄/홍보물,0.345,0.1057
경상북도,김천시,행사/운영용역,0.345,0.1057
경상북도,김천시,사무용품/소모품,0.345,0.1057
경상북도,김천시,기타/미분류,0.345,0.1057
경상북도,김천시,교육물품/교구,0.238,0.0776
경상북도,김천시,급식/식자재,0.35,0.0751
경상북도,문경시,폐기물/환경,0.458,0.9985
경상북도,문경시,조경/녹지관리,0.458,0.9985
경상북도,문경시,의료/복지용품,0.362,0.8883
경상북도,문경시,방역/소독,0.57,0.76
경상북도,문경시,시설유지보수,0.4,0.1667
경상북도,문경시,차량/운송,0.4,0.1667
경상북도,문경시,전문용역/컨설팅,0.4,0.1667
경상북도,문경시,경비/보안,0.4,0.1667
경상북도,문경시,건설/공사,0.4,0.1667
경상북도,문경시,급수/전기/설비,0.4,0.1667
경상북도,문경시,보험/금융,0.4,0.1667
경상북도,문경시,청소/환경미화,0.4,0.1667
경상북도,문경시,IT장비/전산,0.345,0.1057
경상북도,문경시,인쇄/홍보물,0.345,0.1057
경상북도,문경시,행사/운영용역,0.345,0.1057
경상북도,문경시,사무용품/소모품,0.345,0.1057
경상북도,문경시,기타/미분류,0.345,0.1057
경상북도,문경시,교육물품/교구,0.238,0.0776
경상북도,문경시,급식/식자재,0.35,0.0751
경상북도,봉화군,폐기물/환경,0.458,0.9985
경상북도,봉화군,조경/녹지관리,0.458,0.9985
경상북도,봉화군,의료/복지용품,0.362,0.8883
경상북도,봉화군,방역/소독,0.57,0.76
경상북도,봉화군,시설유지보수,0.4,0.1667
경상북도,봉화군,차량/운송,0.4,0.1667
경상북도,봉화군,전문용역/컨설팅,0.4,0.1667
경상북도,봉화군,경비/보안,0.4,0.1667
경상북도,봉화군,건설/공사,0.4,0.1667
경상북도,봉화군,급수/전기/설비,0.4,0.1667
경상북도,봉화군,보험/금융,0.4,0.1667
경상북도,봉화군,청소/환경미화,0.4,0.1667
경상북도,봉화군,IT장비/전산,0.345,0.1057
경상북도,봉화군,인쇄/홍보물,0.345,0.1057
경상북도,봉화군,행사/운영용역,0.345,0.1057
경상북도,봉화군,사무용품/소모품,0.345,0.1057
경상북도,봉화군,기타/미분류,0.345,0.1057
경상북도,봉화군,교육물품/교구,0.238,0.0776
경상북도,봉화군,급식/식자재,0.35,0.0751
경상북도,상주시,폐기물/환경,0.458,0.9985
경상북도,상주시,조경/녹지관리,0.458,0.9985
경상북도,상주시,의료/복지용품,0.362,0.8883
경상북도,상주시,방역/소독,0.57,0.76
경상북도,상주시,시설유지보수,0.4,0.1667
경상북도,상주시,차량/운송,0.4,0.1667
경상북도,상주시,전문용역/컨설팅,0.4,0.1667
경상북도,상주시,경비/보안,0.4,0.1667
경상북도,상주시,건설/공사,0.4,0.1667
경상북도,상주시,급수/전기/설비,0.4,0.1667
경상북도,상주시,보험/금융,0.4,0.1667
경상북도,상주시,청소/환경미화,0.4,0.1667
경상북도,상주시,IT장비/전산,0.345,0.1057
경상북도,상주시,인쇄/홍보물,0.345,0.1057
경상북도,상주시,행사/운영용역,0.345,0.1057
경상북도,상주시,사무용품/소모품,0.345,0.1057
경상북도,상주시,기타/미분류,0.345,0.1057
경상북도,상주시,교육물품/교구,0.238,0.0776
경상북도,상주시,급식/식자재,0.35,0.0751
경상북도,성주군,폐기물/환경,0.458,0.9985
경상북도,성주군,조경/녹지관리,0.458,0.9985
경상북도,성주군,의료/복지용품,0.362,0.8883
경상북도,성주군,방역/소독,0.57,0.76
경상북도,성주군,시설유지보수,0.4,0.1667
경상북도,성주군,차량/운송,0.4,0.1667
경상북도,성주군,전문용역/컨설팅,0.4,0.1667
경상북도,성주군,경비/보안,0.4,0.1667
경상북도,성주군,건설/공사,0.4,0.1667
경상북도,성주군,급수/전기/설비,0.4,0.1667
경상북도,성주군,보험/금융,0.4,0.1667
경상북도,성주군,청소/환경미화,0.4,0.1667
경상북도,성주군,IT장비/전산,0.345,0.1057
경상북도,성주군,인쇄/홍보물,0.345,0.1057
경상북도,성주군,행사/운영용역,0.345,0.1057
경상북도,성주군,사무용품/소모품,0.345,0.1057
경상북도,성주군,기타/미분류,0.345,0.1057
경상북도,성주군,교육물품/교구,0.238,0.0776
경상북도,성주군,급식/식자재,0.35,0.0751
경상북도,안동시,폐기물/환경,0.458,0.9985
경상북도,안동시,조경/녹지관리,0.458,0.9985
경상북도,안동시,의료/복지용품,0.362,0.8883
경상북도,안동시,방역/소독,0.57,0.76
경상북도,안동시,시설유지보수,0.4,0.1667
경상북도,안동시,차량/운송,0.4,0.1667
경상북도,안동시,전문용역/컨설팅,0.4,0.1667
경상북도,안동시,경비/보안,0.4,0.1667
경상북도,안동시,건설/공사,0.4,0.1667
경상북도,안동시,급수/전기/설비,0.4,0.1667
경상북도,안동시,보험/금융,0.4,0.1667
경상북도,안동시,청소/환경미화,0.4,0.1667
경상북도,안동시,IT장비/전산,0.345,0.1057
경상북도,안동시,인쇄/홍보물,0.345,0.1057
경상북도,안동시,행사/운영용역,0.345,0.1057
경상북도,안동시,사무용품/소모품,0.345,0.1057
경상북도,안동시,기타/미분류,0.345,0.1057
경상북도,안동시,교육물품/교구,0.238,0.0776
경상북도,안동시,급식/식자재,0.35,0.0751
경상북도,영덕군,폐기물/환경,0.458,0.9985
경상북도,영덕군,조경/녹지관리,0.458,0.9985
경상북도,영덕군,의료/복지용품,0.362,0.8883
경상북도,영덕군,방역/소독,0.57,0.76
경상북도,영덕군,시설유지보수,0.4,0.1667
경상북도,영덕군,차량/운송,0.4,0.1667
경상북도,영덕군,전문용역/컨설팅,0.4,0.1667
경상북도,영덕군,경비/보안,0.4,0.1667
경상북도,영덕군,건설/공사,0.4,0.1667
경상북도,영덕군,급수/전기/설비,0.4,0.1667
경상북도,영덕군,보험/금융,0.4,0.1667
경상북도,영덕군,청소/환경미화,0.4,0.1667
경상북도,영덕군,IT장비/전산,0.345,0.1057
경상북도,영덕군,인쇄/홍보물,0.345,0.1057
경상북도,영덕군,행사/운영용역,0.345,0.1057
경상북도,영덕군,사무용품/소모품,0.345,0.1057
경상북도,영덕군,기타/미분류,0.345,0.1057
경상북도,영덕군,교육물품/교구,0.238,0.0776
경상북도,영덕군,급식/식자재,0.35,0.0751
경상북도,영양군,폐기물/환경,0.458,0.9985
경상북도,영양군,조경/녹지관리,0.458,0.9985
경상북도,영양군,의료/복지용품,0.362,0.8883
경상북도,영양군,방역/소독,0.57,0.76
경상북도,영양군,시설유지보수,0.4001,0.1681
경상북도,영양군,차량/운송,0.4001,0.1681
경상북도,영양군,전문용역/컨설팅,0.4001,0.1681
경상북도,영양군,경비/보안,0.4001,0.1681
경상북도,영양군,건설/공사,0.4001,0.1681
경상북도,영양군,급수/전기/설비,0.4001,0.1681
경상북도,영양군,보험/금융,0.4001,0.1681
경상북도,영양군,청소/환경미화,0.4001,0.1681
경상북도,영양군,IT장비/전산,0.345,0.1057
경상북도,영양군,인쇄/홍보물,0.345,0.1057
경상북도,영양군,행사/운영용역,0.345,0.1057
경상북도,영양군,사무용품/소모품,0.345,0.1057
경상북도,영양군,기타/미분류,0.345,0.1057
경상북도,영양군,교육물품/교구,0.238,0.0776
경상북도,영양군,급식/식자재,0.35,0.0751
경상북도,영주시,폐기물/환경,0.458,0.9985
경상북도,영주시,조경/녹지관리,0.458,0.9985
경상북도,영주시,의료/복지용품,0.362,0.8883
경상북도,영주시,방역/소독,0.57,0.76
경상북도,영주시,시설유지보수,0.4,0.1667
경상북도,영주시,차량/운송,0.4,0.1667
경상북도,영주시,전문용역/컨설팅,0.4,0.1667
경상북도,영주시,경비/보안,0.4,0.1667
경상북도,영주시,건설/공사,0.4,0.1667
경상북도,영주시,급수/전기/설비,0.4,0.1667
경상북도,영주시,보험/금융,0.4,0.1667
경상북도,영주시,청소/환경미화,0.4,0.1667
경상북도,영주시,IT장비/전산,0.345,0.1057
경상북도,영주시,인쇄/홍보물,0.345,0.1057
경상북도,영주시,행사/운영용역,0.345,0.1057
경상북도,영주시,사무용품/소모품,0.345,0.1057
경상북도,영주시,기타/미분류,0.345,0.1057
경상북도,영주시,교육물품/교구,0.238,0.0776
경상북도,영주시,급식/식자재,0.35,0.0751
경상북도,영천시,폐기물/환경,0.458,0.9985
경상북도,영천시,조경/녹지관리,0.458,0.9985
경상북도,영천시,의료/복지용품,0.362,0.8883
경상북도,영천시,방역/소독,0.57,0.76
경상북도,영천시,시설유지보수,0.4,0.1667
경상북도,영천시,차량/운송,0.4,0.1667
경상북도,영천시,전문용역/컨설팅,0.4,0.1667
경상북도,영천시,경비/보안,0.4,0.1667
경상북도,영천시,건설/공사,0.4,0.1667
경상북도,영천시,급수/전기/설비,0.4,0.1667
경상북도,영천시,보험/금융,0.4,0.1667
경상북도,영천시,청소/환경미화,0.4,0.1667
경상북도,영천시,IT장비/전산,0.345,0.1057
경상북도,영천시,인쇄/홍보물,0.345,0.1057
경상북도,영천시,행사/운영용역,0.345,0.1057
경상북도,영천시,사무용품/소모품,0.345,0.1057
경상북도,영천시,기타/미분류,0.345,0.1057
경상북도,영천시,교육물품/교구,0.238,0.0776
경상북도,영천시,급식/식자재,0.35,0.0751
경상북도,예천군,폐기물/환경,0.458,0.9985
경상북도,예천군,조경/녹지관리,0.458,0.9985
경상북도,예천군,의료/복지용품,0.362,0.8883
경상북도,예천군,방역/소독,0.57,0.76
경상북도,예천군,시설유지보수,0.4,0.1667
경상북도,예천군,차량/운송,0.4,0.1667
경상북도,예천군,전문용역/컨설팅,0.4,0.1667
경상북도,예천군,경비/보안,0.4,0.1667
경상북도,예천군,건설/공사,0.4,0.1667
경상북도,예천군,급수/전기/설비,0.4,0.1667
경상북도,예천군,보험/금융,0.4,0.1667
경상북도,예천군,청소/환경미화,0.4,0.1667
경상북도,예천군,IT장비/전산,0.345,0.1057
경상북도,예천군,인쇄/홍보물,0.345,0.1057
경상북도,예천군,행사/운영용역,0.345,0.1057
경상북도,예천군,사무용품/소모품,0.345,0.1057
경상북도,예천군,기타/미분류,0.345,0.1057
경상북도,예천군,교육물품/교구,0.238,0.0776
경상북도,예천군,급식/식자재,0.35,0.0751
경상북도,울릉군,폐기물/환경,0.4581,1.0
경상북도,울릉군,조경/녹지관리,0.4581,1.0
경상북도,울릉군,의료/복지용품,0.362,0.8883
경상북도,울릉군,방역/소독,0.5701,0.764
경상북도,울릉군,시설유지보수,0.4001,0.1681
경상북도,울릉군,차량/운송,0.4001,0.1681
경상북도,울릉군,전문용역/컨설팅,0.4001,0.1681
경상북도,울릉군,경비/보안,0.4001,0.1681
경상북도,울릉군,건설/공사,0.4001,0.1681
경상북도,울릉군,급수/전기/설비,0.4001,0.1681
경상북도,울릉군,보험/금융,0.4001,0.1681
경상북도,울릉군,청소/환경미화,0.4001,0.1681
경상북도,울릉군,IT장비/전산,0.345,0.1057
경상북도,울릉군,인쇄/홍보물,0.345,0.1057
경상북도,울릉군,행사/운영용역,0.345,0.1057
경상북도,울릉군,사무용품/소모품,0.345,0.1057
경상북도,울릉군,기타/미분류,0.345,0.1057
경상북도,울릉군,교육물품/교구,0.2379,0.0767
경상북도,울릉군,급식/식자재,0.3499,0.0746
경상북도,울진군,폐기물/환경,0.458,0.9985
경상북도,울진군,조경/녹지관리,0.458,0.9985
경상북도,울진군,의료/복지용품,0.362,0.8883
경상북도,울진군,방역/소독,0.57,0.76
경상북도,울진군,시설유지보수,0.4,0.1667
경상북도,울진군,차량/운송,0.4,0.1667
경상북도,울진군,전문용역/컨설팅,0.4,0.1667
경상북도,울진군,경비/보안,0.4,0.1667
경상북도,울진군,건설/공사,0.4,0.1667
경상북도,울진군,급수/전기/설비,0.4,0.1667
경상북도,울진군,보험/금융,0.4,0.1667
경상북도,울진군,청소/환경미화,0.4,0.1667
경상북도,울진군,IT장비/전산,0.345,0.1057
경상북도,울진군,인쇄/홍보물,0.345,0.1057
경상북도,울진군,행사/운영용역,0.345,0.1057
경상북도,울진군,사무용품/소모품,0.345,0.1057
경상북도,울진군,기타/미분류,0.345,0.1057
경상북도,울진군,교육물품/교구,0.238,0.0776
경상북도,울진군,급식/식자재,0.35,0.0751
경상북도,의성군,폐기물/환경,0.458,0.9985
경상북도,의성군,조경/녹지관리,0.458,0.9985
경상북도,의성군,의료/복지용품,0.362,0.8883
경상북도,의성군,방역/소독,0.57,0.76
경상북도,의성군,시설유지보수,0.4,0.1667
경상북도,의성군,차량/운송,0.4,0.1667
경상북도,의성군,전문용역/컨설팅,0.4,0.1667
경상북도,의성군,경비/보안,0.4,0.1667
경상북도,의성군,건설/공사,0.4,0.1667
경상북도,의성군,급수/전기/설비,0.4,0.1667
경상북도,의성군,보험/금융,0.4,0.1667
경상북도,의성군,청소/환경미화,0.4,0.1667
경상북도,의성군,IT장비/전산,0.345,0.1057
경상북도,의성군,인쇄/홍보물,0.345,0.1057
경상북도,의성군,행사/운영용역,0.345,0.1057
경상북도,의성군,사무용품/소모품,0.345,0.1057
경상북도,의성군,기타/미분류,0.345,0.1057
경상북도,의성군,교육물품/교구,0.238,0.0776
경상북도,의성군,급식/식자재,0.35,0.0751
경상북도,청도군,폐기물/환경,0.458,0.9985
경상북도,청도군,조경/녹지관리,0.458,0.9985
경상북도,청도군,의료/복지용품,0.362,0.8883
경상북도,청도군,방역/소독,0.57,0.76
경상북도,청도군,시설유지보수,0.4,0.1667
경상북도,청도군,차량/운송,0.4,0.1667
경상북도,청도군,전문용역/컨설팅,0.4,0.1667
경상북도,청도군,경비/보안,0.4,0.1667
경상북도,청도군,건설/공사,0.4,0.1667
경상북도,청도군,급수/전기/설비,0.4,0.1667
경상북도,청도군,보험/금융,0.4,0.1667
경상북도,청도군,청소/환경미화,0.4,0.1667
경상북도,청도군,IT장비/전산,0.345,0.1057
경상북도,청도군,인쇄/홍보물,0.345,0.1057
경상북도,청도군,행사/운영용역,0.345,0.1057
경상북도,청도군,사무용품/소모품,0.345,0.1057
경상북도,청도군,기타/미분류,0.345,0.1057
경상북도,청도군,교육물품/교구,0.238,0.0776
경상북도,청도군,급식/식자재,0.35,0.0751
경상북도,청송군,폐기물/환경,0.458,0.9985
경상북도,청송군,조경/녹지관리,0.458,0.9985
경상북도,청송군,의료/복지용품,0.362,0.8883
경상북도,청송군,방역/소독,0.57,0.76
경상북도,청송군,시설유지보수,0.4,0.1667
경상북도,청송군,차량/운송,0.4,0.1667
경상북도,청송군,전문용역/컨설팅,0.4,0.1667
경상북도,청송군,경비/보안,0.4,0.1667
경상북도,청송군,건설/공사,0.4,0.1667
경상북도,청송군,급수/전기/설비,0.4,0.1667
경상북도,청송군,보험/금융,0.4,0.1667
경상북도,청송군,청소/환경미화,0.4,0.1667
경상북도,청송군,IT장비/전산,0.345,0.1057
경상북도,청송군,인쇄/홍보물,0.345,0.1057
경상북도,청송군,행사/운영용역,0.345,0.1057
경상북도,청송군,사무용품/소모품,0.345,0.1057
경상북도,청송군,기타/미분류,0.345,0.1057
경상북도,청송군,교육물품/교구,0.238,0.0776
경상북도,청송군,급식/식자재,0.35,0.0751
경상북도,칠곡군,폐기물/환경,0.458,0.9985
경상북도,칠곡군,조경/녹지관리,0.458,0.9985
경상북도,칠곡군,의료/복지용품,0.362,0.8883
경상북도,칠곡군,방역/소독,0.57,0.76
경상북도,칠곡군,시설유지보수,0.4,0.1667
경상북도,칠곡군,차량/운송,0.4,0.1667
경상북도,칠곡군,전문용역/컨설팅,0.4,0.1667
경상북도,칠곡군,경비/보안,0.4,0.1667
경상북도,칠곡군,건설/공사,0.4,0.1667
경상북도,칠곡군,급수/전기/설비,0.4,0.1667
경상북도,칠곡군,보험/금융,0.4,0.1667
경상북도,칠곡군,청소/환경미화,0.4,0.1667
경상북도,칠곡군,IT장비/전산,0.345,0.1057
경상북도,칠곡군,인쇄/홍보물,0.345,0.1057
경상북도,칠곡군,행사/운영용역,0.345,0.1057
경상북도,칠곡군,사무용품/소모품,0.345,0.1057
경상북도,칠곡군,기타/미분류,0.345,0.1057
경상북도,칠곡군,교육물품/교구,0.238,0.0776
경상북도,칠곡군,급식/식자재,0.35,0.0751
경상북도,포항시,폐기물/환경,0.458,0.9985
경상북도,포항시,조경/녹지관리,0.458,0.9985
경상북도,포항시,의료/복지용품,0.362,0.8883
경상북도,포항시,방역/소독,0.57,0.76
경상북도,포항시,시설유지보수,0.4,0.1667
경상북도,포항시,차량/운송,0.4,0.1667
경상북도,포항시,전문용역/컨설팅,0.4,0.1667
경상북도,포항시,경비/보안,0.4,0.1667
경상북도,포항시,건설/공사,0.4,0.1667
경상북도,포항시,급수/전기/설비,0.4,0.1667
경상북도,포항시,보험/금융,0.4,0.1667
경상북도,포항시,청소/환경미화,0.4,0.1667
경상북도,포항시,IT장비/전산,0.345,0.1057
경상북도,포항시,인쇄/홍보물,0.345,0.1057
경상북도,포항시,행사/운영용역,0.345,0.1057
경상북도,포항시,사무용품/소모품,0.345,0.1057
경상북도,포항시,기타/미분류,0.345,0.1057
경상북도,포항시,교육물품/교구,0.238,0.0776
경상북도,포항시,급식/식자재,0.35,0.0751
광주광역시,광산구,IT장비/전산,0.41,0.6341
광주광역시,광산구,인쇄/홍보물,0.41,0.6341
광주광역시,광산구,행사/운영용역,0.41,0.6341
광주광역시,광산구,사무용품/소모품,0.41,0.6341
광주광역시,광산구,기타/미분류,0.41,0.6341
광주광역시,광산구,급식/식자재,0.427,0.5202
광주광역시,광산구,의료/복지용품,0.29,0.5053
광주광역시,광산구,교육물품/교구,0.287,0.5
광주광역시,광산구,시설유지보수,0.423,0.4861
광주광역시,광산구,차량/운송,0.423,0.4861
광주광역시,광산구,전문용역/컨설팅,0.423,0.4861
광주광역시,광산구,경비/보안,0.423,0.4861
광주광역시,광산구,건설/공사,0.423,0.4861
광주광역시,광산구,급수/전기/설비,0.423,0.4861
광주광역시,광산구,보험/금융,0.423,0.4861
광주광역시,광산구,청소/환경미화,0.423,0.4861
광주광역시,광산구,폐기물/환경,0.413,0.3377
광주광역시,광산구,조경/녹지관리,0.413,0.3377
광주광역시,광산구,방역/소독,0.553,0.08
광주광역시,남구,IT장비/전산,0.41,0.6341
광주광역시,남구,인쇄/홍보물,0.41,0.6341
광주광역시,남구,행사/운영용역,0.41,0.6341
광주광역시,남구,사무용품/소모품,0.41,0.6341
광주광역시,남구,기타/미분류,0.41,0.6341
광주광역시,남구,급식/식자재,0.427,0.5202
광주광역시,남구,의료/복지용품,0.29,0.5053
광주광역시,남구,교육물품/교구,0.287,0.5
광주광역시,남구,시설유지보수,0.423,0.4861
광주광역시,남구,차량/운송,0.423,0.4861
광주광역시,남구,전문용역/컨설팅,0.423,0.4861
광주광역시,남구,경비/보안,0.423,0.4861
광주광역시,남구,건설/공사,0.423,0.4861
광주광역시,남구,급수/전기/설비,0.423,0.4861
광주광역시,남구,보험/금융,0.423,0.4861
광주광역시,남구,청소/환경미화,0.423,0.4861
광주광역시,남구,폐기물/환경,0.413,0.3377
광주광역시,남구,조경/녹지관리,0.413,0.3377
광주광역시,남구,방역/소독,0.553,0.08
광주광역시,동구,IT장비/전산,0.41,0.6341
광주광역시,동구,인쇄/홍보물,0.41,0.6341
광주광역시,동구,행사/운영용역,0.41,0.6341
광주광역시,동구,사무용품/소모품,0.41,0.6341
광주광역시,동구,기타/미분류,0.41,0.6341
광주광역시,동구,급식/식자재,0.427,0.5202
광주광역시,동구,의료/복지용품,0.29,0.5053
광주광역시,동구,교육물품/교구,0.287,0.5
광주광역시,동구,시설유지보수,0.423,0.4861
광주광역시,동구,차량/운송,0.423,0.4861
광주광역시,동구,전문용역/컨설팅,0.423,0.4861
광주광역시,동구,경비/보안,0.423,0.4861
광주광역시,동구,건설/공사,0.423,0.4861
광주광역시,동구,급수/전기/설비,0.423,0.4861
광주광역시,동구,보험/금융,0.423,0.4861
광주광역시,동구,청소/환경미화,0.423,0.4861
광주광역시,동구,폐기물/환경,0.413,0.3377
광주광역시,동구,조경/녹지관리,0.413,0.3377
광주광역시,동구,방역/소독,0.553,0.08
광주광역시,북구,IT장비/전산,0.41,0.6341
광주광역시,북구,인쇄/홍보물,0.41,0.6341
광주광역시,북구,행사/운영용역,0.41,0.6341
광주광역시,북구,사무용품/소모품,0.41,0.6341
광주광역시,북구,기타/미분류,0.41,0.6341
광주광역시,북구,급식/식자재,0.427,0.5202
광주광역시,북구,의료/복지용품,0.29,0.5053
광주광역시,북구,교육물품/교구,0.287,0.5
광주광역시,북구,시설유지보수,0.423,0.4861
광주광역시,북구,차량/운송,0.423,0.4861
광주광역시,북구,전문용역/컨설팅,0.423,0.4861
광주광역시,북구,경비/보안,0.423,0.4861
광주광역시,북구,건설/공사,0.423,0.4861
광주광역시,북구,급수/전기/설비,0.423,0.4861
광주광역시,북구,보험/금융,0.423,0.4861
광주광역시,북구,청소/환경미화,0.423,0.4861
광주광역시,북구,폐기물/환경,0.413,0.3377
광주광역시,북구,조경/녹지관리,0.413,0.3377
광주광역시,북구,방역/소독,0.553,0.08
광주광역시,서구,IT장비/전산,0.41,0.6341
광주광역시,서구,인쇄/홍보물,0.41,0.6341
광주광역시,서구,행사/운영용역,0.41,0.6341
광주광역시,서구,사무용품/소모품,0.41,0.6341
광주광역시,서구,기타/미분류,0.41,0.6341
광주광역시,서구,급식/식자재,0.427,0.5202
광주광역시,서구,의료/복지용품,0.29,0.5053
광주광역시,서구,교육물품/교구,0.287,0.5
광주광역시,서구,시설유지보수,0.423,0.4861
광주광역시,서구,차량/운송,0.423,0.4861
광주광역시,서구,전문용역/컨설팅,0.423,0.4861
광주광역시,서구,경비/보안,0.423,0.4861
광주광역시,서구,건설/공사,0.423,0.4861
광주광역시,서구,급수/전기/설비,0.423,0.4861
광주광역시,서구,보험/금융,0.423,0.4861
광주광역시,서구,청소/환경미화,0.423,0.4861
광주광역시,서구,폐기물/환경,0.413,0.3377
광주광역시,서구,조경/녹지관리,0.413,0.3377
광주광역시,서구,방역/소독,0.553,0.08
대구광역시,군위군,폐기물/환경,0.4323,0.6211
대구광역시,군위군,조경/녹지관리,0.4323,0.6211
대구광역시,군위군,의료/복지용품,0.3101,0.6122
대구광역시,군위군,방역/소독,0.5636,0.504
대구광역시,군위군,시설유지보수,0.4242,0.5028
대구광역시,군위군,차량/운송,0.4242,0.5028
대구광역시,군위군,전문용역/컨설팅,0.4242,0.5028
대구광역시,군위군,경비/보안,0.4242,0.5028
대구광역시,군위군,건설/공사,0.4242,0.5028
대구광역시,군위군,급수/전기/설비,0.4242,0.5028
대구광역시,군위군,보험/금융,0.4242,0.5028
대구광역시,군위군,청소/환경미화,0.4242,0.5028
대구광역시,군위군,IT장비/전산,0.3919,0.487
대구광역시,군위군,인쇄/홍보물,0.3919,0.487
대구광역시,군위군,행사/운영용역,0.3919,0.487
대구광역시,군위군,사무용품/소모품,0.3919,0.487
대구광역시,군위군,기타/미분류,0.3919,0.487
대구광역시,군위군,급식/식자재,0.397,0.3468
대구광역시,군위군,교육물품/교구,0.2656,0.3155
대구광역시,남구,폐기물/환경,0.4323,0.6211
대구광역시,남구,조경/녹지관리,0.4323,0.6211
대구광역시,남구,의료/복지용품,0.3101,0.6122
대구광역시,남구,방역/소독,0.5636,0.504
대구광역시,남구,시설유지보수,0.4242,0.5028
대구광역시,남구,차량/운송,0.4242,0.5028
대구광역시,남구,전문용역/컨설팅,0.4242,0.5028
대구광역시,남구,경비/보안,0.4242,0.5028
대구광역시,남구,건설/공사,0.4242,0.5028
대구광역시,남구,급수/전기/설비,0.4242,0.5028
대구광역시,남구,보험/금융,0.4242,0.5028
대구광역시,남구,청소/환경미화,0.4242,0.5028
대구광역시,남구,IT장비/전산,0.3919,0.487
대구광역시,남구,인쇄/홍보물,0.3919,0.487
대구광역시,남구,행사/운영용역,0.3919,0.487
대구광역시,남구,사무용품/소모품,0.3919,0.487
대구광역시,남구,기타/미분류,0.3919,0.487
대구광역시,남구,급식/식자재,0.397,0.3468
대구광역시,남구,교육물품/교구,0.2657,0.3164
대구광역시,달서구,폐기물/환경,0.4323,0.6211
대구광역시,달서구,조경/녹지관리,0.4323,0.6211
대구광역시,달서구,의료/복지용품,0.3101,0.6122
대구광역시,달서구,방역/소독,0.5636,0.504
대구광역시,달서구,시설유지보수,0.4242,0.5028
대구광역시,달서구,차량/운송,0.4242,0.5028
대구광역시,달서구,전문용역/컨설팅,0.4242,0.5028
대구광역시,달서구,경비/보안,0.4242,0.5028
대구광역시,달서구,건설/공사,0.4242,0.5028
대구광역시,달서구,급수/전기/설비,0.4242,0.5028
대구광역시,달서구,보험/금융,0.4242,0.5028
대구광역시,달서구,청소/환경미화,0.4242,0.5028
대구광역시,달서구,IT장비/전산,0.3919,0.487
대구광역시,달서구,인쇄/홍보물,0.3919,0.487
대구광역시,달서구,행사/운영용역,0.3919,0.487
대구광역시,달서구,사무용품/소모품,0.3919,0.487
대구광역시,달서구,기타/미분류,0.3919,0.487
대구광역시,달서구,급식/식자재,0.397,0.3468
대구광역시,달서구,교육물품/교구,0.2657,0.3164
대구광역시,달성군,폐기물/환경,0.4323,0.6211
대구광역시,달성군,조경/녹지관리,0.4323,0.6211
대구광역시,달성군,의료/복지용품,0.3101,0.6122
대구광역시,달성군,방역/소독,0.5636,0.504
대구광역시,달성군,시설유지보수,0.4242,0.5028
대구광역시,달성군,차량/운송,0.4242,0.5028
대구광역시,달성군,전문용역/컨설팅,0.4242,0.5028
대구광역시,달성군,경비/보안,0.4242,0.5028
대구광역시,달성군,건설/공사,0.4242,0.5028
대구광역시,달성군,급수/전기/설비,0.4242,0.5028
대구광역시,달성군,보험/금융,0.4242,0.5028
대구광역시,달성군,청소/환경미화,0.4242,0.5028
대구광역시,달성군,IT장비/전산,0.3919,0.487
대구광역시,달성군,인쇄/홍보물,0.3919,0.487
대구광역시,달성군,행사/운영용역,0.3919,0.487
대구광역시,달성군,사무용품/소모품,0.3919,0.487
대구광역시,달성군,기타/미분류,0.3919,0.487
대구광역시,달성군,급식/식자재,0.397,0.3468
대구광역시,달성군,교육물품/교구,0.2657,0.3164
대구광역시,동구,폐기물/환경,0.4323,0.6211
대구광역시,동구,조경/녹지관리,0.4323,0.6211
대구광역시,동구,의료/복지용품,0.3101,0.6122
대구광역시,동구,방역/소독,0.5636,0.504
대구광역시,동구,시설유지보수,0.4242,0.5028
대구광역시,동구,차량/운송,0.4242,0.5028
대구광역시,동구,전문용역/컨설팅,0.4242,0.5028
대구광역시,동구,경비/보안,0.4242,0.5028
대구광역시,동구,건설/공사,0.4242,0.5028
대구광역시,동구,급수/전기/설비,0.4242,0.5028
대구광역시,동구,보험/금융,0.4242,0.5028
대구광역시,동구,청소/환경미화,0.4242,0.5028
대구광역시,동구,IT장비/전산,0.3919,0.487
대구광역시,동구,인쇄/홍보물,0.3919,0.487
대구광역시,동구,행사/운영용역,0.3919,0.487
대구광역시,동구,사무용품/소모품,0.3919,0.487
대구광역시,동구,기타/미분류,0.3919,0.487
대구광역시,동구,급식/식자재,0.397,0.3468
대구광역시,동구,교육물품/교구,0.2657,0.3164
대구광역시,북구,폐기물/환경,0.4323,0.6211
대구광역시,북구,조경/녹지관리,0.4323,0.6211
대구광역시,북구,의료/복지용품,0.3101,0.6122
대구광역시,북구,방역/소독,0.5636,0.504
대구광역시,북구,시설유지보수,0.4242,0.5028
대구광역시,북구,차량/운송,0.4242,0.5028
대구광역시,북구,전문용역/컨설팅,0.4242,0.5028
대구광역시,북구,경비/보안,0.4242,0.5028
대구광역시,북구,건설/공사,0.4242,0.5028
대구광역시,북구,급수/전기/설비,0.4242,0.5028
대구광역시,북구,보험/금융,0.4242,0.5028
대구광역시,북구,청소/환경미화,0.4242,0.5028
대구광역시,북구,IT장비/전산,0.3919,0.487
대구광역시,북구,인쇄/홍보물,0.3919,0.487
대구광역시,북구,행사/운영용역,0.3919,0.487
대구광역시,북구,사무용품/소모품,0.3919,0.487
대구광역시,북구,기타/미분류,0.3919,0.487
대구광역시,북구,급식/식자재,0.397,0.3468
대구광역시,북구,교육물품/교구,0.2657,0.3164
대구광역시,서구,폐기물/환경,0.4323,0.6211
대구광역시,서구,조경/녹지관리,0.4323,0.6211
대구광역시,서구,의료/복지용품,0.3101,0.6122
대구광역시,서구,방역/소독,0.5636,0.504
대구광역시,서구,시설유지보수,0.4242,0.5028
대구광역시,서구,차량/운송,0.4242,0.5028
대구광역시,서구,전문용역/컨설팅,0.4242,0.5028
대구광역시,서구,경비/보안,0.4242,0.5028
대구광역시,서구,건설/공사,0.4242,0.5028
대구광역시,서구,급수/전기/설비,0.4242,0.5028
대구광역시,서구,보험/금융,0.4242,0.5028
대구광역시,서구,청소/환경미화,0.4242,0.5028
대구광역시,서구,IT장비/전산,0.3919,0.487
대구광역시,서구,인쇄/홍보물,0.3919,0.487
대구광역시,서구,행사/운영용역,0.3919,0.487
대구광역시,서구,사무용품/소모품,0.3919,0.487
대구광역시,서구,기타/미분류,0.3919,0.487
대구광역시,서구,급식/식자재,0.397,0.3468
대구광역시,서구,교육물품/교구,0.2657,0.3164
대구광역시,수성구,폐기물/환경,0.4323,0.6211
대구광역시,수성구,조경/녹지관리,0.4323,0.6211
대구광역시,수성구,의료/복지용품,0.3101,0.6122
대구광역시,수성구,방역/소독,0.5636,0.504
대구광역시,수성구,시설유지보수,0.4242,0.5028
대구광역시,수성구,차량/운송,0.4242,0.5028
대구광역시,수성구,전문용역/컨설팅,0.4242,0.5028
대구광역시,수성구,경비/보안,0.4242,0.5028
대구광역시,수성구,건설/공사,0.4242,0.5028
대구광역시,수성구,급수/전기/설비,0.4242,0.5028
대구광역시,수성구,보험/금융,0.4242,0.5028
대구광역시,수성구,청소/환경미화,0.4242,0.5028
대구광역시,수성구,IT장비/전산,0.3919,0.487
대구광역시,수성구,인쇄/홍보물,0.3919,0.487
대구광역시,수성구,행사/운영용역,0.3919,0.487
대구광역시,수성구,사무용품/소모품,0.3919,0.487
대구광역시,수성구,기타/미분류,0.3919,0.487
대구광역시,수성구,급식/식자재,0.397,0.3468
대구광역시,수성구,교육물품/교구,0.2657,0.3164
대구광역시,중구,폐기물/환경,0.4323,0.6211
대구광역시,중구,조경/녹지관리,0.4323,0.6211
대구광역시,중구,의료/복지용품,0.3101,0.6122
대구광역시,중구,방역/소독,0.5636,0.504
대구광역시,중구,시설유지보수,0.4242,0.5028
대구광역시,중구,차량/운송,0.4242,0.5028
대구광역시,중구,전문용역/컨설팅,0.4242,0.5028
대구광역시,중구,경비/보안,0.4242,0.5028
대구광역시,중구,건설/공사,0.4242,0.5028
대구광역시,중구,급수/전기/설비,0.4242,0.5028
대구광역시,중구,보험/금융,0.4242,0.5028
대구광역시,중구,청소/환경미화,0.4242,0.5028
대구광역시,중구,IT장비/전산,0.3919,0.487
대구광역시,중구,인쇄/홍보물,0.3919,0.487
대구광역시,중구,행사/운영용역,0.3919,0.487
대구광역시,중구,사무용품/소모품,0.3919,0.487
대구광역시,중구,기타/미분류,0.3919,0.487
대구광역시,중구,급식/식자재,0.397,0.3468
대구광역시,중구,교육물품/교구,0.2657,0.3164
대전광역시,대덕구,IT장비/전산,0.413,0.6585
대전광역시,대덕구,인쇄/홍보물,0.413,0.6585
대전광역시,대덕구,행사/운영용역,0.413,0.6585
대전광역시,대덕구,사무용품/소모품,0.413,0.6585
대전광역시,대덕구,기타/미분류,0.413,0.6585
대전광역시,대덕구,급식/식자재,0.432,0.5491
대전광역시,대덕구,교육물품/교구,0.292,0.5431
대전광역시,대덕구,시설유지보수,0.426,0.5278
대전광역시,대덕구,차량/운송,0.426,0.5278
대전광역시,대덕구,전문용역/컨설팅,0.426,0.5278
대전광역시,대덕구,경비/보안,0.426,0.5278
대전광역시,대덕구,건설/공사,0.426,0.5278
대전광역시,대덕구,급수/전기/설비,0.426,0.5278
대전광역시,대덕구,보험/금융,0.426,0.5278
대전광역시,대덕구,청소/환경미화,0.426,0.5278
대전광역시,대덕구,의료/복지용품,0.282,0.4628
대전광역시,대덕구,폐기물/환경,0.411,0.3084
대전광역시,대덕구,조경/녹지관리,0.411,0.3084
대전광역시,대덕구,방역/소독,0.551,0.0
대전광역시,동구,IT장비/전산,0.413,0.6585
대전광역시,동구,인쇄/홍보물,0.413,0.6585
대전광역시,동구,행사/운영용역,0.413,0.6585
대전광역시,동구,사무용품/소모품,0.413,0.6585
대전광역시,동구,기타/미분류,0.413,0.6585
대전광역시,동구,급식/식자재,0.432,0.5491
대전광역시,동구,교육물품/교구,0.292,0.5431
대전광역시,동구,시설유지보수,0.426,0.5278
대전광역시,동구,차량/운송,0.426,0.5278
대전광역시,동구,전문용역/컨설팅,0.426,0.5278
대전광역시,동구,경비/보안,0.426,0.5278
대전광역시,동구,건설/공사,0.426,0.5278
대전광역시,동구,급수/전기/설비,0.426,0.5278
대전광역시,동구,보험/금융,0.426,0.5278
대전광역시,동구,청소/환경미화,0.426,0.5278
대전광역시,동구,의료/복지용품,0.282,0.4628
대전광역시,동구,폐기물/환경,0.411,0.3084
대전광역시,동구,조경/녹지관리,0.411,0.3084
대전광역시,동구,방역/소독,0.551,0.0
대전광역시,서구,IT장비/전산,0.413,0.6585
대전광역시,서구,인쇄/홍보물,0.413,0.6585
대전광역시,서구,행사/운영용역,0.413,0.6585
대전광역시,서구,사무용품/소모품,0.413,0.6585
대전광역시,서구,기타/미분류,0.413,0.6585
대전광역시,서구,급식/식자재,0.432,0.5491
대전광역시,서구,교육물품/교구,0.292,0.5431
대전광역시,서구,시설유지보수,0.426,0.5278
대전광역시,서구,차량/운송,0.426,0.5278
대전광역시,서구,전문용역/컨설팅,0.426,0.5278
대전광역시,서구,경비/보안,0.426,0.5278
대전광역시,서구,건설/공사,0.426,0.5278
대전광역시,서구,급수/전기/설비,0.426,0.5278
대전광역시,서구,보험/금융,0.426,0.5278
대전광역시,서구,청소/환경미화,0.426,0.5278
대전광역시,서구,의료/복지용품,0.282,0.4628
대전광역시,서구,폐기물/환경,0.411,0.3084
대전광역시,서구,조경/녹지관리,0.411,0.3084
대전광역시,서구,방역/소독,0.551,0.0
대전광역시,유성구,IT장비/전산,0.413,0.6585
대전광역시,유성구,인쇄/홍보물,0.413,0.6585
대전광역시,유성구,행사/운영용역,0.413,0.6585
대전광역시,유성구,사무용품/소모품,0.413,0.6585
대전광역시,유성구,기타/미분류,0.413,0.6585
대전광역시,유성구,급식/식자재,0.432,0.5491
대전광역시,유성구,교육물품/교구,0.292,0.5431
대전광역시,유성구,시설유지보수,0.426,0.5278
대전광역시,유성구,차량/운송,0.426,0.5278
대전광역시,유성구,전문용역/컨설팅,0.426,0.5278
대전광역시,유성구,경비/보안,0.426,0.5278
대전광역시,유성구,건설/공사,0.426,0.5278
대전광역시,유성구,급수/전기/설비,0.426,0.5278
대전광역시,유성구,보험/금융,0.426,0.5278
대전광역시,유성구,청소/환경미화,0.426,0.5278
대전광역시,유성구,의료/복지용품,0.282,0.4628
대전광역시,유성구,폐기물/환경,0.411,0.3084
대전광역시,유성구,조경/녹지관리,0.411,0.3084
대전광역시,유성구,방역/소독,0.551,0.0
대전광역시,중구,IT장비/전산,0.413,0.6585
대전광역시,중구,인쇄/홍보물,0.413,0.6585
대전광역시,중구,행사/운영용역,0.413,0.6585
대전광역시,중구,사무용품/소모품,0.413,0.6585
대전광역시,중구,기타/미분류,0.413,0.6585
대전광역시,중구,급식/식자재,0.432,0.5491
대전광역시,중구,교육물품/교구,0.292,0.5431
대전광역시,중구,시설유지보수,0.426,0.5278
대전광역시,중구,차량/운송,0.426,0.5278
대전광역시,중구,전문용역/컨설팅,0.426,0.5278
대전광역시,중구,경비/보안,0.426,0.5278
대전광역시,중구,건설/공사,0.426,0.5278
대전광역시,중구,급수/전기/설비,0.426,0.5278
대전광역시,중구,보험/금융,0.426,0.5278
대전광역시,중구,청소/환경미화,0.426,0.5278
대전광역시,중구,의료/복지용품,0.282,0.4628
대전광역시,중구,폐기물/환경,0.411,0.3084
대전광역시,중구,조경/녹지관리,0.411,0.3084
대전광역시,중구,방역/소독,0.551,0.0
부산광역시,강서구,의료/복지용품,0.323,0.6809
부산광역시,강서구,폐기물/환경,0.435,0.6608
부산광역시,강서구,조경/녹지관리,0.435,0.6608
부산광역시,강서구,방역/소독,0.565,0.56
부산광역시,강서구,시설유지보수,0.42,0.4444
부산광역시,강서구,차량/운송,0.42,0.4444
부산광역시,강서구,전문용역/컨설팅,0.42,0.4444
부산광역시,강서구,경비/보안,0.42,0.4444
부산광역시,강서구,건설/공사,0.42,0.4444
부산광역시,강서구,급수/전기/설비,0.42,0.4444
부산광역시,강서구,보험/금융,0.42,0.4444
부산광역시,강서구,청소/환경미화,0.42,0.4444
부산광역시,강서구,IT장비/전산,0.385,0.4309
부산광역시,강서구,인쇄/홍보물,0.385,0.4309
부산광역시,강서구,행사/운영용역,0.385,0.4309
부산광역시,강서구,사무용품/소모품,0.385,0.4309
부산광역시,강서구,기타/미분류,0.385,0.4309
부산광역시,강서구,급식/식자재,0.387,0.289
부산광역시,강서구,교육물품/교구,0.257,0.2414
부산광역시,금정구,의료/복지용품,0.323,0.6809
부산광역시,금정구,폐기물/환경,0.435,0.6608
부산광역시,금정구,조경/녹지관리,0.435,0.6608
부산광역시,금정구,방역/소독,0.565,0.56
부산광역시,금정구,시설유지보수,0.42,0.4444
부산광역시,금정구,차량/운송,0.42,0.4444
부산광역시,금정구,전문용역/컨설팅,0.42,0.4444
부산광역시,금정구,경비/보안,0.42,0.4444
부산광역시,금정구,건설/공사,0.42,0.4444
부산광역시,금정구,급수/전기/설비,0.42,0.4444
부산광역시,금정구,보험/금융,0.42,0.4444
부산광역시,금정구,청소/환경미화,0.42,0.4444
부산광역시,금정구,IT장비/전산,0.385,0.4309
부산광역시,금정구,인쇄/홍보물,0.385,0.4309
부산광역시,금정구,행사/운영용역,0.385,0.4309
부산광역시,금정구,사무용품/소모품,0.385,0.4309
부산광역시,금정구,기타/미분류,0.385,0.4309
부산광역시,금정구,급식/식자재,0.387,0.289
부산광역시,금정구,교육물품/교구,0.257,0.2414
부산광역시,기장군,의료/복지용품,0.323,0.6809
부산광역시,기장군,폐기물/환경,0.435,0.6608
부산광역시,기장군,조경/녹지관리,0.435,0.6608
부산광역시,기장군,방역/소독,0.565,0.56
부산광역시,기장군,시설유지보수,0.42,0.4444
부산광역시,기장군,차량/운송,0.42,0.4444
부산광역시,기장군,전문용역/컨설팅,0.42,0.4444
부산광역시,기장군,경비/보안,0.42,0.4444
부산광역시,기장군,건설/공사,0.42,0.4444
부산광역시,기장군,급수/전기/설비,0.42,0.4444
부산광역시,기장군,보험/금융,0.42,0.4444
부산광역시,기장군,청소/환경미화,0.42,0.4444
부산광역시,기장군,IT장비/전산,0.385,0.4309
부산광역시,기장군,인쇄/홍보물,0.385,0.4309
부산광역시,기장군,행사/운영용역,0.385,0.4309
부산광역시,기장군,사무용품/소모품,0.385,0.4309
부산광역시,기장군,기타/미분류,0.385,0.4309
부산광역시,기장군,급식/식자재,0.387,0.289
부산광역시,기장군,교육물품/교구,0.257,0.2414
부산광역시,남구,의료/복지용품,0.323,0.6809
부산광역시,남구,폐기물/환경,0.435,0.6608
부산광역시,남구,조경/녹지관리,0.435,0.6608
부산광역시,남구,방역/소독,0.565,0.56
부산광역시,남구,시설유지보수,0.42,0.4444
부산광역시,남구,차량/운송,0.42,0.4444
부산광역시,남구,전문용역/컨설팅,0.42,0.4444
부산광역시,남구,경비/보안,0.42,0.4444
부산광역시,남구,건설/공사,0.42,0.4444
부산광역시,남구,급수/전기/설비,0.42,0.4444
부산광역시,남구,보험/금융,0.42,0.4444
부산광역시,남구,청소/환경미화,0.42,0.4444
부산광역시,남구,IT장비/전산,0.385,0.4309
부산광역시,남구,인쇄/홍보물,0.385,0.4309
부산광역시,남구,행사/운영용역,0.385,0.4309
부산광역시,남구,사무용품/소모품,0.385,0.4309
부산광역시,남구,기타/미분류,0.385,0.4309
부산광역시,남구,급식/식자재,0.387,0.289
부산광역시,남구,교육물품/교구,0.257,0.2414
부산광역시,동구,의료/복지용품,0.323,0.6809
부산광역시,동구,폐기물/환경,0.435,0.6608
부산광역시,동구,조경/녹지관리,0.435,0.6608
부산광역시,동구,방역/소독,0.565,0.56
부산광역시,동구,시설유지보수,0.42,0.4444
부산광역시,동구,차량/운송,0.42,0.4444
부산광역시,동구,전문용역/컨설팅,0.42,0.4444
부산광역시,동구,경비/보안,0.42,0.4444
부산광역시,동구,건설/공사,0.42,0.4444
부산광역시,동구,급수/전기/설비,0.42,0.4444
부산광역시,동구,보험/금융,0.42,0.4444
부산광역시,동구,청소/환경미화,0.42,0.4444
부산광역시,동구,IT장비/전산,0.385,0.4309
부산광역시,동구,인쇄/홍보물,0.385,0.4309
부산광역시,동구,행사/운영용역,0.385,0.4309
부산광역시,동구,사무용품/소모품,0.385,0.4309
부산광역시,동구,기타/미분류,0.385,0.4309
부산광역시,동구,급식/식자재,0.387,0.289
부산광역시,동구,교육물품/교구,0.257,0.2414
부산광역시,동래구,의료/복지용품,0.323,0.6809
부산광역시,동래구,폐기물/환경,0.435,0.6608
부산광역시,동래구,조경/녹지관리,0.435,0.6608
부산광역시,동래구,방역/소독,0.565,0.56
부산광역시,동래구,시설유지보수,0.42,0.4444
부산광역시,동래구,차량/운송,0.42,0.4444
부산광역시,동래구,전문용역/컨설팅,0.42,0.4444
부산광역시,동래구,경비/보안,0.42,0.4444
부산광역시,동래구,건설/공사,0.42,0.4444
부산광역시,동래구,급수/전기/설비,0.42,0.4444
부산광역시,동래구,보험/금융,0.42,0.4444
부산광역시,동래구,청소/환경미화,0.42,0.4444
부산광역시,동래구,IT장비/전산,0.385,0.4309
부산광역시,동래구,인쇄/홍보물,0.385,0.4309
부산광역시,동래구,행사/운영용역,0.385,0.4309
부산광역시,동래구,사무용품/소모품,0.385,0.4309
부산광역시,동래구,기타/미분류,0.385,0.4309
부산광역시,동래구,급식/식자재,0.387,0.289
부산광역시,동래구,교육물품/교구,0.257,0.2414
부산광역시,부산진구,의료/복지용품,0.323,0.6809
부산광역시,부산진구,폐기물/환경,0.435,0.6608
부산광역시,부산진구,조경/녹지관리,0.435,0.6608
부산광역시,부산진구,방역/소독,0.565,0.56
부산광역시,부산진구,시설유지보수,0.42,0.4444
부산광역시,부산진구,차량/운송,0.42,0.4444
부산광역시,부산진구,전문용역/컨설팅,0.42,0.4444
부산광역시,부산진구,경비/보안,0.42,0.4444
부산광역시,부산진구,건설/공사,0.42,0.4444
부산광역시,부산진구,급수/전기/설비,0.42,0.4444
부산광역시,부산진구,보험/금융,0.42,0.4444
부산광역시,부산진구,청소/환경미화,0.42,0.4444
부산광역시,부산진구,IT장비/전산,0.385,0.4309
부산광역시,부산진구,인쇄/홍보물,0.385,0.4309
부산광역시,부산진구,행사/운영용역,0.385,0.4309
부산광역시,부산진구,사무용품/소모품,0.385,0.4309
부산광역시,부산진구,기타/미분류,0.385,0.4309
부산광역시,부산진구,급식/식자재,0.387,0.289
부산광역시,부산진구,교육물품/교구,0.257,0.2414
부산광역시,북구,의료/복지용품,0.323,0.6809
부산광역시,북구,폐기물/환경,0.435,0.6608
부산광역시,북구,조경/녹지관리,0.435,0.6608
부산광역시,북구,방역/소독,0.565,0.56
부산광역시,북구,시설유지보수,0.42,0.4444
부산광역시,북구,차량/운송,0.42,0.4444
부산광역시,북구,전문용역/컨설팅,0.42,0.4444
부산광역시,북구,경비/보안,0.42,0.4444
부산광역시,북구,건설/공사,0.42,0.4444
부산광역시,북구,급수/전기/설비,0.42,0.4444
부산광역시,북구,보험/금융,0.42,0.4444
부산광역시,북구,청소/환경미화,0.42,0.4444
부산광역시,북구,IT장비/전산,0.385,0.4309
부산광역시,북구,인쇄/홍보물,0.385,0.4309
부산광역시,북구,행사/운영용역,0.385,0.4309
부산광역시,북구,사무용품/소모품,0.385,0.4309
부산광역시,북구,기타/미분류,0.385,0.4309
부산광역시,북구,급식/식자재,0.387,0.289
부산광역시,북구,교육물품/교구,0.257,0.2414
부산광역시,사상구,의료/복지용품,0.323,0.6809
부산광역시,사상구,폐기물/환경,0.435,0.6608
부산광역시,사상구,조경/녹지관리,0.435,0.6608
부산광역시,사상구,방역/소독,0.565,0.56
부산광역시,사상구,시설유지보수,0.42,0.4444
부산광역시,사상구,차량/운송,0.42,0.4444
부산광역시,사상구,전문용역/컨설팅,0.42,0.4444
부산광역시,사상구,경비/보안,0.42,0.4444
부산광역시,사상구,건설/공사,0.42,0.4444
부산광역시,사상구,급수/전기/설비,0.42,0.4444
부산광역시,사상구,보험/금융,0.42,0.4444
부산광역시,사상구,청소/환경미화,0.42,0.4444
부산광역시,사상구,IT장비/전산,0.385,0.4309
부산광역시,사상구,인쇄/홍보물,0.385,0.4309
부산광역시,사상구,행사/운영용역,0.385,0.4309
부산광역시,사상구,사무용품/소모품,0.385,0.4309
부산광역시,사상구,기타/미분류,0.385,0.4309
부산광역시,사상구,급식/식자재,0.387,0.289
부산광역시,사상구,교육물품/교구,0.257,0.2414
부산광역시,사하구,의료/복지용품,0.323,0.6809
부산광역시,사하구,폐기물/환경,0.435,0.6608
부산광역시,사하구,조경/녹지관리,0.435,0.6608
부산광역시,사하구,방역/소독,0.565,0.56
부산광역시,사하구,시설유지보수,0.42,0.4444
부산광역시,사하구,차량/운송,0.42,0.4444
부산광역시,사하구,전문용역/컨설팅,0.42,0.4444
부산광역시,사하구,경비/보안,0.42,0.4444
부산광역시,사하구,건설/공사,0.42,0.4444
부산광역시,사하구,급수/전기/설비,0.42,0.4444
부산광역시,사하구,보험/금융,0.42,0.4444
부산광역시,사하구,청소/환경미화,0.42,0.4444
부산광역시,사하구,IT장비/전산,0.385,0.4309
부산광역시,사하구,인쇄/홍보물,0.385,0.4309
부산광역시,사하구,행사/운영용역,0.385,0.4309
부산광역시,사하구,사무용품/소모품,0.385,0.4309
부산광역시,사하구,기타/미분류,0.385,0.4309
부산광역시,사하구,급식/식자재,0.387,0.289
부산광역시,사하구,교육물품/교구,0.257,0.2414
부산광역시,서구,의료/복지용품,0.323,0.6809
부산광역시,서구,폐기물/환경,0.435,0.6608
부산광역시,서구,조경/녹지관리,0.435,0.6608
부산광역시,서구,방역/소독,0.565,0.56
부산광역시,서구,시설유지보수,0.42,0.4444
부산광역시,서구,차량/운송,0.42,0.4444
부산광역시,서구,전문용역/컨설팅,0.42,0.4444
부산광역시,서구,경비/보안,0.42,0.4444
부산광역시,서구,건설/공사,0.42,0.4444
부산광역시,서구,급수/전기/설비,0.42,0.4444
부산광역시,서구,보험/금융,0.42,0.4444
부산광역시,서구,청소/환경미화,0.42,0.4444
부산광역시,서구,IT장비/전산,0.385,0.4309
부산광역시,서구,인쇄/홍보물,0.385,0.4309
부산광역시,서구,행사/운영용역,0.385,0.4309
부산광역시,서구,사무용품/소모품,0.385,0.4309
부산광역시,서구,기타/미분류,0.385,0.4309
부산광역시,서구,급식/식자재,0.387,0.289
부산광역시,서구,교육물품/교구,0.257,0.2414
부산광역시,수영구,의료/복지용품,0.323,0.6809
부산광역시,수영구,폐기물/환경,0.435,0.6608
부산광역시,수영구,조경/녹지관리,0.435,0.6608
부산광역시,수영구,방역/소독,0.565,0.56
부산광역시,수영구,시설유지보수,0.42,0.4444
부산광역시,수영구,차량/운송,0.42,0.4444
부산광역시,수영구,전문용역/컨설팅,0.42,0.4444
부산광역시,수영구,경비/보안,0.42,0.4444
부산광역시,수영구,건설/공사,0.42,0.4444
부산광역시,수영구,급수/전기/설비,0.42,0.4444
부산광역시,수영구,보험/금융,0.42,0.4444
부산광역시,수영구,청소/환경미화,0.42,0.4444
부산광역시,수영구,IT장비/전산,0.385,0.4309
부산광역시,수영구,인쇄/홍보물,0.385,0.4309
부산광역시,수영구,행사/운영용역,0.385,0.4309
부산광역시,수영구,사무용품/소모품,0.385,0.4309
부산광역시,수영구,기타/미분류,0.385,0.4309
부산광역시,수영구,급식/식자재,0.387,0.289
부산광역시,수영구,교육물품/교구,0.257,0.2414
부산광역시,연제구,의료/복지용품,0.323,0.6809
부산광역시,연제구,폐기물/환경,0.435,0.6608
부산광역시,연제구,조경/녹지관리,0.435,0.6608
부산광역시,연제구,방역/소독,0.565,0.56
부산광역시,연제구,시설유지보수,0.42,0.4444
부산광역시,연제구,차량/운송,0.42,0.4444
부산광역시,연제구,전문용역/컨설팅,0.42,0.4444
부산광역시,연제구,경비/보안,0.42,0.4444
부산광역시,연제구,건설/공사,0.42,0.4444
부산광역시,연제구,급수/전기/설비,0.42,0.4444
부산광역시,연제구,보험/금융,0.42,0.4444
부산광역시,연제구,청소/환경미화,0.42,0.4444
부산광역시,연제구,IT장비/전산,0.385,0.4309
부산광역시,연제구,인쇄/홍보물,0.385,0.4309
부산광역시,연제구,행사/운영용역,0.385,0.4309
부산광역시,연제구,사무용품/소모품,0.385,0.4309
부산광역시,연제구,기타/미분류,0.385,0.4309
부산광역시,연제구,급식/식자재,0.387,0.289
부산광역시,연제구,교육물품/교구,0.257,0.2414
부산광역시,영도구,의료/복지용품,0.323,0.6809
부산광역시,영도구,폐기물/환경,0.435,0.6608
부산광역시,영도구,조경/녹지관리,0.435,0.6608
부산광역시,영도구,방역/소독,0.565,0.56
부산광역시,영도구,시설유지보수,0.42,0.4444
부산광역시,영도구,차량/운송,0.42,0.4444
부산광역시,영도구,전문용역/컨설팅,0.42,0.4444
부산광역시,영도구,경비/보안,0.42,0.4444
부산광역시,영도구,건설/공사,0.42,0.4444
부산광역시,영도구,급수/전기/설비,0.42,0.4444
부산광역시,영도구,보험/금융,0.42,0.4444
부산광역시,영도구,청소/환경미화,0.42,0.4444
부산광역시,영도구,IT장비/전산,0.385,0.4309
부산광역시,영도구,인쇄/홍보물,0.385,0.4309
부산광역시,영도구,행사/운영용역,0.385,0.4309
부산광역시,영도구,사무용품/소모품,0.385,0.4309
부산광역시,영도구,기타/미분류,0.385,0.4309
부산광역시,영도구,급식/식자재,0.387,0.289
부산광역시,영도구,교육물품/교구,0.257,0.2414
부산광역시,중구,의료/복지용품,0.323,0.6809
부산광역시,중구,폐기물/환경,0.435,0.6608
부산광역시,중구,조경/녹지관리,0.435,0.6608
부산광역시,중구,방역/소독,0.565,0.56
부산광역시,중구,시설유지보수,0.42,0.4444
부산광역시,중구,차량/운송,0.42,0.4444
부산광역시,중구,전문용역/컨설팅,0.42,0.4444
부산광역시,중구,경비/보안,0.42,0.4444
부산광역시,중구,건설/공사,0.42,0.4444
부산광역시,중구,급수/전기/설비,0.42,0.4444
부산광역시,중구,보험/금융,0.42,0.4444
부산광역시,중구,청소/환경미화,0.42,0.4444
부산광역시,중구,IT장비/전산,0.385,0.4309
부산광역시,중구,인쇄/홍보물,0.385,0.4309
부산광역시,중구,행사/운영용역,0.385,0.4309
부산광역시,중구,사무용품/소모품,0.385,0.4309
부산광역시,중구,기타/미분류,0.385,0.4309
부산광역시,중구,급식/식자재,0.387,0.289
부산광역시,중구,교육물품/교구,0.257,0.2414
부산광역시,해운대구,의료/복지용품,0.323,0.6809
부산광역시,해운대구,폐기물/환경,0.435,0.6608
부산광역시,해운대구,조경/녹지관리,0.435,0.6608
부산광역시,해운대구,방역/소독,0.565,0.56
부산광역시,해운대구,시설유지보수,0.42,0.4444
부산광역시,해운대구,차량/운송,0.42,0.4444
부산광역시,해운대구,전문용역/컨설팅,0.42,0.4444
부산광역시,해운대구,경비/보안,0.42,0.4444
부산광역시,해운대구,건설/공사,0.42,0.4444
부산광역시,해운대구,급수/전기/설비,0.42,0.4444
부산광역시,해운대구,보험/금융,0.42,0.4444
부산광역시,해운대구,청소/환경미화,0.42,0.4444
부산광역시,해운대구,IT장비/전산,0.385,0.4309
부산광역시,해운대구,인쇄/홍보물,0.385,0.4309
부산광역시,해운대구,행사/운영용역,0.385,0.4309
부산광역시,해운대구,사무용품/소모품,0.385,0.4309
부산광역시,해운대구,기타/미분류,0.385,0.4309
부산광역시,해운대구,급식/식자재,0.387,0.289
부산광역시,해운대구,교육물품/교구,0.257,0.2414
서울특별시,강남구,IT장비/전산,0.44,0.878
서울특별시,강남구,인쇄/홍보물,0.44,0.878
서울특별시,강남구,행사/운영용역,0.44,0.878
서울특별시,강남구,사무용품/소모품,0.44,0.878
서울특별시,강남구,기타/미분류,0.44,0.878
서울특별시,강남구,시설유지보수,0.44,0.7222
서울특별시,강남구,차량/운송,0.44,0.7222
서울특별시,강남구,전문용역/컨설팅,0.44,0.7222
서울특별시,강남구,경비/보안,0.44,0.7222
서울특별시,강남구,건설/공사,0.44,0.7222
서울특별시,강남구,급수/전기/설비,0.44,0.7222
서울특별시,강남구,보험/금융,0.44,0.7222
서울특별시,강남구,청소/환경미화,0.44,0.7222
서울특별시,강남구,급식/식자재,0.445,0.6243
서울특별시,강남구,교육물품/교구,0.29,0.5259
서울특별시,강남구,의료/복지용품,0.27,0.3989
서울특별시,강남구,방역/소독,0.56,0.36
서울특별시,강남구,폐기물/환경,0.405,0.2203
서울특별시,강남구,조경/녹지관리,0.405,0.2203
서울특별시,강동구,IT장비/전산,0.44,0.878
서울특별시,강동구,인쇄/홍보물,0.44,0.878
서울특별시,강동구,행사/운영용역,0.44,0.878
서울특별시,강동구,사무용품/소모품,0.44,0.878
서울특별시,강동구,기타/미분류,0.44,0.878
서울특별시,강동구,시설유지보수,0.44,0.7222
서울특별시,강동구,차량/운송,0.44,0.7222
서울특별시,강동구,전문용역/컨설팅,0.44,0.7222
서울특별시,강동구,경비/보안,0.44,0.7222
서울특별시,강동구,건설/공사,0.44,0.7222
서울특별시,강동구,급수/전기/설비,0.44,0.7222
서울특별시,강동구,보험/금융,0.44,0.7222
서울특별시,강동구,청소/환경미화,0.44,0.7222
서울특별시,강동구,급식/식자재,0.445,0.6243
서울특별시,강동구,교육물품/교구,0.29,0.5259
서울특별시,강동구,의료/복지용품,0.27,0.3989
서울특별시,강동구,방역/소독,0.56,0.36
서울특별시,강동구,폐기물/환경,0.405,0.2203
서울특별시,강동구,조경/녹지관리,0.405,0.2203
서울특별시,강북구,IT장비/전산,0.44,0.878
서울특별시,강북구,인쇄/홍보물,0.44,0.878
서울특별시,강북구,행사/운영용역,0.44,0.878
서울특별시,강북구,사무용품/소모품,0.44,0.878
서울특별시,강북구,기타/미분류,0.44,0.878
서울특별시,강북구,시설유지보수,0.44,0.7222
서울특별시,강북구,차량/운송,0.44,0.7222
서울특별시,강북구,전문용역/컨설팅,0.44,0.7222
서울특별시,강북구,경비/보안,0.44,0.7222
서울특별시,강북구,건설/공사,0.44,0.7222
서울특별시,강북구,급수/전기/설비,0.44,0.7222
서울특별시,강북구,보험/금융,0.44,0.7222
서울특별시,강북구,청소/환경미화,0.44,0.7222
서울특별시,강북구,급식/식자재,0.445,0.6243
서울특별시,강북구,교육물품/교구,0.29,0.5259
서울특별시,강북구,의료/복지용품,0.27,0.3989
서울특별시,강북구,방역/소독,0.56,0.36
서울특별시,강북구,폐기물/환경,0.405,0.2203
서울특별시,강북구,조경/녹지관리,0.405,0.2203
서울특별시,강서구,IT장비/전산,0.44,0.878
서울특별시,강서구,인쇄/홍보물,0.44,0.878
서울특별시,강서구,행사/운영용역,0.44,0.878
서울특별시,강서구,사무용품/소모품,0.44,0.878
서울특별시,강서구,기타/미분류,0.44,0.878
서울특별시,강서구,시설유지보수,0.44,0.7222
서울특별시,강서구,차량/운송,0.44,0.7222
서울특별시,강서구,전문용역/컨설팅,0.44,0.7222
서울특별시,강서구,경비/보안,0.44,0.7222
서울특별시,강서구,건설/공사,0.44,0.7222
서울특별시,강서구,급수/전기/설비,0.44,0.7222
서울특별시,강서구,보험/금융,0.44,0.7222
서울특별시,강서구,청소/환경미화,0.44,0.7222
서울특별시,강서구,급식/식자재,0.445,0.6243
서울특별시,강서구,교육물품/교구,0.29,0.5259
서울특별시,강서구,의료/복지용품,0.27,0.3989
서울특별시,강서구,방역/소독,0.56,0.36
서울특별시,강서구,폐기물/환경,0.405,0.2203
서울특별시,강서구,조경/녹지관리,0.405,0.2203
서울특별시,관악구,IT장비/전산,0.44,0.878
서울특별시,관악구,인쇄/홍보물,0.44,0.878
서울특별시,관악구,행사/운영용역,0.44,0.878
서울특별시,관악구,사무용품/소모품,0.44,0.878
서울특별시,관악구,기타/미분류,0.44,0.878
서울특별시,관악구,시설유지보수,0.44,0.7222
서울특별시,관악구,차량/운송,0.44,0.7222
서울특별시,관악구,전문용역/컨설팅,0.44,0.7222
서울특별시,관악구,경비/보안,0.44,0.7222
서울특별시,관악구,건설/공사,0.44,0.7222
서울특별시,관악구,급수/전기/설비,0.44,0.7222
서울특별시,관악구,보험/금융,0.44,0.7222
서울특별시,관악구,청소/환경미화,0.44,0.7222
서울특별시,관악구,급식/식자재,0.445,0.6243
서울특별시,관악구,교육물품/교구,0.29,0.5259
서울특별시,관악구,의료/복지용품,0.27,0.3989
서울특별시,관악구,방역/소독,0.56,0.36
서울특별시,관악구,폐기물/환경,0.405,0.2203
서울특별시,관악구,조경/녹지관리,0.405,0.2203
서울특별시,광진구,IT장비/전산,0.44,0.878
서울특별시,광진구,인쇄/홍보물,0.44,0.878
서울특별시,광진구,행사/운영용역,0.44,0.878
서울특별시,광진구,사무용품/소모품,0.44,0.878
서울특별시,광진구,기타/미분류,0.44,0.878
서울특별시,광진구,시설유지보수,0.44,0.7222
서울특별시,광진구,차량/운송,0.44,0.7222
서울특별시,광진구,전문용역/컨설팅,0.44,0.7222
서울특별시,광진구,경비/보안,0.44,0.7222
서울특별시,광진구,건설/공사,0.44,0.7222
서울특별시,광진구,급수/전기/설비,0.44,0.7222
서울특별시,광진구,보험/금융,0.44,0.7222
서울특별시,광진구,청소/환경미화,0.44,0.7222
서울특별시,광진구,급식/식자재,0.445,0.6243
서울특별시,광진구,교육물품/교구,0.29,0.5259
서울특별시,광진구,의료/복지용품,0.27,0.3989
서울특별시,광진구,방역/소독,0.56,0.36
서울특별시,광진구,폐기물/환경,0.405,0.2203
서울특별시,광진구,조경/녹지관리,0.405,0.2203
서울특별시,구로구,IT장비/전산,0.44,0.878
서울특별시,구로구,인쇄/홍보물,0.44,0.878
서울특별시,구로구,행사/운영용역,0.44,0.878
서울특별시,구로구,사무용품/소모품,0.44,0.878
서울특별시,구로구,기타/미분류,0.44,0.878
서울특별시,구로구,시설유지보수,0.44,0.7222
서울특별시,구로구,차량/운송,0.44,0.7222
서울특별시,구로구,전문용역/컨설팅,0.44,0.7222
서울특별시,구로구,경비/보안,0.44,0.7222
서울특별시,구로구,건설/공사,0.44,0.7222
서울특별시,구로구,급수/전기/설비,0.44,0.7222
서울특별시,구로구,보험/금융,0.44,0.7222
서울특별시,구로구,청소/환경미화,0.44,0.7222
서울특별시,구로구,급식/식자재,0.445,0.6243
서울특별시,구로구,교육물품/교구,0.29,0.5259
서울특별시,구로구,의료/복지용품,0.27,0.3989
서울특별시,구로구,방역/소독,0.56,0.36
서울특별시,구로구,폐기물/환경,0.405,0.2203
서울특별시,구로구,조경/녹지관리,0.405,0.2203
서울특별시,금천구,IT장비/전산,0.44,0.878
서울특별시,금천구,인쇄/홍보물,0.44,0.878
서울특별시,금천구,행사/운영용역,0.44,0.878
서울특별시,금천구,사무용품/소모품,0.44,0.878
서울특별시,금천구,기타/미분류,0.44,0.878
서울특별시,금천구,시설유지보수,0.44,0.7222
서울특별시,금천구,차량/운송,0.44,0.7222
서울특별시,금천구,전문용역/컨설팅,0.44,0.7222
서울특별시,금천구,경비/보안,0.44,0.7222
서울특별시,금천구,건설/공사,0.44,0.7222
서울특별시,금천구,급수/전기/설비,0.44,0.7222
서울특별시,금천구,보험/금융,0.44,0.7222
서울특별시,금천구,청소/환경미화,0.44,0.7222
서울특별시,금천구,급식/식자재,0.445,0.6243
서울특별시,금천구,교육물품/교구,0.29,0.5259
서울특별시,금천구,의료/복지용품,0.27,0.3989
서울특별시,금천구,방역/소독,0.56,0.36
서울특별시,금천구,폐기물/환경,0.405,0.2203
서울특별시,금천구,조경/녹지관리,0.405,0.2203
서울특별시,노원구,IT장비/전산,0.44,0.878
서울특별시,노원구,인쇄/홍보물,0.44,0.878
서울특별시,노원구,행사/운영용역,0.44,0.878
서울특별시,노원구,사무용품/소모품,0.44,0.878
서울특별시,노원구,기타/미분류,0.44,0.878
서울특별시,노원구,시설유지보수,0.44,0.7222
서울특별시,노원구,차량/운송,0.44,0.7222
서울특별시,노원구,전문용역/컨설팅,0.44,0.7222
서울특별시,노원구,경비/보안,0.44,0.7222
서울특별시,노원구,건설/공사,0.44,0.7222
서울특별시,노원구,급수/전기/설비,0.44,0.7222
서울특별시,노원구,보험/금융,0.44,0.7222
서울특별시,노원구,청소/환경미화,0.44,0.7222
서울특별시,노원구,급식/식자재,0.445,0.6243
서울특별시,노원구,교육물품/교구,0.29,0.5259
서울특별시,노원구,의료/복지용품,0.27,0.3989
서울특별시,노원구,방역/소독,0.56,0.36
서울특별시,노원구,폐기물/환경,0.405,0.2203
서울특별시,노원구,조경/녹지관리,0.405,0.2203
서울특별시,도봉구,IT장비/전산,0.44,0.878
서울특별시,도봉구,인쇄/홍보물,0.44,0.878
서울특별시,도봉구,행사/운영용역,0.44,0.878
서울특별시,도봉구,사무용품/소모품,0.44,0.878
서울특별시,도봉구,기타/미분류,0.44,0.878
서울특별시,도봉구,시설유지보수,0.44,0.7222
서울특별시,도봉구,차량/운송,0.44,0.7222
서울특별시,도봉구,전문용역/컨설팅,0.44,0.7222
서울특별시,도봉구,경비/보안,0.44,0.7222
서울특별시,도봉구,건설/공사,0.44,0.7222
서울특별시,도봉구,급수/전기/설비,0.44,0.7222
서울특별시,도봉구,보험/금융,0.44,0.7222
서울특별시,도봉구,청소/환경미화,0.44,0.7222
서울특별시,도봉구,급식/식자재,0.445,0.6243
서울특별시,도봉구,교육물품/교구,0.29,0.5259
서울특별시,도봉구,의료/복지용품,0.27,0.3989
서울특별시,도봉구,방역/소독,0.56,0.36
서울특별시,도봉구,폐기물/환경,0.405,0.2203
서울특별시,도봉구,조경/녹지관리,0.405,0.2203
서울특별시,동대문구,IT장비/전산,0.44,0.878
서울특별시,동대문구,인쇄/홍보물,0.44,0.878
서울특별시,동대문구,행사/운영용역,0.44,0.878
서울특별시,동대문구,사무용품/소모품,0.44,0.878
서울특별시,동대문구,기타/미분류,0.44,0.878
서울특별시,동대문구,시설유지보수,0.44,0.7222
서울특별시,동대문구,차량/운송,0.44,0.7222
서울특별시,동대문구,전문용역/컨설팅,0.44,0.7222
서울특별시,동대문구,경비/보안,0.44,0.7222
서울특별시,동대문구,건설/공사,0.44,0.7222
서울특별시,동대문구,급수/전기/설비,0.44,0.7222
서울특별시,동대문구,보험/금융,0.44,0.7222
서울특별시,동대문구,청소/환경미화,0.44,0.7222
서울특별시,동대문구,급식/식자재,0.445,0.6243
서울특별시,동대문구,교육물품/교구,0.29,0.5259
서울특별시,동대문구,의료/복지용품,0.27,0.3989
서울특별시,동대문구,방역/소독,0.56,0.36
서울특별시,동대문구,폐기물/환경,0.405,0.2203
서울특별시,동대문구,조경/녹지관리,0.405,0.2203
서울특별시,동작구,IT장비/전산,0.44,0.878
서울특별시,동작구,인쇄/홍보물,0.44,0.878
서울특별시,동작구,행사/운영용역,0.44,0.878
서울특별시,동작구,사무용품/소모품,0.44,0.878
서울특별시,동작구,기타/미분류,0.44,0.878
서울특별시,동작구,시설유지보수,0.44,0.7222
서울특별시,동작구,차량/운송,0.44,0.7222
서울특별시,동작구,전문용역/컨설팅,0.44,0.7222
서울특별시,동작구,경비/보안,0.44,0.7222
서울특별시,동작구,건설/공사,0.44,0.7222
서울특별시,동작구,급수/전기/설비,0.44,0.7222
서울특별시,동작구,보험/금융,0.44,0.7222
서울특별시,동작구,청소/환경미화,0.44,0.7222
서울특별시,동작구,급식/식자재,0.445,0.6243
서울특별시,동작구,교육물품/교구,0.29,0.5259
서울특별시,동작구,의료/복지용품,0.27,0.3989
서울특별시,동작구,방역/소독,0.56,0.36
서울특별시,동작구,폐기물/환경,0.405,0.2203
서울특별시,동작구,조경/녹지관리,0.405,0.2203
서울특별시,마포구,IT장비/전산,0.44,0.878
서울특별시,마포구,인쇄/홍보물,0.44,0.878
서울특별시,마포구,행사/운영용역,0.44,0.878
서울특별시,마포구,사무용품/소모품,0.44,0.878
서울특별시,마포구,기타/미분류,0.44,0.878
서울특별시,마포구,시설유지보수,0.44,0.7222
서울특별시,마포구,차량/운송,0.44,0.7222
서울특별시,마포구,전문용역/컨설팅,0.44,0.7222
서울특별시,마포구,경비/보안,0.44,0.7222
서울특별시,마포구,건설/공사,0.44,0.7222
서울특별시,마포구,급수/전기/설비,0.44,0.7222
서울특별시,마포구,보험/금융,0.44,0.7222
서울특별시,마포구,청소/환경미화,0.44,0.7222
서울특별시,마포구,급식/식자재,0.445,0.6243
서울특별시,마포구,교육물품/교구,0.29,0.5259
서울특별시,마포구,의료/복지용품,0.27,0.3989
서울특별시,마포구,방역/소독,0.56,0.36
서울특별시,마포구,폐기물/환경,0.405,0.2203
서울특별시,마포구,조경/녹지관리,0.405,0.2203
서울특별시,서대문구,IT장비/전산,0.44,0.878
서울특별시,서대문구,인쇄/홍보물,0.44,0.878
서울특별시,서대문구,행사/운영용역,0.44,0.878
서울특별시,서대문구,사무용품/소모품,0.44,0.878
서울특별시,서대문구,기타/미분류,0.44,0.878
서울특별시,서대문구,시설유지보수,0.44,0.7222
서울특별시,서대문구,차량/운송,0.44,0.7222
서울특별시,서대문구,전문용역/컨설팅,0.44,0.7222
서울특별시,서대문구,경비/보안,0.44,0.7222
서울특별시,서대문구,건설/공사,0.44,0.7222
서울특별시,서대문구,급수/전기/설비,0.44,0.7222
서울특별시,서대문구,보험/금융,0.44,0.7222
서울특별시,서대문구,청소/환경미화,0.44,0.7222
서울특별시,서대문구,급식/식자재,0.445,0.6243
서울특별시,서대문구,교육물품/교구,0.29,0.5259
서울특별시,서대문구,의료/복지용품,0.27,0.3989
서울특별시,서대문구,방역/소독,0.56,0.36
서울특별시,서대문구,폐기물/환경,0.405,0.2203
서울특별시,서대문구,조경/녹지관리,0.405,0.2203
서울특별시,서초구,IT장비/전산,0.44,0.878
서울특별시,서초구,인쇄/홍보물,0.44,0.878
서울특별시,서초구,행사/운영용역,0.44,0.878
서울특별시,서초구,사무용품/소모품,0.44,0.878
서울특별시,서초구,기타/미분류,0.44,0.878
서울특별시,서초구,시설유지보수,0.44,0.7222
서울특별시,서초구,차량/운송,0.44,0.7222
서울특별시,서초구,전문용역/컨설팅,0.44,0.7222
서울특별시,서초구,경비/보안,0.44,0.7222
서울특별시,서초구,건설/공사,0.44,0.7222
서울특별시,서초구,급수/전기/설비,0.44,0.7222
서울특별시,서초구,보험/금융,0.44,0.7222
서울특별시,서초구,청소/환경미화,0.44,0.7222
서울특별시,서초구,급식/식자재,0.445,0.6243
서울특별시,서초구,교육물품/교구,0.29,0.5259
서울특별시,서초구,의료/복지용품,0.27,0.3989
서울특별시,서초구,방역/소독,0.56,0.36
서울특별시,서초구,폐기물/환경,0.405,0.2203
서울특별시,서초구,조경/녹지관리,0.405,0.2203
서울특별시,성동구,IT장비/전산,0.44,0.878
서울특별시,성동구,인쇄/홍보물,0.44,0.878
서울특별시,성동구,행사/운영용역,0.44,0.878
서울특별시,성동구,사무용품/소모품,0.44,0.878
서울특별시,성동구,기타/미분류,0.44,0.878
서울특별시,성동구,시설유지보수,0.44,0.7222
서울특별시,성동구,차량/운송,0.44,0.7222
서울특별시,성동구,전문용역/컨설팅,0.44,0.7222
서울특별시,성동구,경비/보안,0.44,0.7222
서울특별시,성동구,건설/공사,0.44,0.7222
서울특별시,성동구,급수/전기/설비,0.44,0.7222
서울특별시,성동구,보험/금융,0.44,0.7222
서울특별시,성동구,청소/환경미화,0.44,0.7222
서울특별시,성동구,급식/식자재,0.445,0.6243
서울특별시,성동구,교육물품/교구,0.29,0.5259
서울특별시,성동구,의료/복지용품,0.27,0.3989
서울특별시,성동구,방역/소독,0.56,0.36
서울특별시,성동구,폐기물/환경,0.405,0.2203
서울특별시,성동구,조경/녹지관리,0.405,0.2203
서울특별시,성북구,IT장비/전산,0.44,0.878
서울특별시,성북구,인쇄/홍보물,0.44,0.878
서울특별시,성북구,행사/운영용역,0.44,0.878
서울특별시,성북구,사무용품/소모품,0.44,0.878
서울특별시,성북구,기타/미분류,0.44,0.878
서울특별시,성북구,시설유지보수,0.44,0.7222
서울특별시,성북구,차량/운송,0.44,0.7222
서울특별시,성북구,전문용역/컨설팅,0.44,0.7222
서울특별시,성북구,경비/보안,0.44,0.7222
서울특별시,성북구,건설/공사,0.44,0.7222
서울특별시,성북구,급수/전기/설비,0.44,0.7222
서울특별시,성북구,보험/금융,0.44,0.7222
서울특별시,성북구,청소/환경미화,0.44,0.7222
서울특별시,성북구,급식/식자재,0.445,0.6243
서울특별시,성북구,교육물품/교구,0.29,0.5259
서울특별시,성북구,의료/복지용품,0.27,0.3989
서울특별시,성북구,방역/소독,0.56,0.36
서울특별시,성북구,폐기물/환경,0.405,0.2203
서울특별시,성북구,조경/녹지관리,0.405,0.2203
서울특별시,송파구,IT장비/전산,0.44,0.878
서울특별시,송파구,인쇄/홍보물,0.44,0.878
서울특별시,송파구,행사/운영용역,0.44,0.878
서울특별시,송파구,사무용품/소모품,0.44,0.878
서울특별시,송파구,기타/미분류,0.44,0.878
서울특별시,송파구,시설유지보수,0.44,0.7222
서울특별시,송파구,차량/운송,0.44,0.7222
서울특별시,송파구,전문용역/컨설팅,0.44,0.7222
서울특별시,송파구,경비/보안,0.44,0.7222
서울특별시,송파구,건설/공사,0.44,0.7222
서울특별시,송파구,급수/전기/설비,0.44,0.7222
서울특별시,송파구,보험/금융,0.44,0.7222
서울특별시,송파구,청소/환경미화,0.44,0.7222
서울특별시,송파구,급식/식자재,0.445,0.6243
서울특별시,송파구,교육물품/교구,0.29,0.5259
서울특별시,송파구,의료/복지용품,0.27,0.3989
서울특별시,송파구,방역/소독,0.56,0.36
서울특별시,송파구,폐기물/환경,0.405,0.2203
서울특별시,송파구,조경/녹지관리,0.405,0.2203
서울특별시,양천구,IT장비/전산,0.44,0.878
서울특별시,양천구,인쇄/홍보물,0.44,0.878
서울특별시,양천구,행사/운영용역,0.44,0.878
서울특별시,양천구,사무용품/소모품,0.44,0.878
서울특별시,양천구,기타/미분류,0.44,0.878
서울특별시,양천구,시설유지보수,0.44,0.7222
서울특별시,양천구,차량/운송,0.44,0.7222
서울특별시,양천구,전문용역/컨설팅,0.44,0.7222
서울특별시,양천구,경비/보안,0.44,0.7222
서울특별시,양천구,건설/공사,0.44,0.7222
서울특별시,양천구,급수/전기/설비,0.44,0.7222
서울특별시,양천구,보험/금융,0.44,0.7222
서울특별시,양천구,청소/환경미화,0.44,0.7222
서울특별시,양천구,급식/식자재,0.445,0.6243
서울특별시,양천구,교육물품/교구,0.29,0.5259
서울특별시,양천구,의료/복지용품,0.27,0.3989
서울특별시,양천구,방역/소독,0.56,0.36
서울특별시,양천구,폐기물/환경,0.405,0.2203
서울특별시,양천구,조경/녹지관리,0.405,0.2203
서울특별시,영등포구,IT장비/전산,0.44,0.878
서울특별시,영등포구,인쇄/홍보물,0.44,0.878
서울특별시,영등포구,행사/운영용역,0.44,0.878
서울특별시,영등포구,사무용품/소모품,0.44,0.878
서울특별시,영등포구,기타/미분류,0.44,0.878
서울특별시,영등포구,시설유지보수,0.44,0.7222
서울특별시,영등포구,차량/운송,0.44,0.7222
서울특별시,영등포구,전문용역/컨설팅,0.44,0.7222
서울특별시,영등포구,경비/보안,0.44,0.7222
서울특별시,영등포구,건설/공사,0.44,0.7222
서울특별시,영등포구,급수/전기/설비,0.44,0.7222
서울특별시,영등포구,보험/금융,0.44,0.7222
서울특별시,영등포구,청소/환경미화,0.44,0.7222
서울특별시,영등포구,급식/식자재,0.445,0.6243
서울특별시,영등포구,교육물품/교구,0.29,0.5259
서울특별시,영등포구,의료/복지용품,0.27,0.3989
서울특별시,영등포구,방역/소독,0.56,0.36
서울특별시,영등포구,폐기물/환경,0.405,0.2203
서울특별시,영등포구,조경/녹지관리,0.405,0.2203
서울특별시,용산구,IT장비/전산,0.44,0.878
서울특별시,용산구,인쇄/홍보물,0.44,0.878
서울특별시,용산구,행사/운영용역,0.44,0.878
서울특별시,용산구,사무용품/소모품,0.44,0.878
서울특별시,용산구,기타/미분류,0.44,0.878
서울특별시,용산구,시설유지보수,0.44,0.7222
서울특별시,용산구,차량/운송,0.44,0.7222
서울특별시,용산구,전문용역/컨설팅,0.44,0.7222
서울특별시,용산구,경비/보안,0.44,0.7222
서울특별시,용산구,건설/공사,0.44,0.7222
서울특별시,용산구,급수/전기/설비,0.44,0.7222
서울특별시,용산구,보험/금융,0.44,0.7222
서울특별시,용산구,청소/환경미화,0.44,0.7222
서울특별시,용산구,급식/식자재,0.445,0.6243
서울특별시,용산구,교육물품/교구,0.29,0.5259
서울특별시,용산구,의료/복지용품,0.27,0.3989
서울특별시,용산구,방역/소독,0.56,0.36
서울특별시,용산구,폐기물/환경,0.405,0.2203
서울특별시,용산구,조경/녹지관리,0.405,0.2203
서울특별시,은평구,IT장비/전산,0.44,0.878
서울특별시,은평구,인쇄/홍보물,0.44,0.878
서울특별시,은평구,행사/운영용역,0.44,0.878
서울특별시,은평구,사무용품/소모품,0.44,0.878
서울특별시,은평구,기타/미분류,0.44,0.878
서울특별시,은평구,시설유지보수,0.44,0.7222
서울특별시,은평구,차량/운송,0.44,0.7222
서울특별시,은평구,전문용역/컨설팅,0.44,0.7222
서울특별시,은평구,경비/보안,0.44,0.7222
서울특별시,은평구,건설/공사,0.44,0.7222
서울특별시,은평구,급수/전기/설비,0.44,0.7222
서울특별시,은평구,보험/금융,0.44,0.7222
서울특별시,은평구,청소/환경미화,0.44,0.7222
서울특별시,은평구,급식/식자재,0.445,0.6243
서울특별시,은평구,교육물품/교구,0.29,0.5259
서울특별시,은평구,의료/복지용품,0.27,0.3989
서울특별시,은평구,방역/소독,0.56,0.36
서울특별시,은평구,폐기물/환경,0.405,0.2203
서울특별시,은평구,조경/녹지관리,0.405,0.2203
서울특별시,종로구,IT장비/전산,0.44,0.878
서울특별시,종로구,인쇄/홍보물,0.44,0.878
서울특별시,종로구,행사/운영용역,0.44,0.878
서울특별시,종로구,사무용품/소모품,0.44,0.878
서울특별시,종로구,기타/미분류,0.44,0.878
서울특별시,종로구,시설유지보수,0.44,0.7222
서울특별시,종로구,차량/운송,0.44,0.7222
서울특별시,종로구,전문용역/컨설팅,0.44,0.7222
서울특별시,종로구,경비/보안,0.44,0.7222
서울특별시,종로구,건설/공사,0.44,0.7222
서울특별시,종로구,급수/전기/설비,0.44,0.7222
서울특별시,종로구,보험/금융,0.44,0.7222
서울특별시,종로구,청소/환경미화,0.44,0.7222
서울특별시,종로구,급식/식자재,0.445,0.6243
서울특별시,종로구,교육물품/교구,0.29,0.5259
서울특별시,종로구,의료/복지용품,0.27,0.3989
서울특별시,종로구,방역/소독,0.56,0.36
서울특별시,종로구,폐기물/환경,0.405,0.2203
서울특별시,종로구,조경/녹지관리,0.405,0.2203
서울특별시,중구,IT장비/전산,0.44,0.878
서울특별시,중구,인쇄/홍보물,0.44,0.878
서울특별시,중구,행사/운영용역,0.44,0.878
서울특별시,중구,사무용품/소모품,0.44,0.878
서울특별시,중구,기타/미분류,0.44,0.878
서울특별시,중구,시설유지보수,0.44,0.7222
서울특별시,중구,차량/운송,0.44,0.7222
서울특별시,중구,전문용역/컨설팅,0.44,0.7222
서울특별시,중구,경비/보안,0.44,0.7222
서울특별시,중구,건설/공사,0.44,0.7222
서울특별시,중구,급수/전기/설비,0.44,0.7222
서울특별시,중구,보험/금융,0.44,0.7222
서울특별시,중구,청소/환경미화,0.44,0.7222
서울특별시,중구,급식/식자재,0.445,0.6243
서울특별시,중구,교육물품/교구,0.29,0.5259
서울특별시,중구,의료/복지용품,0.27,0.3989
서울특별시,중구,방역/소독,0.56,0.36
서울특별시,중구,폐기물/환경,0.405,0.2203
서울특별시,중구,조경/녹지관리,0.405,0.2203
서울특별시,중랑구,IT장비/전산,0.44,0.878
서울특별시,중랑구,인쇄/홍보물,0.44,0.878
서울특별시,중랑구,행사/운영용역,0.44,0.878
서울특별시,중랑구,사무용품/소모품,0.44,0.878
서울특별시,중랑구,기타/미분류,0.44,0.878
서울특별시,중랑구,시설유지보수,0.44,0.7222
서울특별시,중랑구,차량/운송,0.44,0.7222
서울특별시,중랑구,전문용역/컨설팅,0.44,0.7222
서울특별시,중랑구,경비/보안,0.44,0.7222
서울특별시,중랑구,건설/공사,0.44,0.7222
서울특별시,중랑구,급수/전기/설비,0.44,0.7222
서울특별시,중랑구,보험/금융,0.44,0.7222
서울특별시,중랑구,청소/환경미화,0.44,0.7222
서울특별시,중랑구,급식/식자재,0.445,0.6243
서울특별시,중랑구,교육물품/교구,0.29,0.5259
서울특별시,중랑구,의료/복지용품,0.27,0.3989
서울특별시,중랑구,방역/소독,0.56,0.36
서울특별시,중랑구,폐기물/환경,0.405,0.2203
서울특별시,중랑구,조경/녹지관리,0.405,0.2203
세종특별자치시,세종시,교육물품/교구,0.345,1.0
세종특별자치시,세종시,급식/식자재,0.51,1.0
세종특별자치시,세종시,IT장비/전산,0.455,1.0
세종특별자치시,세종시,시설유지보수,0.46,1.0
세종특별자치시,세종시,인쇄/홍보물,0.455,1.0
세종특별자치시,세종시,행사/운영용역,0.455,1.0
세종특별자치시,세종시,사무용품/소모품,0.455,1.0
세종특별자치시,세종시,차량/운송,0.46,1.0
세종특별자치시,세종시,전문용역/컨설팅,0.46,1.0
세종특별자치시,세종시,경비/보안,0.46,1.0
세종특별자치시,세종시,건설/공사,0.46,1.0
세종특별자치시,세종시,급수/전기/설비,0.46,1.0
세종특별자치시,세종시,보험/금융,0.46,1.0
세종특별자치시,세종시,청소/환경미화,0.46,1.0
세종특별자치시,세종시,기타/미분류,0.455,1.0
세종특별자치시,세종시,방역/소독,0.555,0.16
세종특별자치시,세종시,의료/복지용품,0.195,0.0
세종특별자치시,세종시,폐기물/환경,0.39,0.0
세종특별자치시,세종시,조경/녹지관리,0.39,0.0
울산광역시,남구,시설유지보수,0.448,0.8333
울산광역시,남구,차량/운송,0.448,0.8333
울산광역시,남구,전문용역/컨설팅,0.448,0.8333
울산광역시,남구,경비/보안,0.448,0.8333
울산광역시,남구,건설/공사,0.448,0.8333
울산광역시,남구,급수/전기/설비,0.448,0.8333
울산광역시,남구,보험/금융,0.448,0.8333
울산광역시,남구,청소/환경미화,0.448,0.8333
울산광역시,남구,방역/소독,0.568,0.68
울산광역시,남구,IT장비/전산,0.41,0.6341
울산광역시,남구,인쇄/홍보물,0.41,0.6341
울산광역시,남구,행사/운영용역,0.41,0.6341
울산광역시,남구,사무용품/소모품,0.41,0.6341
울산광역시,남구,기타/미분류,0.41,0.6341
울산광역시,남구,폐기물/환경,0.43,0.5874
울산광역시,남구,조경/녹지관리,0.43,0.5874
울산광역시,남구,급식/식자재,0.428,0.526
울산광역시,남구,교육물품/교구,0.29,0.5259
울산광역시,남구,의료/복지용품,0.262,0.3564
울산광역시,동구,시설유지보수,0.448,0.8333
울산광역시,동구,차량/운송,0.448,0.8333
울산광역시,동구,전문용역/컨설팅,0.448,0.8333
울산광역시,동구,경비/보안,0.448,0.8333
울산광역시,동구,건설/공사,0.448,0.8333
울산광역시,동구,급수/전기/설비,0.448,0.8333
울산광역시,동구,보험/금융,0.448,0.8333
울산광역시,동구,청소/환경미화,0.448,0.8333
울산광역시,동구,방역/소독,0.568,0.68
울산광역시,동구,IT장비/전산,0.41,0.6341
울산광역시,동구,인쇄/홍보물,0.41,0.6341
울산광역시,동구,행사/운영용역,0.41,0.6341
울산광역시,동구,사무용품/소모품,0.41,0.6341
울산광역시,동구,기타/미분류,0.41,0.6341
울산광역시,동구,폐기물/환경,0.43,0.5874
울산광역시,동구,조경/녹지관리,0.43,0.5874
울산광역시,동구,급식/식자재,0.428,0.526
울산광역시,동구,교육물품/교구,0.29,0.5259
울산광역시,동구,의료/복지용품,0.262,0.3564
울산광역시,북구,시설유지보수,0.448,0.8333
울산광역시,북구,차량/운송,0.448,0.8333
울산광역시,북구,전문용역/컨설팅,0.448,0.8333
울산광역시,북구,경비/보안,0.448,0.8333
울산광역시,북구,건설/공사,0.448,0.8333
울산광역시,북구,급수/전기/설비,0.448,0.8333
울산광역시,북구,보험/금융,0.448,0.8333
울산광역시,북구,청소/환경미화,0.448,0.8333
울산광역시,북구,방역/소독,0.568,0.68
울산광역시,북구,IT장비/전산,0.41,0.6341
울산광역시,북구,인쇄/홍보물,0.41,0.6341
울산광역시,북구,행사/운영용역,0.41,0.6341
울산광역시,북구,사무용품/소모품,0.41,0.6341
울산광역시,북구,기타/미분류,0.41,0.6341
울산광역시,북구,폐기물/환경,0.43,0.5874
울산광역시,북구,조경/녹지관리,0.43,0.5874
울산광역시,북구,급식/식자재,0.428,0.526
울산광역시,북구,교육물품/교구,0.29,0.5259
울산광역시,북구,의료/복지용품,0.262,0.3564
울산광역시,울주군,시설유지보수,0.448,0.8333
울산광역시,울주군,차량/운송,0.448,0.8333
울산광역시,울주군,전문용역/컨설팅,0.448,0.8333
울산광역시,울주군,경비/보안,0.448,0.8333
울산광역시,울주군,건설/공사,0.448,0.8333
울산광역시,울주군,급수/전기/설비,0.448,0.8333
울산광역시,울주군,보험/금융,0.448,0.8333
울산광역시,울주군,청소/환경미화,0.448,0.8333
울산광역시,울주군,방역/소독,0.568,0.68
울산광역시,울주군,IT장비/전산,0.41,0.6341
울산광역시,울주군,인쇄/홍보물,0.41,0.6341
울산광역시,울주군,행사/운영용역,0.41,0.6341
울산광역시,울주군,사무용품/소모품,0.41,0.6341
울산광역시,울주군,기타/미분류,0.41,0.6341
울산광역시,울주군,폐기물/환경,0.43,0.5874
울산광역시,울주군,조경/녹지관리,0.43,0.5874
울산광역시,울주군,급식/식자재,0.428,0.526
울산광역시,울주군,교육물품/교구,0.29,0.5259
울산광역시,울주군,의료/복지용품,0.262,0.3564
울산광역시,중구,시설유지보수,0.448,0.8333
울산광역시,중구,차량/운송,0.448,0.8333
울산광역시,중구,전문용역/컨설팅,0.448,0.8333
울산광역시,중구,경비/보안,0.448,0.8333
울산광역시,중구,건설/공사,0.448,0.8333
울산광역시,중구,급수/전기/설비,0.448,0.8333
울산광역시,중구,보험/금융,0.448,0.8333
울산광역시,중구,청소/환경미화,0.448,0.8333
울산광역시,중구,방역/소독,0.568,0.68
울산광역시,중구,IT장비/전산,0.41,0.6341
울산광역시,중구,인쇄/홍보물,0.41,0.6341
울산광역시,중구,행사/운영용역,0.41,0.6341
울산광역시,중구,사무용품/소모품,0.41,0.6341
울산광역시,중구,기타/미분류,0.41,0.6341
울산광역시,중구,폐기물/환경,0.43,0.5874
울산광역시,중구,조경/녹지관리,0.43,0.5874
울산광역시,중구,급식/식자재,0.428,0.526
울산광역시,중구,교육물품/교구,0.29,0.5259
울산광역시,중구,의료/복지용품,0.262,0.3564
인천광역시,강화군,IT장비/전산,0.428,0.7805
인천광역시,강화군,인쇄/홍보물,0.428,0.7805
인천광역시,강화군,행사/운영용역,0.428,0.7805
인천광역시,강화군,사무용품/소모품,0.428,0.7805
인천광역시,강화군,기타/미분류,0.428,0.7805
인천광역시,강화군,시설유지보수,0.441,0.7361
인천광역시,강화군,차량/운송,0.441,0.7361
인천광역시,강화군,전문용역/컨설팅,0.441,0.7361
인천광역시,강화군,경비/보안,0.441,0.7361
인천광역시,강화군,건설/공사,0.441,0.7361
인천광역시,강화군,급수/전기/설비,0.441,0.7361
인천광역시,강화군,보험/금융,0.441,0.7361
인천광역시,강화군,청소/환경미화,0.441,0.7361
인천광역시,강화군,급식/식자재,0.443,0.6127
인천광역시,강화군,교육물품/교구,0.298,0.5948
인천광역시,강화군,방역/소독,0.561,0.4
인천광역시,강화군,폐기물/환경,0.416,0.3818
인천광역시,강화군,조경/녹지관리,0.416,0.3818
인천광역시,강화군,의료/복지용품,0.261,0.3511
인천광역시,계양구,IT장비/전산,0.428,0.7805
인천광역시,계양구,인쇄/홍보물,0.428,0.7805
인천광역시,계양구,행사/운영용역,0.428,0.7805
인천광역시,계양구,사무용품/소모품,0.428,0.7805
인천광역시,계양구,기타/미분류,0.428,0.7805
인천광역시,계양구,시설유지보수,0.441,0.7361
인천광역시,계양구,차량/운송,0.441,0.7361
인천광역시,계양구,전문용역/컨설팅,0.441,0.7361
인천광역시,계양구,경비/보안,0.441,0.7361
인천광역시,계양구,건설/공사,0.441,0.7361
인천광역시,계양구,급수/전기/설비,0.441,0.7361
인천광역시,계양구,보험/금융,0.441,0.7361
인천광역시,계양구,청소/환경미화,0.441,0.7361
인천광역시,계양구,급식/식자재,0.443,0.6127
인천광역시,계양구,교육물품/교구,0.298,0.5948
인천광역시,계양구,방역/소독,0.561,0.4
인천광역시,계양구,폐기물/환경,0.416,0.3818
인천광역시,계양구,조경/녹지관리,0.416,0.3818
인천광역시,계양구,의료/복지용품,0.261,0.3511
인천광역시,남동구,IT장비/전산,0.428,0.7805
인천광역시,남동구,인쇄/홍보물,0.428,0.7805
인천광역시,남동구,행사/운영용역,0.428,0.7805
인천광역시,남동구,사무용품/소모품,0.428,0.7805
인천광역시,남동구,기타/미분류,0.428,0.7805
인천광역시,남동구,시설유지보수,0.441,0.7361
인천광역시,남동구,차량/운송,0.441,0.7361
인천광역시,남동구,전문용역/컨설팅,0.441,0.7361
인천광역시,남동구,경비/보안,0.441,0.7361
인천광역시,남동구,건설/공사,0.441,0.7361
인천광역시,남동구,급수/전기/설비,0.441,0.7361
인천광역시,남동구,보험/금융,0.441,0.7361
인천광역시,남동구,청소/환경미화,0.441,0.7361
인천광역시,남동구,급식/식자재,0.443,0.6127
인천광역시,남동구,교육물품/교구,0.298,0.5948
인천광역시,남동구,방역/소독,0.561,0.4
인천광역시,남동구,폐기물/환경,0.416,0.3818
인천광역시,남동구,조경/녹지관리,0.416,0.3818
인천광역시,남동구,의료/복지용품,0.261,0.3511
인천광역시,동구,IT장비/전산,0.428,0.7805
인천광역시,동구,인쇄/홍보물,0.428,0.7805
인천광역시,동구,행사/운영용역,0.428,0.7805
인천광역시,동구,사무용품/소모품,0.428,0.7805
인천광역시,동구,기타/미분류,0.428,0.7805
인천광역시,동구,시설유지보수,0.441,0.7361
인천광역시,동구,차량/운송,0.441,0.7361
인천광역시,동구,전문용역/컨설팅,0.441,0.7361
인천광역시,동구,경비/보안,0.441,0.7361
인천광역시,동구,건설/공사,0.441,0.7361
인천광역시,동구,급수/전기/설비,0.441,0.7361
인천광역시,동구,보험/금융,0.441,0.7361
인천광역시,동구,청소/환경미화,0.441,0.7361
인천광역시,동구,급식/식자재,0.443,0.6127
인천광역시,동구,교육물품/교구,0.298,0.5948
인천광역시,동구,방역/소독,0.561,0.4
인천광역시,동구,폐기물/환경,0.416,0.3818
인천광역시,동구,조경/녹지관리,0.416,0.3818
인천광역시,동구,의료/복지용품,0.261,0.3511
인천광역시,미추홀구,IT장비/전산,0.428,0.7805
인천광역시,미추홀구,인쇄/홍보물,0.428,0.7805
인천광역시,미추홀구,행사/운영용역,0.428,0.7805
인천광역시,미추홀구,사무용품/소모품,0.428,0.7805
인천광역시,미추홀구,기타/미분류,0.428,0.7805
인천광역시,미추홀구,시설유지보수,0.441,0.7361
인천광역시,미추홀구,차량/운송,0.441,0.7361
인천광역시,미추홀구,전문용역/컨설팅,0.441,0.7361
인천광역시,미추홀구,경비/보안,0.441,0.7361
인천광역시,미추홀구,건설/공사,0.441,0.7361
인천광역시,미추홀구,급수/전기/설비,0.441,0.7361
인천광역시,미추홀구,보험/금융,0.441,0.7361
인천광역시,미추홀구,청소/환경미화,0.441,0.7361
인천광역시,미추홀구,급식/식자재,0.443,0.6127
인천광역시,미추홀구,교육물품/교구,0.298,0.5948
인천광역시,미추홀구,방역/소독,0.561,0.4
인천광역시,미추홀구,폐기물/환경,0.416,0.3818
인천광역시,미추홀구,조경/녹지관리,0.416,0.3818
인천광역시,미추홀구,의료/복지용품,0.261,0.3511
인천광역시,부평구,IT장비/전산,0.428,0.7805
인천광역시,부평구,인쇄/홍보물,0.428,0.7805
인천광역시,부평구,행사/운영용역,0.428,0.7805
인천광역시,부평구,사무용품/소모품,0.428,0.7805
인천광역시,부평구,기타/미분류,0.428,0.7805
인천광역시,부평구,시설유지보수,0.441,0.7361
인천광역시,부평구,차량/운송,0.441,0.7361
인천광역시,부평구,전문용역/컨설팅,0.441,0.7361
인천광역시,부평구,경비/보안,0.441,0.7361
인천광역시,부평구,건설/공사,0.441,0.7361
인천광역시,부평구,급수/전기/설비,0.441,0.7361
인천광역시,부평구,보험/금융,0.441,0.7361
인천광역시,부평구,청소/환경미화,0.441,0.7361
인천광역시,부평구,급식/식자재,0.443,0.6127
인천광역시,부평구,교육물품/교구,0.298,0.5948
인천광역시,부평구,방역/소독,0.561,0.4
인천광역시,부평구,폐기물/환경,0.416,0.3818
인천광역시,부평구,조경/녹지관리,0.416,0.3818
인천광역시,부평구,의료/복지용품,0.261,0.3511
인천광역시,서구,IT장비/전산,0.428,0.7805
인천광역시,서구,인쇄/홍보물,0.428,0.7805
인천광역시,서구,행사/운영용역,0.428,0.7805
인천광역시,서구,사무용품/소모품,0.428,0.7805
인천광역시,서구,기타/미분류,0.428,0.7805
인천광역시,서구,시설유지보수,0.441,0.7361
인천광역시,서구,차량/운송,0.441,0.7361
인천광역시,서구,전문용역/컨설팅,0.441,0.7361
인천광역시,서구,경비/보안,0.441,0.7361
인천광역시,서구,건설/공사,0.441,0.7361
인천광역시,서구,급수/전기/설비,0.441,0.7361
인천광역시,서구,보험/금융,0.441,0.7361
인천광역시,서구,청소/환경미화,0.441,0.7361
인천광역시,서구,급식/식자재,0.443,0.6127
인천광역시,서구,교육물품/교구,0.298,0.5948
인천광역시,서구,방역/소독,0.561,0.4
인천광역시,서구,폐기물/환경,0.416,0.3818
인천광역시,서구,조경/녹지관리,0.416,0.3818
인천광역시,서구,의료/복지용품,0.261,0.3511
인천광역시,연수구,IT장비/전산,0.428,0.7805
인천광역시,연수구,인쇄/홍보물,0.428,0.7805
인천광역시,연수구,행사/운영용역,0.428,0.7805
인천광역시,연수구,사무용품/소모품,0.428,0.7805
인천광역시,연수구,기타/미분류,0.428,0.7805
인천광역시,연수구,시설유지보수,0.441,0.7361
인천광역시,연수구,차량/운송,0.441,0.7361
인천광역시,연수구,전문용역/컨설팅,0.441,0.7361
인천광역시,연수구,경비/보안,0.441,0.7361
인천광역시,연수구,건설/공사,0.441,0.7361
인천광역시,연수구,급수/전기/설비,0.441,0.7361
인천광역시,연수구,보험/금융,0.441,0.7361
인천광역시,연수구,청소/환경미화,0.441,0.7361
인천광역시,연수구,급식/식자재,0.443,0.6127
인천광역시,연수구,교육물품/교구,0.298,0.5948
인천광역시,연수구,방역/소독,0.561,0.4
인천광역시,연수구,폐기물/환경,0.416,0.3818
인천광역시,연수구,조경/녹지관리,0.416,0.3818
인천광역시,연수구,의료/복지용품,0.261,0.3511
인천광역시,옹진군,IT장비/전산,0.428,0.7805
인천광역시,옹진군,인쇄/홍보물,0.428,0.7805
인천광역시,옹진군,행사/운영용역,0.428,0.7805
인천광역시,옹진군,사무용품/소모품,0.428,0.7805
인천광역시,옹진군,기타/미분류,0.428,0.7805
인천광역시,옹진군,시설유지보수,0.441,0.7361
인천광역시,옹진군,차량/운송,0.441,0.7361
인천광역시,옹진군,전문용역/컨설팅,0.441,0.7361
인천광역시,옹진군,경비/보안,0.441,0.7361
인천광역시,옹진군,건설/공사,0.441,0.7361
인천광역시,옹진군,급수/전기/설비,0.441,0.7361
인천광역시,옹진군,보험/금융,0.441,0.7361
인천광역시,옹진군,청소/환경미화,0.441,0.7361
인천광역시,옹진군,급식/식자재,0.443,0.6127
인천광역시,옹진군,교육물품/교구,0.298,0.5948
인천광역시,옹진군,방역/소독,0.561,0.4
인천광역시,옹진군,폐기물/환경,0.416,0.3818
인천광역시,옹진군,조경/녹지관리,0.416,0.3818
인천광역시,옹진군,의료/복지용품,0.261,0.3511
인천광역시,중구,IT장비/전산,0.428,0.7805
인천광역시,중구,인쇄/홍보물,0.428,0.7805
인천광역시,중구,행사/운영용역,0.428,0.7805
인천광역시,중구,사무용품/소모품,0.428,0.7805
인천광역시,중구,기타/미분류,0.428,0.7805
인천광역시,중구,시설유지보수,0.441,0.7361
인천광역시,중구,차량/운송,0.441,0.7361
인천광역시,중구,전문용역/컨설팅,0.441,0.7361
인천광역시,중구,경비/보안,0.441,0.7361
인천광역시,중구,건설/공사,0.441,0.7361
인천광역시,중구,급수/전기/설비,0.441,0.7361
인천광역시,중구,보험/금융,0.441,0.7361
인천광역시,중구,청소/환경미화,0.441,0.7361
인천광역시,중구,급식/식자재,0.443,0.6127
인천광역시,중구,교육물품/교구,0.298,0.5948
인천광역시,중구,방역/소독,0.561,0.4
인천광역시,중구,폐기물/환경,0.416,0.3818
인천광역시,중구,조경/녹지관리,0.416,0.3818
인천광역시,중구,의료/복지용품,0.261,0.3511
전라남도,강진군,의료/복지용품,0.383,1.0
전라남도,강진군,폐기물/환경,0.455,0.9545
전라남도,강진군,조경/녹지관리,0.455,0.9545
전라남도,강진군,방역/소독,0.563,0.48
전라남도,강진군,교육물품/교구,0.229,0.0
전라남도,강진군,급식/식자재,0.337,0.0
전라남도,강진군,IT장비/전산,0.332,0.0
전라남도,강진군,시설유지보수,0.388,0.0
전라남도,강진군,인쇄/홍보물,0.332,0.0
전라남도,강진군,행사/운영용역,0.332,0.0
전라남도,강진군,사무용품/소모품,0.332,0.0
전라남도,강진군,차량/운송,0.388,0.0
전라남도,강진군,전문용역/컨설팅,0.388,0.0
전라남도,강진군,경비/보안,0.388,0.0
전라남도,강진군,건설/공사,0.388,0.0
전라남도,강진군,급수/전기/설비,0.388,0.0
전라남도,강진군,보험/금융,0.388,0.0
전라남도,강진군,청소/환경미화,0.388,0.0
전라남도,강진군,기타/미분류,0.332,0.0
전라남도,고흥군,의료/복지용품,0.383,1.0
전라남도,고흥군,폐기물/환경,0.455,0.9545
전라남도,고흥군,조경/녹지관리,0.455,0.9545
전라남도,고흥군,방역/소독,0.563,0.48
전라남도,고흥군,교육물품/교구,0.229,0.0
전라남도,고흥군,급식/식자재,0.337,0.0
전라남도,고흥군,IT장비/전산,0.332,0.0
전라남도,고흥군,시설유지보수,0.388,0.0
전라남도,고흥군,인쇄/홍보물,0.332,0.0
전라남도,고흥군,행사/운영용역,0.332,0.0
전라남도,고흥군,사무용품/소모품,0.332,0.0
전라남도,고흥군,차량/운송,0.388,0.0
전라남도,고흥군,전문용역/컨설팅,0.388,0.0
전라남도,고흥군,경비/보안,0.388,0.0
전라남도,고흥군,건설/공사,0.388,0.0
전라남도,고흥군,급수/전기/설비,0.388,0.0
전라남도,고흥군,보험/금융,0.388,0.0
전라남도,고흥군,청소/환경미화,0.388,0.0
전라남도,고흥군,기타/미분류,0.332,0.0
전라남도,곡성군,의료/복지용품,0.383,1.0
전라남도,곡성군,폐기물/환경,0.455,0.9545
전라남도,곡성군,조경/녹지관리,0.455,0.9545
전라남도,곡성군,방역/소독,0.563,0.48
전라남도,곡성군,교육물품/교구,0.229,0.0
전라남도,곡성군,급식/식자재,0.337,0.0
전라남도,곡성군,IT장비/전산,0.332,0.0
전라남도,곡성군,시설유지보수,0.388,0.0
전라남도,곡성군,인쇄/홍보물,0.332,0.0
전라남도,곡성군,행사/운영용역,0.332,0.0
전라남도,곡성군,사무용품/소모품,0.332,0.0
전라남도,곡성군,차량/운송,0.388,0.0
전라남도,곡성군,전문용역/컨설팅,0.388,0.0
전라남도,곡성군,경비/보안,0.388,0.0
전라남도,곡성군,건설/공사,0.388,0.0
전라남도,곡성군,급수/전기/설비,0.388,0.0
전라남도,곡성군,보험/금융,0.388,0.0
전라남도,곡성군,청소/환경미화,0.388,0.0
전라남도,곡성군,기타/미분류,0.332,0.0
전라남도,광양시,의료/복지용품,0.383,1.0
전라남도,광양시,폐기물/환경,0.455,0.9545
전라남도,광양시,조경/녹지관리,0.455,0.9545
전라남도,광양시,방역/소독,0.563,0.48
전라남도,광양시,교육물품/교구,0.229,0.0
전라남도,광양시,급식/식자재,0.337,0.0
전라남도,광양시,IT장비/전산,0.332,0.0
전라남도,광양시,시설유지보수,0.388,0.0
전라남도,광양시,인쇄/홍보물,0.332,0.0
전라남도,광양시,행사/운영용역,0.332,0.0
전라남도,광양시,사무용품/소모품,0.332,0.0
전라남도,광양시,차량/운송,0.388,0.0
전라남도,광양시,전문용역/컨설팅,0.388,0.0
전라남도,광양시,경비/보안,0.388,0.0
전라남도,광양시,건설/공사,0.388,0.0
전라남도,광양시,급수/전기/설비,0.388,0.0
전라남도,광양시,보험/금융,0.388,0.0
전라남도,광양시,청소/환경미화,0.388,0.0
전라남도,광양시,기타/미분류,0.332,0.0
전라남도,구례군,의료/복지용품,0.383,1.0
전라남도,구례군,폐기물/환경,0.455,0.9545
전라남도,구례군,조경/녹지관리,0.455,0.9545
전라남도,구례군,방역/소독,0.563,0.48
전라남도,구례군,교육물품/교구,0.229,0.0
전라남도,구례군,급식/식자재,0.337,0.0
전라남도,구례군,IT장비/전산,0.332,0.0
전라남도,구례군,시설유지보수,0.388,0.0
전라남도,구례군,인쇄/홍보물,0.332,0.0
전라남도,구례군,행사/운영용역,0.332,0.0
전라남도,구례군,사무용품/소모품,0.332,0.0
전라남도,구례군,차량/운송,0.388,0.0
전라남도,구례군,전문용역/컨설팅,0.388,0.0
전라남도,구례군,경비/보안,0.388,0.0
전라남도,구례군,건설/공사,0.388,0.0
전라남도,구례군,급수/전기/설비,0.388,0.0
전라남도,구례군,보험/금융,0.388,0.0
전라남도,구례군,청소/환경미화,0.388,0.0
전라남도,구례군,기타/미분류,0.332,0.0
전라남도,나주시,의료/복지용품,0.383,1.0
전라남도,나주시,폐기물/환경,0.455,0.9545
전라남도,나주시,조경/녹지관리,0.455,0.9545
전라남도,나주시,방역/소독,0.563,0.48
전라남도,나주시,교육물품/교구,0.229,0.0
전라남도,나주시,급식/식자재,0.337,0.0
전라남도,나주시,IT장비/전산,0.332,0.0
전라남도,나주시,시설유지보수,0.388,0.0
전라남도,나주시,인쇄/홍보물,0.332,0.0
전라남도,나주시,행사/운영용역,0.332,0.0
전라남도,나주시,사무용품/소모품,0.332,0.0
전라남도,나주시,차량/운송,0.388,0.0
전라남도,나주시,전문용역/컨설팅,0.388,0.0
전라남도,나주시,경비/보안,0.388,0.0
전라남도,나주시,건설/공사,0.388,0.0
전라남도,나주시,급수/전기/설비,0.388,0.0
전라남도,나주시,보험/금융,0.388,0.0
전라남도,나주시,청소/환경미화,0.388,0.0
전라남도,나주시,기타/미분류,0.332,0.0
전라남도,담양군,의료/복지용품,0.383,1.0
전라남도,담양군,폐기물/환경,0.455,0.9545
전라남도,담양군,조경/녹지관리,0.455,0.9545
전라남도,담양군,방역/소독,0.563,0.48
전라남도,담양군,교육물품/교구,0.229,0.0
전라남도,담양군,급식/식자재,0.337,0.0
전라남도,담양군,IT장비/전산,0.332,0.0
전라남도,담양군,시설유지보수,0.388,0.0
전라남도,담양군,인쇄/홍보물,0.332,0.0
전라남도,담양군,행사/운영용역,0.332,0.0
전라남도,담양군,사무용품/소모품,0.332,0.0
전라남도,담양군,차량/운송,0.388,0.0
전라남도,담양군,전문용역/컨설팅,0.388,0.0
전라남도,담양군,경비/보안,0.388,0.0
전라남도,담양군,건설/공사,0.388,0.0
전라남도,담양군,급수/전기/설비,0.388,0.0
전라남도,담양군,보험/금융,0.388,0.0
전라남도,담양군,청소/환경미화,0.388,0.0
전라남도,담양군,기타/미분류,0.332,0.0
전라남도,목포시,의료/복지용품,0.383,1.0
전라남도,목포시,폐기물/환경,0.455,0.9545
전라남도,목포시,조경/녹지관리,0.455,0.9545
전라남도,목포시,방역/소독,0.563,0.48
전라남도,목포시,교육물품/교구,0.229,0.0
전라남도,목포시,급식/식자재,0.337,0.0
전라남도,목포시,IT장비/전산,0.332,0.0
전라남도,목포시,시설유지보수,0.388,0.0
전라남도,목포시,인쇄/홍보물,0.332,0.0
전라남도,목포시,행사/운영용역,0.332,0.0
전라남도,목포시,사무용품/소모품,0.332,0.0
전라남도,목포시,차량/운송,0.388,0.0
전라남도,목포시,전문용역/컨설팅,0.388,0.0
전라남도,목포시,경비/보안,0.388,0.0
전라남도,목포시,건설/공사,0.388,0.0
전라남도,목포시,급수/전기/설비,0.388,0.0
전라남도,목포시,보험/금융,0.388,0.0
전라남도,목포시,청소/환경미화,0.388,0.0
전라남도,목포시,기타/미분류,0.332,0.0
전라남도,무안군,의료/복지용품,0.383,1.0
전라남도,무안군,폐기물/환경,0.455,0.9545
전라남도,무안군,조경/녹지관리,0.455,0.9545
전라남도,무안군,방역/소독,0.563,0.48
전라남도,무안군,교육물품/교구,0.229,0.0
전라남도,무안군,급식/식자재,0.337,0.0
전라남도,무안군,IT장비/전산,0.332,0.0
전라남도,무안군,시설유지보수,0.388,0.0
전라남도,무안군,인쇄/홍보물,0.332,0.0
전라남도,무안군,행사/운영용역,0.332,0.0
전라남도,무안군,사무용품/소모품,0.332,0.0
전라남도,무안군,차량/운송,0.388,0.0
전라남도,무안군,전문용역/컨설팅,0.388,0.0
전라남도,무안군,경비/보안,0.388,0.0
전라남도,무안군,건설/공사,0.388,0.0
전라남도,무안군,급수/전기/설비,0.388,0.0
전라남도,무안군,보험/금융,0.388,0.0
전라남도,무안군,청소/환경미화,0.388,0.0
전라남도,무안군,기타/미분류,0.332,0.0
전라남도,보성군,의료/복지용품,0.383,1.0
전라남도,보성군,폐기물/환경,0.455,0.9545
전라남도,보성군,조경/녹지관리,0.455,0.9545
전라남도,보성군,방역/소독,0.563,0.48
전라남도,보성군,교육물품/교구,0.229,0.0
전라남도,보성군,급식/식자재,0.337,0.0
전라남도,보성군,IT장비/전산,0.332,0.0
전라남도,보성군,시설유지보수,0.388,0.0
전라남도,보성군,인쇄/홍보물,0.332,0.0
전라남도,보성군,행사/운영용역,0.332,0.0
전라남도,보성군,사무용품/소모품,0.332,0.0
전라남도,보성군,차량/운송,0.388,0.0
전라남도,보성군,전문용역/컨설팅,0.388,0.0
전라남도,보성군,경비/보안,0.388,0.0
전라남도,보성군,건설/공사,0.388,0.0
전라남도,보성군,급수/전기/설비,0.388,0.0
전라남도,보성군,보험/금융,0.388,0.0
전라남도,보성군,청소/환경미화,0.388,0.0
전라남도,보성군,기타/미분류,0.332,0.0
전라남도,순천시,의료/복지용품,0.383,1.0
전라남도,순천시,폐기물/환경,0.455,0.9545
전라남도,순천시,조경/녹지관리,0.455,0.9545
전라남도,순천시,방역/소독,0.563,0.48
전라남도,순천시,교육물품/교구,0.229,0.0
전라남도,순천시,급식/식자재,0.337,0.0
전라남도,순천시,IT장비/전산,0.332,0.0
전라남도,순천시,시설유지보수,0.388,0.0
전라남도,순천시,인쇄/홍보물,0.332,0.0
전라남도,순천시,행사/운영용역,0.332,0.0
전라남도,순천시,사무용품/소모품,0.332,0.0
전라남도,순천시,차량/운송,0.388,0.0
전라남도,순천시,전문용역/컨설팅,0.388,0.0
전라남도,순천시,경비/보안,0.388,0.0
전라남도,순천시,건설/공사,0.388,0.0
전라남도,순천시,급수/전기/설비,0.388,0.0
전라남도,순천시,보험/금융,0.388,0.0
전라남도,순천시,청소/환경미화,0.388,0.0
전라남도,순천시,기타/미분류,0.332,0.0
전라남도,신안군,의료/복지용품,0.383,1.0
전라남도,신안군,폐기물/환경,0.455,0.9545
전라남도,신안군,조경/녹지관리,0.455,0.9545
전라남도,신안군,방역/소독,0.563,0.48
전라남도,신안군,교육물품/교구,0.229,0.0
전라남도,신안군,급식/식자재,0.337,0.0
전라남도,신안군,IT장비/전산,0.332,0.0
전라남도,신안군,시설유지보수,0.388,0.0
전라남도,신안군,인쇄/홍보물,0.332,0.0
전라남도,신안군,행사/운영용역,0.332,0.0
전라남도,신안군,사무용품/소모품,0.332,0.0
전라남도,신안군,차량/운송,0.388,0.0
전라남도,신안군,전문용역/컨설팅,0.388,0.0
전라남도,신안군,경비/보안,0.388,0.0
전라남도,신안군,건설/공사,0.388,0.0
전라남도,신안군,급수/전기/설비,0.388,0.0
전라남도,신안군,보험/금융,0.388,0.0
전라남도,신안군,청소/환경미화,0.388,0.0
전라남도,신안군,기타/미분류,0.332,0.0
전라남도,여수시,의료/복지용품,0.383,1.0
전라남도,여수시,폐기물/환경,0.455,0.9545
전라남도,여수시,조경/녹지관리,0.455,0.9545
전라남도,여수시,방역/소독,0.563,0.48
전라남도,여수시,교육물품/교구,0.229,0.0
전라남도,여수시,급식/식자재,0.337,0.0
전라남도,여수시,IT장비/전산,0.332,0.0
전라남도,여수시,시설유지보수,0.388,0.0
전라남도,여수시,인쇄/홍보물,0.332,0.0
전라남도,여수시,행사/운영용역,0.332,0.0
전라남도,여수시,사무용품/소모품,0.332,0.0
전라남도,여수시,차량/운송,0.388,0.0
전라남도,여수시,전문용역/컨설팅,0.388,0.0
전라남도,여수시,경비/보안,0.388,0.0
전라남도,여수시,건설/공사,0.388,0.0
전라남도,여수시,급수/전기/설비,0.388,0.0
전라남도,여수시,보험/금융,0.388,0.0
전라남도,여수시,청소/환경미화,0.388,0.0
전라남도,여수시,기타/미분류,0.332,0.0
전라남도,영광군,의료/복지용품,0.383,1.0
전라남도,영광군,폐기물/환경,0.455,0.9545
전라남도,영광군,조경/녹지관리,0.455,0.9545
전라남도,영광군,방역/소독,0.563,0.48
전라남도,영광군,교육물품/교구,0.229,0.0
전라남도,영광군,급식/식자재,0.337,0.0
전라남도,영광군,IT장비/전산,0.332,0.0
전라남도,영광군,시설유지보수,0.388,0.0
전라남도,영광군,인쇄/홍보물,0.332,0.0
전라남도,영광군,행사/운영용역,0.332,0.0
전라남도,영광군,사무용품/소모품,0.332,0.0
전라남도,영광군,차량/운송,0.388,0.0
전라남도,영광군,전문용역/컨설팅,0.388,0.0
전라남도,영광군,경비/보안,0.388,0.0
전라남도,영광군,건설/공사,0.388,0.0
전라남도,영광군,급수/전기/설비,0.388,0.0
전라남도,영광군,보험/금융,0.388,0.0
전라남도,영광군,청소/환경미화,0.388,0.0
전라남도,영광군,기타/미분류,0.332,0.0
전라남도,영암군,의료/복지용품,0.383,1.0
전라남도,영암군,폐기물/환경,0.455,0.9545
전라남도,영암군,조경/녹지관리,0.455,0.9545
전라남도,영암군,방역/소독,0.563,0.48
전라남도,영암군,교육물품/교구,0.229,0.0
전라남도,영암군,급식/식자재,0.337,0.0
전라남도,영암군,IT장비/전산,0.332,0.0
전라남도,영암군,시설유지보수,0.388,0.0
전라남도,영암군,인쇄/홍보물,0.332,0.0
전라남도,영암군,행사/운영용역,0.332,0.0
전라남도,영암군,사무용품/소모품,0.332,0.0
전라남도,영암군,차량/운송,0.388,0.0
전라남도,영암군,전문용역/컨설팅,0.388,0.0
전라남도,영암군,경비/보안,0.388,0.0
전라남도,영암군,건설/공사,0.388,0.0
전라남도,영암군,급수/전기/설비,0.388,0.0
전라남도,영암군,보험/금융,0.388,0.0
전라남도,영암군,청소/환경미화,0.388,0.0
전라남도,영암군,기타/미분류,0.332,0.0
전라남도,완도군,의료/복지용품,0.383,1.0
전라남도,완도군,폐기물/환경,0.455,0.9545
전라남도,완도군,조경/녹지관리,0.455,0.9545
전라남도,완도군,방역/소독,0.563,0.48
전라남도,완도군,교육물품/교구,0.229,0.0
전라남도,완도군,급식/식자재,0.337,0.0
전라남도,완도군,IT장비/전산,0.332,0.0
전라남도,완도군,시설유지보수,0.388,0.0
전라남도,완도군,인쇄/홍보물,0.332,0.0
전라남도,완도군,행사/운영용역,0.332,0.0
전라남도,완도군,사무용품/소모품,0.332,0.0
전라남도,완도군,차량/운송,0.388,0.0
전라남도,완도군,전문용역/컨설팅,0.388,0.0
전라남도,완도군,경비/보안,0.388,0.0
전라남도,완도군,건설/공사,0.388,0.0
전라남도,완도군,급수/전기/설비,0.388,0.0
전라남도,완도군,보험/금융,0.388,0.0
전라남도,완도군,청소/환경미화,0.388,0.0
전라남도,완도군,기타/미분류,0.332,0.0
전라남도,장성군,의료/복지용품,0.383,1.0
전라남도,장성군,폐기물/환경,0.455,0.9545
전라남도,장성군,조경/녹지관리,0.455,0.9545
전라남도,장성군,방역/소독,0.563,0.48
전라남도,장성군,교육물품/교구,0.229,0.0
전라남도,장성군,급식/식자재,0.337,0.0
전라남도,장성군,IT장비/전산,0.332,0.0
전라남도,장성군,시설유지보수,0.388,0.0
전라남도,장성군,인쇄/홍보물,0.332,0.0
전라남도,장성군,행사/운영용역,0.332,0.0
전라남도,장성군,사무용품/소모품,0.332,0.0
전라남도,장성군,차량/운송,0.388,0.0
전라남도,장성군,전문용역/컨설팅,0.388,0.0
전라남도,장성군,경비/보안,0.388,0.0
전라남도,장성군,건설/공사,0.388,0.0
전라남도,장성군,급수/전기/설비,0.388,0.0
전라남도,장성군,보험/금융,0.388,0.0
전라남도,장성군,청소/환경미화,0.388,0.0
전라남도,장성군,기타/미분류,0.332,0.0
전라남도,장흥군,의료/복지용품,0.383,1.0
전라남도,장흥군,폐기물/환경,0.455,0.9545
전라남도,장흥군,조경/녹지관리,0.455,0.9545
전라남도,장흥군,방역/소독,0.563,0.48
전라남도,장흥군,교육물품/교구,0.229,0.0
전라남도,장흥군,급식/식자재,0.337,0.0
전라남도,장흥군,IT장비/전산,0.332,0.0
전라남도,장흥군,시설유지보수,0.388,0.0
전라남도,장흥군,인쇄/홍보물,0.332,0.0
전라남도,장흥군,행사/운영용역,0.332,0.0
전라남도,장흥군,사무용품/소모품,0.332,0.0
전라남도,장흥군,차량/운송,0.388,0.0
전라남도,장흥군,전문용역/컨설팅,0.388,0.0
전라남도,장흥군,경비/보안,0.388,0.0
전라남도,장흥군,건설/공사,0.388,0.0
전라남도,장흥군,급수/전기/설비,0.388,0.0
전라남도,장흥군,보험/금융,0.388,0.0
전라남도,장흥군,청소/환경미화,0.388,0.0
전라남도,장흥군,기타/미분류,0.332,0.0
전라남도,진도군,의료/복지용품,0.383,1.0
전라남도,진도군,폐기물/환경,0.455,0.9545
전라남도,진도군,조경/녹지관리,0.455,0.9545
전라남도,진도군,방역/소독,0.563,0.48
전라남도,진도군,교육물품/교구,0.229,0.0
전라남도,진도군,급식/식자재,0.337,0.0
전라남도,진도군,IT장비/전산,0.332,0.0
전라남도,진도군,시설유지보수,0.388,0.0
전라남도,진도군,인쇄/홍보물,0.332,0.0
전라남도,진도군,행사/운영용역,0.332,0.0
전라남도,진도군,사무용품/소모품,0.332,0.0
전라남도,진도군,차량/운송,0.388,0.0
전라남도,진도군,전문용역/컨설팅,0.388,0.0
전라남도,진도군,경비/보안,0.388,0.0
전라남도,진도군,건설/공사,0.388,0.0
전라남도,진도군,급수/전기/설비,0.388,0.0
전라남도,진도군,보험/금융,0.388,0.0
전라남도,진도군,청소/환경미화,0.388,0.0
전라남도,진도군,기타/미분류,0.332,0.0
전라남도,함평군,의료/복지용품,0.383,1.0
전라남도,함평군,폐기물/환경,0.455,0.9545
전라남도,함평군,조경/녹지관리,0.455,0.9545
전라남도,함평군,방역/소독,0.563,0.48
전라남도,함평군,교육물품/교구,0.229,0.0
전라남도,함평군,급식/식자재,0.337,0.0
전라남도,함평군,IT장비/전산,0.332,0.0
전라남도,함평군,시설유지보수,0.388,0.0
전라남도,함평군,인쇄/홍보물,0.332,0.0
전라남도,함평군,행사/운영용역,0.332,0.0
전라남도,함평군,사무용품/소모품,0.332,0.0
전라남도,함평군,차량/운송,0.388,0.0
전라남도,함평군,전문용역/컨설팅,0.388,0.0
전라남도,함평군,경비/보안,0.388,0.0
전라남도,함평군,건설/공사,0.388,0.0
전라남도,함평군,급수/전기/설비,0.388,0.0
전라남도,함평군,보험/금융,0.388,0.0
전라남도,함평군,청소/환경미화,0.388,0.0
전라남도,함평군,기타/미분류,0.332,0.0
전라남도,해남군,의료/복지용품,0.383,1.0
전라남도,해남군,폐기물/환경,0.455,0.9545
전라남도,해남군,조경/녹지관리,0.455,0.9545
전라남도,해남군,방역/소독,0.563,0.48
전라남도,해남군,교육물품/교구,0.229,0.0
전라남도,해남군,급식/식자재,0.337,0.0
전라남도,해남군,IT장비/전산,0.332,0.0
전라남도,해남군,시설유지보수,0.388,0.0
전라남도,해남군,인쇄/홍보물,0.332,0.0
전라남도,해남군,행사/운영용역,0.332,0.0
전라남도,해남군,사무용품/소모품,0.332,0.0
전라남도,해남군,차량/운송,0.388,0.0
전라남도,해남군,전문용역/컨설팅,0.388,0.0
전라남도,해남군,경비/보안,0.388,0.0
전라남도,해남군,건설/공사,0.388,0.0
전라남도,해남군,급수/전기/설비,0.388,0.0
전라남도,해남군,보험/금융,0.388,0.0
전라남도,해남군,청소/환경미화,0.388,0.0
전라남도,해남군,기타/미분류,0.332,0.0
전라남도,화순군,의료/복지용품,0.383,1.0
전라남도,화순군,폐기물/환경,0.455,0.9545
전라남도,화순군,조경/녹지관리,0.455,0.9545
전라남도,화순군,방역/소독,0.563,0.48
전라남도,화순군,교육물품/교구,0.229,0.0
전라남도,화순군,급식/식자재,0.337,0.0
전라남도,화순군,IT장비/전산,0.332,0.0
전라남도,화순군,시설유지보수,0.388,0.0
전라남도,화순군,인쇄/홍보물,0.332,0.0
전라남도,화순군,행사/운영용역,0.332,0.0
전라남도,화순군,사무용품/소모품,0.332,0.0
전라남도,화순군,차량/운송,0.388,0.0
전라남도,화순군,전문용역/컨설팅,0.388,0.0
전라남도,화순군,경비/보안,0.388,0.0
전라남도,화순군,건설/공사,0.388,0.0
전라남도,화순군,급수/전기/설비,0.388,0.0
전라남도,화순군,보험/금융,0.388,0.0
전라남도,화순군,청소/환경미화,0.388,0.0
전라남도,화순군,기타/미분류,0.332,0.0
전라북도,고창군,폐기물/환경,0.452,0.9104
전라북도,고창군,조경/녹지관리,0.452,0.9104
전라북도,고창군,의료/복지용품,0.347,0.8085
전라북도,고창군,방역/소독,0.57,0.76
전라북도,고창군,시설유지보수,0.408,0.2778
전라북도,고창군,차량/운송,0.408,0.2778
전라북도,고창군,전문용역/컨설팅,0.408,0.2778
전라북도,고창군,경비/보안,0.408,0.2778
전라북도,고창군,건설/공사,0.408,0.2778
전라북도,고창군,급수/전기/설비,0.408,0.2778
전라북도,고창군,보험/금융,0.408,0.2778
전라북도,고창군,청소/환경미화,0.408,0.2778
전라북도,고창군,IT장비/전산,0.358,0.2114
전라북도,고창군,인쇄/홍보물,0.358,0.2114
전라북도,고창군,행사/운영용역,0.358,0.2114
전라북도,고창군,사무용품/소모품,0.358,0.2114
전라북도,고창군,기타/미분류,0.358,0.2114
전라북도,고창군,급식/식자재,0.363,0.1503
전라북도,고창군,교육물품/교구,0.245,0.1379
전라북도,군산시,폐기물/환경,0.452,0.9104
전라북도,군산시,조경/녹지관리,0.452,0.9104
전라북도,군산시,의료/복지용품,0.347,0.8085
전라북도,군산시,방역/소독,0.57,0.76
전라북도,군산시,시설유지보수,0.408,0.2778
전라북도,군산시,차량/운송,0.408,0.2778
전라북도,군산시,전문용역/컨설팅,0.408,0.2778
전라북도,군산시,경비/보안,0.408,0.2778
전라북도,군산시,건설/공사,0.408,0.2778
전라북도,군산시,급수/전기/설비,0.408,0.2778
전라북도,군산시,보험/금융,0.408,0.2778
전라북도,군산시,청소/환경미화,0.408,0.2778
전라북도,군산시,IT장비/전산,0.358,0.2114
전라북도,군산시,인쇄/홍보물,0.358,0.2114
전라북도,군산시,행사/운영용역,0.358,0.2114
전라북도,군산시,사무용품/소모품,0.358,0.2114
전라북도,군산시,기타/미분류,0.358,0.2114
전라북도,군산시,급식/식자재,0.363,0.1503
전라북도,군산시,교육물품/교구,0.245,0.1379
전라북도,김제시,폐기물/환경,0.452,0.9104
전라북도,김제시,조경/녹지관리,0.452,0.9104
전라북도,김제시,의료/복지용품,0.347,0.8085
전라북도,김제시,방역/소독,0.57,0.76
전라북도,김제시,시설유지보수,0.408,0.2778
전라북도,김제시,차량/운송,0.408,0.2778
전라북도,김제시,전문용역/컨설팅,0.408,0.2778
전라북도,김제시,경비/보안,0.408,0.2778
전라북도,김제시,건설/공사,0.408,0.2778
전라북도,김제시,급수/전기/설비,0.408,0.2778
전라북도,김제시,보험/금융,0.408,0.2778
전라북도,김제시,청소/환경미화,0.408,0.2778
전라북도,김제시,IT장비/전산,0.358,0.2114
전라북도,김제시,인쇄/홍보물,0.358,0.2114
전라북도,김제시,행사/운영용역,0.358,0.2114
전라북도,김제시,사무용품/소모품,0.358,0.2114
전라북도,김제시,기타/미분류,0.358,0.2114
전라북도,김제시,급식/식자재,0.363,0.1503
전라북도,김제시,교육물품/교구,0.245,0.1379
전라북도,남원시,폐기물/환경,0.452,0.9104
전라북도,남원시,조경/녹지관리,0.452,0.9104
전라북도,남원시,의료/복지용품,0.347,0.8085
전라북도,남원시,방역/소독,0.57,0.76
전라북도,남원시,시설유지보수,0.408,0.2778
전라북도,남원시,차량/운송,0.408,0.2778
전라북도,남원시,전문용역/컨설팅,0.408,0.2778
전라북도,남원시,경비/보안,0.408,0.2778
전라북도,남원시,건설/공사,0.408,0.2778
전라북도,남원시,급수/전기/설비,0.408,0.2778
전라북도,남원시,보험/금융,0.408,0.2778
전라북도,남원시,청소/환경미화,0.408,0.2778
전라북도,남원시,IT장비/전산,0.358,0.2114
전라북도,남원시,인쇄/홍보물,0.358,0.2114
전라북도,남원시,행사/운영용역,0.358,0.2114
전라북도,남원시,사무용품/소모품,0.358,0.2114
전라북도,남원시,기타/미분류,0.358,0.2114
전라북도,남원시,급식/식자재,0.363,0.1503
전라북도,남원시,교육물품/교구,0.245,0.1379
전라북도,무주군,폐기물/환경,0.452,0.9104
전라북도,무주군,조경/녹지관리,0.452,0.9104
전라북도,무주군,의료/복지용품,0.347,0.8085
전라북도,무주군,방역/소독,0.57,0.76
전라북도,무주군,시설유지보수,0.408,0.2778
전라북도,무주군,차량/운송,0.408,0.2778
전라북도,무주군,전문용역/컨설팅,0.408,0.2778
전라북도,무주군,경비/보안,0.408,0.2778
전라북도,무주군,건설/공사,0.408,0.2778
전라북도,무주군,급수/전기/설비,0.408,0.2778
전라북도,무주군,보험/금융,0.408,0.2778
전라북도,무주군,청소/환경미화,0.408,0.2778
전라북도,무주군,IT장비/전산,0.358,0.2114
전라북도,무주군,인쇄/홍보물,0.358,0.2114
전라북도,무주군,행사/운영용역,0.358,0.2114
전라북도,무주군,사무용품/소모품,0.358,0.2114
전라북도,무주군,기타/미분류,0.358,0.2114
전라북도,무주군,급식/식자재,0.363,0.1503
전라북도,무주군,교육물품/교구,0.245,0.1379
전라북도,부안군,폐기물/환경,0.452,0.9104
전라북도,부안군,조경/녹지관리,0.452,0.9104
전라북도,부안군,의료/복지용품,0.347,0.8085
전라북도,부안군,방역/소독,0.57,0.76
전라북도,부안군,시설유지보수,0.408,0.2778
전라북도,부안군,차량/운송,0.408,0.2778
전라북도,부안군,전문용역/컨설팅,0.408,0.2778
전라북도,부안군,경비/보안,0.408,0.2778
전라북도,부안군,건설/공사,0.408,0.2778
전라북도,부안군,급수/전기/설비,0.408,0.2778
전라북도,부안군,보험/금융,0.408,0.2778
전라북도,부안군,청소/환경미화,0.408,0.2778
전라북도,부안군,IT장비/전산,0.358,0.2114
전라북도,부안군,인쇄/홍보물,0.358,0.2114
전라북도,부안군,행사/운영용역,0.358,0.2114
전라북도,부안군,사무용품/소모품,0.358,0.2114
전라북도,부안군,기타/미분류,0.358,0.2114
전라북도,부안군,급식/식자재,0.363,0.1503
전라북도,부안군,교육물품/교구,0.245,0.1379
전라북도,순창군,폐기물/환경,0.452,0.9104
전라북도,순창군,조경/녹지관리,0.452,0.9104
전라북도,순창군,의료/복지용품,0.347,0.8085
전라북도,순창군,방역/소독,0.57,0.76
전라북도,순창군,시설유지보수,0.408,0.2778
전라북도,순창군,차량/운송,0.408,0.2778
전라북도,순창군,전문용역/컨설팅,0.408,0.2778
전라북도,순창군,경비/보안,0.408,0.2778
전라북도,순창군,건설/공사,0.408,0.2778
전라북도,순창군,급수/전기/설비,0.408,0.2778
전라북도,순창군,보험/금융,0.408,0.2778
전라북도,순창군,청소/환경미화,0.408,0.2778
전라북도,순창군,IT장비/전산,0.358,0.2114
전라북도,순창군,인쇄/홍보물,0.358,0.2114
전라북도,순창군,행사/운영용역,0.358,0.2114
전라북도,순창군,사무용품/소모품,0.358,0.2114
전라북도,순창군,기타/미분류,0.358,0.2114
전라북도,순창군,급식/식자재,0.363,0.1503
전라북도,순창군,교육물품/교구,0.245,0.1379
전라북도,완주군,폐기물/환경,0.452,0.9104
전라북도,완주군,조경/녹지관리,0.452,0.9104
전라북도,완주군,의료/복지용품,0.347,0.8085
전라북도,완주군,방역/소독,0.57,0.76
전라북도,완주군,시설유지보수,0.408,0.2778
전라북도,완주군,차량/운송,0.408,0.2778
전라북도,완주군,전문용역/컨설팅,0.408,0.2778
전라북도,완주군,경비/보안,0.408,0.2778
전라북도,완주군,건설/공사,0.408,0.2778
전라북도,완주군,급수/전기/설비,0.408,0.2778
전라북도,완주군,보험/금융,0.408,0.2778
전라북도,완주군,청소/환경미화,0.408,0.2778
전라북도,완주군,IT장비/전산,0.358,0.2114
전라북도,완주군,인쇄/홍보물,0.358,0.2114
전라북도,완주군,행사/운영용역,0.358,0.2114
전라북도,완주군,사무용품/소모품,0.358,0.2114
전라북도,완주군,기타/미분류,0.358,0.2114
전라북도,완주군,급식/식자재,0.363,0.1503
전라북도,완주군,교육물품/교구,0.245,0.1379
전라북도,익산시,폐기물/환경,0.452,0.9104
전라북도,익산시,조경/녹지관리,0.452,0.9104
전라북도,익산시,의료/복지용품,0.347,0.8085
전라북도,익산시,방역/소독,0.57,0.76
전라북도,익산시,시설유지보수,0.408,0.2778
전라북도,익산시,차량/운송,0.408,0.2778
전라북도,익산시,전문용역/컨설팅,0.408,0.2778
전라북도,익산시,경비/보안,0.408,0.2778
전라북도,익산시,건설/공사,0.408,0.2778
전라북도,익산시,급수/전기/설비,0.408,0.2778
전라북도,익산시,보험/금융,0.408,0.2778
전라북도,익산시,청소/환경미화,0.408,0.2778
전라북도,익산시,IT장비/전산,0.358,0.2114
전라북도,익산시,인쇄/홍보물,0.358,0.2114
전라북도,익산시,행사/운영용역,0.358,0.2114
전라북도,익산시,사무용품/소모품,0.358,0.2114
전라북도,익산시,기타/미분류,0.358,0.2114
전라북도,익산시,급식/식자재,0.363,0.1503
전라북도,익산시,교육물품/교구,0.245,0.1379
전라북도,임실군,폐기물/환경,0.452,0.9104
전라북도,임실군,조경/녹지관리,0.452,0.9104
전라북도,임실군,의료/복지용품,0.347,0.8085
전라북도,임실군,방역/소독,0.57,0.76
전라북도,임실군,시설유지보수,0.408,0.2778
전라북도,임실군,차량/운송,0.408,0.2778
전라북도,임실군,전문용역/컨설팅,0.408,0.2778
전라북도,임실군,경비/보안,0.408,0.2778
전라북도,임실군,건설/공사,0.408,0.2778
전라북도,임실군,급수/전기/설비,0.408,0.2778
전라북도,임실군,보험/금융,0.408,0.2778
전라북도,임실군,청소/환경미화,0.408,0.2778
전라북도,임실군,IT장비/전산,0.358,0.2114
전라북도,임실군,인쇄/홍보물,0.358,0.2114
전라북도,임실군,행사/운영용역,0.358,0.2114
전라북도,임실군,사무용품/소모품,0.358,0.2114
전라북도,임실군,기타/미분류,0.358,0.2114
전라북도,임실군,급식/식자재,0.363,0.1503
전라북도,임실군,교육물품/교구,0.245,0.1379
전라북도,장수군,폐기물/환경,0.452,0.9104
전라북도,장수군,조경/녹지관리,0.452,0.9104
전라북도,장수군,의료/복지용품,0.347,0.8085
전라북도,장수군,방역/소독,0.57,0.76
전라북도,장수군,시설유지보수,0.408,0.2778
전라북도,장수군,차량/운송,0.408,0.2778
전라북도,장수군,전문용역/컨설팅,0.408,0.2778
전라북도,장수군,경비/보안,0.408,0.2778
전라북도,장수군,건설/공사,0.408,0.2778
전라북도,장수군,급수/전기/설비,0.408,0.2778
전라북도,장수군,보험/금융,0.408,0.2778
전라북도,장수군,청소/환경미화,0.408,0.2778
전라북도,장수군,IT장비/전산,0.358,0.2114
전라북도,장수군,인쇄/홍보물,0.358,0.2114
전라북도,장수군,행사/운영용역,0.358,0.2114
전라북도,장수군,사무용품/소모품,0.358,0.2114
전라북도,장수군,기타/미분류,0.358,0.2114
전라북도,장수군,급식/식자재,0.363,0.1503
전라북도,장수군,교육물품/교구,0.245,0.1379
전라북도,전주시,폐기물/환경,0.452,0.9104
전라북도,전주시,조경/녹지관리,0.452,0.9104
전라북도,전주시,의료/복지용품,0.347,0.8085
전라북도,전주시,방역/소독,0.57,0.76
전라북도,전주시,시설유지보수,0.408,0.2778
전라북도,전주시,차량/운송,0.408,0.2778
전라북도,전주시,전문용역/컨설팅,0.408,0.2778
전라북도,전주시,경비/보안,0.408,0.2778
전라북도,전주시,건설/공사,0.408,0.2778
전라북도,전주시,급수/전기/설비,0.408,0.2778
전라북도,전주시,보험/금융,0.408,0.2778
전라북도,전주시,청소/환경미화,0.408,0.2778
전라북도,전주시,IT장비/전산,0.358,0.2114
전라북도,전주시,인쇄/홍보물,0.358,0.2114
전라북도,전주시,행사/운영용역,0.358,0.2114
전라북도,전주시,사무용품/소모품,0.358,0.2114
전라북도,전주시,기타/미분류,0.358,0.2114
전라북도,전주시,급식/식자재,0.363,0.1503
전라북도,전주시,교육물품/교구,0.245,0.1379
전라북도,정읍시,폐기물/환경,0.452,0.9104
전라북도,정읍시,조경/녹지관리,0.452,0.9104
전라북도,정읍시,의료/복지용품,0.347,0.8085
전라북도,정읍시,방역/소독,0.57,0.76
전라북도,정읍시,시설유지보수,0.408,0.2778
전라북도,정읍시,차량/운송,0.408,0.2778
전라북도,정읍시,전문용역/컨설팅,0.408,0.2778
전라북도,정읍시,경비/보안,0.408,0.2778
전라북도,정읍시,건설/공사,0.408,0.2778
전라북도,정읍시,급수/전기/설비,0.408,0.2778
전라북도,정읍시,보험/금융,0.408,0.2778
전라북도,정읍시,청소/환경미화,0.408,0.2778
전라북도,정읍시,IT장비/전산,0.358,0.2114
전라북도,정읍시,인쇄/홍보물,0.358,0.2114
전라북도,정읍시,행사/운영용역,0.358,0.2114
전라북도,정읍시,사무용품/소모품,0.358,0.2114
전라북도,정읍시,기타/미분류,0.358,0.2114
전라북도,정읍시,급식/식자재,0.363,0.1503
전라북도,정읍시,교육물품/교구,0.245,0.1379
전라북도,진안군,폐기물/환경,0.452,0.9104
전라북도,진안군,조경/녹지관리,0.452,0.9104
전라북도,진안군,의료/복지용품,0.347,0.8085
전라북도,진안군,방역/소독,0.57,0.76
전라북도,진안군,시설유지보수,0.408,0.2778
전라북도,진안군,차량/운송,0.408,0.2778
전라북도,진안군,전문용역/컨설팅,0.408,0.2778
전라북도,진안군,경비/보안,0.408,0.2778
전라북도,진안군,건설/공사,0.408,0.2778
전라북도,진안군,급수/전기/설비,0.408,0.2778
전라북도,진안군,보험/금융,0.408,0.2778
전라북도,진안군,청소/환경미화,0.408,0.2778
전라북도,진안군,IT장비/전산,0.358,0.2114
전라북도,진안군,인쇄/홍보물,0.358,0.2114
전라북도,진안군,행사/운영용역,0.358,0.2114
전라북도,진안군,사무용품/소모품,0.358,0.2114
전라북도,진안군,기타/미분류,0.358,0.2114
전라북도,진안군,급식/식자재,0.363,0.1503
전라북도,진안군,교육물품/교구,0.245,0.1379
제주특별자치도,서귀포시,방역/소독,0.57,0.76
제주특별자치도,서귀포시,폐기물/환경,0.438,0.7048
제주특별자치도,서귀포시,조경/녹지관리,0.438,0.7048
제주특별자치도,서귀포시,시설유지보수,0.435,0.6528
제주특별자치도,서귀포시,차량/운송,0.435,0.6528
제주특별자치도,서귀포시,전문용역/컨설팅,0.435,0.6528
제주특별자치도,서귀포시,경비/보안,0.435,0.6528
제주특별자치도,서귀포시,건설/공사,0.435,0.6528
제주특별자치도,서귀포시,급수/전기/설비,0.435,0.6528
제주특별자치도,서귀포시,보험/금융,0.435,0.6528
제주특별자치도,서귀포시,청소/환경미화,0.435,0.6528
제주특별자치도,서귀포시,IT장비/전산,0.397,0.5285
제주특별자치도,서귀포시,인쇄/홍보물,0.397,0.5285
제주특별자치도,서귀포시,행사/운영용역,0.397,0.5285
제주특별자치도,서귀포시,사무용품/소모품,0.397,0.5285
제주특별자치도,서귀포시,기타/미분류,0.397,0.5285
제주특별자치도,서귀포시,교육물품/교구,0.283,0.4655
제주특별자치도,서귀포시,의료/복지용품,0.282,0.4628
제주특별자치도,서귀포시,급식/식자재,0.415,0.4509
제주특별자치도,제주시,방역/소독,0.57,0.76
제주특별자치도,제주시,폐기물/환경,0.438,0.7048
제주특별자치도,제주시,조경/녹지관리,0.438,0.7048
제주특별자치도,제주시,시설유지보수,0.435,0.6528
제주특별자치도,제주시,차량/운송,0.435,0.6528
제주특별자치도,제주시,전문용역/컨설팅,0.435,0.6528
제주특별자치도,제주시,경비/보안,0.435,0.6528
제주특별자치도,제주시,건설/공사,0.435,0.6528
제주특별자치도,제주시,급수/전기/설비,0.435,0.6528
제주특별자치도,제주시,보험/금융,0.435,0.6528
제주특별자치도,제주시,청소/환경미화,0.435,0.6528
제주특별자치도,제주시,IT장비/전산,0.397,0.5285
제주특별자치도,제주시,인쇄/홍보물,0.397,0.5285
제주특별자치도,제주시,행사/운영용역,0.397,0.5285
제주특별자치도,제주시,사무용품/소모품,0.397,0.5285
제주특별자치도,제주시,기타/미분류,0.397,0.5285
제주특별자치도,제주시,교육물품/교구,0.283,0.4655
제주특별자치도,제주시,의료/복지용품,0.282,0.4628
제주특별자치도,제주시,급식/식자재,0.415,0.4509
충청남도,계룡시,폐기물/환경,0.448,0.8517
충청남도,계룡시,조경/녹지관리,0.448,0.8517
충청남도,계룡시,방역/소독,0.568,0.68
충청남도,계룡시,의료/복지용품,0.32,0.6649
충청남도,계룡시,시설유지보수,0.42,0.4444
충청남도,계룡시,차량/운송,0.42,0.4444
충청남도,계룡시,전문용역/컨설팅,0.42,0.4444
충청남도,계룡시,경비/보안,0.42,0.4444
충청남도,계룡시,건설/공사,0.42,0.4444
충청남도,계룡시,급수/전기/설비,0.42,0.4444
충청남도,계룡시,보험/금융,0.42,0.4444
충청남도,계룡시,청소/환경미화,0.42,0.4444
충청남도,계룡시,IT장비/전산,0.368,0.2927
충청남도,계룡시,인쇄/홍보물,0.368,0.2927
충청남도,계룡시,행사/운영용역,0.368,0.2927
충청남도,계룡시,사무용품/소모품,0.368,0.2927
충청남도,계룡시,기타/미분류,0.368,0.2927
충청남도,계룡시,교육물품/교구,0.26,0.2672
충청남도,계룡시,급식/식자재,0.38,0.2486
충청남도,공주시,폐기물/환경,0.448,0.8517
충청남도,공주시,조경/녹지관리,0.448,0.8517
충청남도,공주시,방역/소독,0.568,0.68
충청남도,공주시,의료/복지용품,0.32,0.6649
충청남도,공주시,시설유지보수,0.42,0.4444
충청남도,공주시,차량/운송,0.42,0.4444
충청남도,공주시,전문용역/컨설팅,0.42,0.4444
충청남도,공주시,경비/보안,0.42,0.4444
충청남도,공주시,건설/공사,0.42,0.4444
충청남도,공주시,급수/전기/설비,0.42,0.4444
충청남도,공주시,보험/금융,0.42,0.4444
충청남도,공주시,청소/환경미화,0.42,0.4444
충청남도,공주시,IT장비/전산,0.368,0.2927
충청남도,공주시,인쇄/홍보물,0.368,0.2927
충청남도,공주시,행사/운영용역,0.368,0.2927
충청남도,공주시,사무용품/소모품,0.368,0.2927
충청남도,공주시,기타/미분류,0.368,0.2927
충청남도,공주시,교육물품/교구,0.26,0.2672
충청남도,공주시,급식/식자재,0.38,0.2486
충청남도,금산군,폐기물/환경,0.448,0.8517
충청남도,금산군,조경/녹지관리,0.448,0.8517
충청남도,금산군,방역/소독,0.568,0.68
충청남도,금산군,의료/복지용품,0.32,0.6649
충청남도,금산군,시설유지보수,0.42,0.4444
충청남도,금산군,차량/운송,0.42,0.4444
충청남도,금산군,전문용역/컨설팅,0.42,0.4444
충청남도,금산군,경비/보안,0.42,0.4444
충청남도,금산군,건설/공사,0.42,0.4444
충청남도,금산군,급수/전기/설비,0.42,0.4444
충청남도,금산군,보험/금융,0.42,0.4444
충청남도,금산군,청소/환경미화,0.42,0.4444
충청남도,금산군,IT장비/전산,0.368,0.2927
충청남도,금산군,인쇄/홍보물,0.368,0.2927
충청남도,금산군,행사/운영용역,0.368,0.2927
충청남도,금산군,사무용품/소모품,0.368,0.2927
충청남도,금산군,기타/미분류,0.368,0.2927
충청남도,금산군,교육물품/교구,0.26,0.2672
충청남도,금산군,급식/식자재,0.38,0.2486
충청남도,논산시,폐기물/환경,0.448,0.8517
충청남도,논산시,조경/녹지관리,0.448,0.8517
충청남도,논산시,방역/소독,0.568,0.68
충청남도,논산시,의료/복지용품,0.32,0.6649
충청남도,논산시,시설유지보수,0.42,0.4444
충청남도,논산시,차량/운송,0.42,0.4444
충청남도,논산시,전문용역/컨설팅,0.42,0.4444
충청남도,논산시,경비/보안,0.42,0.4444
충청남도,논산시,건설/공사,0.42,0.4444
충청남도,논산시,급수/전기/설비,0.42,0.4444
충청남도,논산시,보험/금융,0.42,0.4444
충청남도,논산시,청소/환경미화,0.42,0.4444
충청남도,논산시,IT장비/전산,0.368,0.2927
충청남도,논산시,인쇄/홍보물,0.368,0.2927
충청남도,논산시,행사/운영용역,0.368,0.2927
충청남도,논산시,사무용품/소모품,0.368,0.2927
충청남도,논산시,기타/미분류,0.368,0.2927
충청남도,논산시,교육물품/교구,0.26,0.2672
충청남도,논산시,급식/식자재,0.38,0.2486
충청남도,당진시,폐기물/환경,0.448,0.8517
충청남도,당진시,조경/녹지관리,0.448,0.8517
충청남도,당진시,방역/소독,0.568,0.68
충청남도,당진시,의료/복지용품,0.32,0.6649
충청남도,당진시,시설유지보수,0.42,0.4444
충청남도,당진시,차량/운송,0.42,0.4444
충청남도,당진시,전문용역/컨설팅,0.42,0.4444
충청남도,당진시,경비/보안,0.42,0.4444
충청남도,당진시,건설/공사,0.42,0.4444
충청남도,당진시,급수/전기/설비,0.42,0.4444
충청남도,당진시,보험/금융,0.42,0.4444
충청남도,당진시,청소/환경미화,0.42,0.4444
충청남도,당진시,IT장비/전산,0.368,0.2927
충청남도,당진시,인쇄/홍보물,0.368,0.2927
충청남도,당진시,행사/운영용역,0.368,0.2927
충청남도,당진시,사무용품/소모품,0.368,0.2927
충청남도,당진시,기타/미분류,0.368,0.2927
충청남도,당진시,교육물품/교구,0.26,0.2672
충청남도,당진시,급식/식자재,0.38,0.2486
충청남도,보령시,폐기물/환경,0.448,0.8517
충청남도,보령시,조경/녹지관리,0.448,0.8517
충청남도,보령시,방역/소독,0.568,0.68
충청남도,보령시,의료/복지용품,0.32,0.6649
충청남도,보령시,시설유지보수,0.42,0.4444
충청남도,보령시,차량/운송,0.42,0.4444
충청남도,보령시,전문용역/컨설팅,0.42,0.4444
충청남도,보령시,경비/보안,0.42,0.4444
충청남도,보령시,건설/공사,0.42,0.4444
충청남도,보령시,급수/전기/설비,0.42,0.4444
충청남도,보령시,보험/금융,0.42,0.4444
충청남도,보령시,청소/환경미화,0.42,0.4444
충청남도,보령시,IT장비/전산,0.368,0.2927
충청남도,보령시,인쇄/홍보물,0.368,0.2927
충청남도,보령시,행사/운영용역,0.368,0.2927
충청남도,보령시,사무용품/소모품,0.368,0.2927
충청남도,보령시,기타/미분류,0.368,0.2927
충청남도,보령시,교육물품/교구,0.26,0.2672
충청남도,보령시,급식/식자재,0.38,0.2486
충청남도,부여군,폐기물/환경,0.448,0.8517
충청남도,부여군,조경/녹지관리,0.448,0.8517
충청남도,부여군,방역/소독,0.568,0.68
충청남도,부여군,의료/복지용품,0.32,0.6649
충청남도,부여군,시설유지보수,0.42,0.4444
충청남도,부여군,차량/운송,0.42,0.4444
충청남도,부여군,전문용역/컨설팅,0.42,0.4444
충청남도,부여군,경비/보안,0.42,0.4444
충청남도,부여군,건설/공사,0.42,0.4444
충청남도,부여군,급수/전기/설비,0.42,0.4444
충청남도,부여군,보험/금융,0.42,0.4444
충청남도,부여군,청소/환경미화,0.42,0.4444
충청남도,부여군,IT장비/전산,0.368,0.2927
충청남도,부여군,인쇄/홍보물,0.368,0.2927
충청남도,부여군,행사/운영용역,0.368,0.2927
충청남도,부여군,사무용품/소모품,0.368,0.2927
충청남도,부여군,기타/미분류,0.368,0.2927
충청남도,부여군,교육물품/교구,0.26,0.2672
충청남도,부여군,급식/식자재,0.38,0.2486
충청남도,서산시,폐기물/환경,0.448,0.8517
충청남도,서산시,조경/녹지관리,0.448,0.8517
충청남도,서산시,방역/소독,0.568,0.68
충청남도,서산시,의료/복지용품,0.32,0.6649
충청남도,서산시,시설유지보수,0.42,0.4444
충청남도,서산시,차량/운송,0.42,0.4444
충청남도,서산시,전문용역/컨설팅,0.42,0.4444
충청남도,서산시,경비/보안,0.42,0.4444
충청남도,서산시,건설/공사,0.42,0.4444
충청남도,서산시,급수/전기/설비,0.42,0.4444
충청남도,서산시,보험/금융,0.42,0.4444
충청남도,서산시,청소/환경미화,0.42,0.4444
충청남도,서산시,IT장비/전산,0.368,0.2927
충청남도,서산시,인쇄/홍보물,0.368,0.2927
충청남도,서산시,행사/운영용역,0.368,0.2927
충청남도,서산시,사무용품/소모품,0.368,0.2927
충청남도,서산시,기타/미분류,0.368,0.2927
충청남도,서산시,교육물품/교구,0.26,0.2672
충청남도,서산시,급식/식자재,0.38,0.2486
충청남도,서천군,폐기물/환경,0.448,0.8517
충청남도,서천군,조경/녹지관리,0.448,0.8517
충청남도,서천군,방역/소독,0.568,0.68
충청남도,서천군,의료/복지용품,0.32,0.6649
충청남도,서천군,시설유지보수,0.42,0.4444
충청남도,서천군,차량/운송,0.42,0.4444
충청남도,서천군,전문용역/컨설팅,0.42,0.4444
충청남도,서천군,경비/보안,0.42,0.4444
충청남도,서천군,건설/공사,0.42,0.4444
충청남도,서천군,급수/전기/설비,0.42,0.4444
충청남도,서천군,보험/금융,0.42,0.4444
충청남도,서천군,청소/환경미화,0.42,0.4444
충청남도,서천군,IT장비/전산,0.368,0.2927
충청남도,서천군,인쇄/홍보물,0.368,0.2927
충청남도,서천군,행사/운영용역,0.368,0.2927
충청남도,서천군,사무용품/소모품,0.368,0.2927
충청남도,서천군,기타/미분류,0.368,0.2927
충청남도,서천군,교육물품/교구,0.26,0.2672
충청남도,서천군,급식/식자재,0.38,0.2486
충청남도,아산시,폐기물/환경,0.448,0.8517
충청남도,아산시,조경/녹지관리,0.448,0.8517
충청남도,아산시,방역/소독,0.568,0.68
충청남도,아산시,의료/복지용품,0.32,0.6649
충청남도,아산시,시설유지보수,0.42,0.4444
충청남도,아산시,차량/운송,0.42,0.4444
충청남도,아산시,전문용역/컨설팅,0.42,0.4444
충청남도,아산시,경비/보안,0.42,0.4444
충청남도,아산시,건설/공사,0.42,0.4444
충청남도,아산시,급수/전기/설비,0.42,0.4444
충청남도,아산시,보험/금융,0.42,0.4444
충청남도,아산시,청소/환경미화,0.42,0.4444
충청남도,아산시,IT장비/전산,0.368,0.2927
충청남도,아산시,인쇄/홍보물,0.368,0.2927
충청남도,아산시,행사/운영용역,0.368,0.2927
충청남도,아산시,사무용품/소모품,0.368,0.2927
충청남도,아산시,기타/미분류,0.368,0.2927
충청남도,아산시,교육물품/교구,0.26,0.2672
충청남도,아산시,급식/식자재,0.38,0.2486
충청남도,예산군,폐기물/환경,0.448,0.8517
충청남도,예산군,조경/녹지관리,0.448,0.8517
충청남도,예산군,방역/소독,0.568,0.68
충청남도,예산군,의료/복지용품,0.32,0.6649
충청남도,예산군,시설유지보수,0.42,0.4444
충청남도,예산군,차량/운송,0.42,0.4444
충청남도,예산군,전문용역/컨설팅,0.42,0.4444
충청남도,예산군,경비/보안,0.42,0.4444
충청남도,예산군,건설/공사,0.42,0.4444
충청남도,예산군,급수/전기/설비,0.42,0.4444
충청남도,예산군,보험/금융,0.42,0.4444
충청남도,예산군,청소/환경미화,0.42,0.4444
충청남도,예산군,IT장비/전산,0.368,0.2927
충청남도,예산군,인쇄/홍보물,0.368,0.2927
충청남도,예산군,행사/운영용역,0.368,0.2927
충청남도,예산군,사무용품/소모품,0.368,0.2927
충청남도,예산군,기타/미분류,0.368,0.2927
충청남도,예산군,교육물품/교구,0.26,0.2672
충청남도,예산군,급식/식자재,0.38,0.2486
충청남도,천안시,폐기물/환경,0.448,0.8517
충청남도,천안시,조경/녹지관리,0.448,0.8517
충청남도,천안시,방역/소독,0.568,0.68
충청남도,천안시,의료/복지용품,0.32,0.6649
충청남도,천안시,시설유지보수,0.42,0.4444
충청남도,천안시,차량/운송,0.42,0.4444
충청남도,천안시,전문용역/컨설팅,0.42,0.4444
충청남도,천안시,경비/보안,0.42,0.4444
충청남도,천안시,건설/공사,0.42,0.4444
충청남도,천안시,급수/전기/설비,0.42,0.4444
충청남도,천안시,보험/금융,0.42,0.4444
충청남도,천안시,청소/환경미화,0.42,0.4444
충청남도,천안시,IT장비/전산,0.368,0.2927
충청남도,천안시,인쇄/홍보물,0.368,0.2927
충청남도,천안시,행사/운영용역,0.368,0.2927
충청남도,천안시,사무용품/소모품,0.368,0.2927
충청남도,천안시,기타/미분류,0.368,0.2927
충청남도,천안시,교육물품/교구,0.26,0.2672
충청남도,천안시,급식/식자재,0.38,0.2486
충청남도,청양군,폐기물/환경,0.448,0.8517
충청남도,청양군,조경/녹지관리,0.448,0.8517
충청남도,청양군,방역/소독,0.568,0.68
충청남도,청양군,의료/복지용품,0.32,0.6649
충청남도,청양군,시설유지보수,0.42,0.4444
충청남도,청양군,차량/운송,0.42,0.4444
충청남도,청양군,전문용역/컨설팅,0.42,0.4444
충청남도,청양군,경비/보안,0.42,0.4444
충청남도,청양군,건설/공사,0.42,0.4444
충청남도,청양군,급수/전기/설비,0.42,0.4444
충청남도,청양군,보험/금융,0.42,0.4444
충청남도,청양군,청소/환경미화,0.42,0.4444
충청남도,청양군,IT장비/전산,0.368,0.2927
충청남도,청양군,인쇄/홍보물,0.368,0.2927
충청남도,청양군,행사/운영용역,0.368,0.2927
충청남도,청양군,사무용품/소모품,0.368,0.2927
충청남도,청양군,기타/미분류,0.368,0.2927
충청남도,청양군,교육물품/교구,0.26,0.2672
충청남도,청양군,급식/식자재,0.38,0.2486
충청남도,태안군,폐기물/환경,0.448,0.8517
충청남도,태안군,조경/녹지관리,0.448,0.8517
충청남도,태안군,방역/소독,0.568,0.68
충청남도,태안군,의료/복지용품,0.32,0.6649
충청남도,태안군,시설유지보수,0.42,0.4444
충청남도,태안군,차량/운송,0.42,0.4444
충청남도,태안군,전문용역/컨설팅,0.42,0.4444
충청남도,태안군,경비/보안,0.42,0.4444
충청남도,태안군,건설/공사,0.42,0.4444
충청남도,태안군,급수/전기/설비,0.42,0.4444
충청남도,태안군,보험/금융,0.42,0.4444
충청남도,태안군,청소/환경미화,0.42,0.4444
충청남도,태안군,IT장비/전산,0.368,0.2927
충청남도,태안군,인쇄/홍보물,0.368,0.2927
충청남도,태안군,행사/운영용역,0.368,0.2927
충청남도,태안군,사무용품/소모품,0.368,0.2927
충청남도,태안군,기타/미분류,0.368,0.2927
충청남도,태안군,교육물품/교구,0.26,0.2672
충청남도,태안군,급식/식자재,0.38,0.2486
충청남도,홍성군,폐기물/환경,0.448,0.8517
충청남도,홍성군,조경/녹지관리,0.448,0.8517
충청남도,홍성군,방역/소독,0.568,0.68
충청남도,홍성군,의료/복지용품,0.32,0.6649
충청남도,홍성군,시설유지보수,0.42,0.4444
충청남도,홍성군,차량/운송,0.42,0.4444
충청남도,홍성군,전문용역/컨설팅,0.42,0.4444
충청남도,홍성군,경비/보안,0.42,0.4444
충청남도,홍성군,건설/공사,0.42,0.4444
충청남도,홍성군,급수/전기/설비,0.42,0.4444
충청남도,홍성군,보험/금융,0.42,0.4444
충청남도,홍성군,청소/환경미화,0.42,0.4444
충청남도,홍성군,IT장비/전산,0.368,0.2927
충청남도,홍성군,인쇄/홍보물,0.368,0.2927
충청남도,홍성군,행사/운영용역,0.368,0.2927
충청남도,홍성군,사무용품/소모품,0.368,0.2927
충청남도,홍성군,기타/미분류,0.368,0.2927
충청남도,홍성군,교육물품/교구,0.26,0.2672
충청남도,홍성군,급식/식자재,0.38,0.2486
충청북도,괴산군,폐기물/환경,0.446,0.8223
충청북도,괴산군,조경/녹지관리,0.446,0.8223
충청북도,괴산군,방역/소독,0.571,0.8
충청북도,괴산군,의료/복지용품,0.312,0.6223
충청북도,괴산군,시설유지보수,0.423,0.4861
충청북도,괴산군,차량/운송,0.423,0.4861
충청북도,괴산군,전문용역/컨설팅,0.423,0.4861
충청북도,괴산군,경비/보안,0.423,0.4861
충청북도,괴산군,건설/공사,0.423,0.4861
충청북도,괴산군,급수/전기/설비,0.423,0.4861
충청북도,괴산군,보험/금융,0.423,0.4861
충청북도,괴산군,청소/환경미화,0.423,0.4861
충청북도,괴산군,IT장비/전산,0.378,0.374
충청북도,괴산군,인쇄/홍보물,0.378,0.374
충청북도,괴산군,행사/운영용역,0.378,0.374
충청북도,괴산군,사무용품/소모품,0.378,0.374
충청북도,괴산군,기타/미분류,0.378,0.374
충청북도,괴산군,교육물품/교구,0.265,0.3103
충청북도,괴산군,급식/식자재,0.39,0.3064
충청북도,단양군,폐기물/환경,0.446,0.8223
충청북도,단양군,조경/녹지관리,0.446,0.8223
충청북도,단양군,방역/소독,0.571,0.8
충청북도,단양군,의료/복지용품,0.312,0.6223
충청북도,단양군,시설유지보수,0.423,0.4861
충청북도,단양군,차량/운송,0.423,0.4861
충청북도,단양군,전문용역/컨설팅,0.423,0.4861
충청북도,단양군,경비/보안,0.423,0.4861
충청북도,단양군,건설/공사,0.423,0.4861
충청북도,단양군,급수/전기/설비,0.423,0.4861
충청북도,단양군,보험/금융,0.423,0.4861
충청북도,단양군,청소/환경미화,0.423,0.4861
충청북도,단양군,IT장비/전산,0.378,0.374
충청북도,단양군,인쇄/홍보물,0.378,0.374
충청북도,단양군,행사/운영용역,0.378,0.374
충청북도,단양군,사무용품/소모품,0.378,0.374
충청북도,단양군,기타/미분류,0.378,0.374
충청북도,단양군,교육물품/교구,0.265,0.3103
충청북도,단양군,급식/식자재,0.39,0.3064
충청북도,보은군,폐기물/환경,0.446,0.8223
충청북도,보은군,조경/녹지관리,0.446,0.8223
충청북도,보은군,방역/소독,0.571,0.8
충청북도,보은군,의료/복지용품,0.312,0.6223
충청북도,보은군,시설유지보수,0.423,0.4861
충청북도,보은군,차량/운송,0.423,0.4861
충청북도,보은군,전문용역/컨설팅,0.423,0.4861
충청북도,보은군,경비/보안,0.423,0.4861
충청북도,보은군,건설/공사,0.423,0.4861
충청북도,보은군,급수/전기/설비,0.423,0.4861
충청북도,보은군,보험/금융,0.423,0.4861
충청북도,보은군,청소/환경미화,0.423,0.4861
충청북도,보은군,IT장비/전산,0.378,0.374
충청북도,보은군,인쇄/홍보물,0.378,0.374
충청북도,보은군,행사/운영용역,0.378,0.374
충청북도,보은군,사무용품/소모품,0.378,0.374
충청북도,보은군,기타/미분류,0.378,0.374
충청북도,보은군,교육물품/교구,0.265,0.3103
충청북도,보은군,급식/식자재,0.39,0.3064
충청북도,영동군,폐기물/환경,0.446,0.8223
충청북도,영동군,조경/녹지관리,0.446,0.8223
충청북도,영동군,방역/소독,0.571,0.8
충청북도,영동군,의료/복지용품,0.312,0.6223
충청북도,영동군,시설유지보수,0.423,0.4861
충청북도,영동군,차량/운송,0.423,0.4861
충청북도,영동군,전문용역/컨설팅,0.423,0.4861
충청북도,영동군,경비/보안,0.423,0.4861
충청북도,영동군,건설/공사,0.423,0.4861
충청북도,영동군,급수/전기/설비,0.423,0.4861
충청북도,영동군,보험/금융,0.423,0.4861
충청북도,영동군,청소/환경미화,0.423,0.4861
충청북도,영동군,IT장비/전산,0.378,0.374
충청북도,영동군,인쇄/홍보물,0.378,0.374
충청북도,영동군,행사/운영용역,0.378,0.374
충청북도,영동군,사무용품/소모품,0.378,0.374
충청북도,영동군,기타/미분류,0.378,0.374
충청북도,영동군,교육물품/교구,0.265,0.3103
충청북도,영동군,급식/식자재,0.39,0.3064
충청북도,옥천군,폐기물/환경,0.446,0.8223
충청북도,옥천군,조경/녹지관리,0.446,0.8223
충청북도,옥천군,방역/소독,0.571,0.8
충청북도,옥천군,의료/복지용품,0.312,0.6223
충청북도,옥천군,시설유지보수,0.423,0.4861
충청북도,옥천군,차량/운송,0.423,0.4861
충청북도,옥천군,전문용역/컨설팅,0.423,0.4861
충청북도,옥천군,경비/보안,0.423,0.4861
충청북도,옥천군,건설/공사,0.423,0.4861
충청북도,옥천군,급수/전기/설비,0.423,0.4861
충청북도,옥천군,보험/금융,0.423,0.4861
충청북도,옥천군,청소/환경미화,0.423,0.4861
충청북도,옥천군,IT장비/전산,0.378,0.374
충청북도,옥천군,인쇄/홍보물,0.378,0.374
충청북도,옥천군,행사/운영용역,0.378,0.374
충청북도,옥천군,사무용품/소모품,0.378,0.374
충청북도,옥천군,기타/미분류,0.378,0.374
충청북도,옥천군,교육물품/교구,0.265,0.3103
충청북도,옥천군,급식/식자재,0.39,0.3064
충청북도,음성군,폐기물/환경,0.446,0.8223
충청북도,음성군,조경/녹지관리,0.446,0.8223
충청북도,음성군,방역/소독,0.571,0.8
충청북도,음성군,의료/복지용품,0.312,0.6223
충청북도,음성군,시설유지보수,0.423,0.4861
충청북도,음성군,차량/운송,0.423,0.4861
충청북도,음성군,전문용역/컨설팅,0.423,0.4861
충청북도,음성군,경비/보안,0.423,0.4861
충청북도,음성군,건설/공사,0.423,0.4861
충청북도,음성군,급수/전기/설비,0.423,0.4861
충청북도,음성군,보험/금융,0.423,0.4861
충청북도,음성군,청소/환경미화,0.423,0.4861
충청북도,음성군,IT장비/전산,0.378,0.374
충청북도,음성군,인쇄/홍보물,0.378,0.374
충청북도,음성군,행사/운영용역,0.378,0.374
충청북도,음성군,사무용품/소모품,0.378,0.374
충청북도,음성군,기타/미분류,0.378,0.374
충청북도,음성군,교육물품/교구,0.265,0.3103
충청북도,음성군,급식/식자재,0.39,0.3064
충청북도,제천시,폐기물/환경,0.446,0.8223
충청북도,제천시,조경/녹지관리,0.446,0.8223
충청북도,제천시,방역/소독,0.571,0.8
충청북도,제천시,의료/복지용품,0.312,0.6223
충청북도,제천시,시설유지보수,0.423,0.4861
충청북도,제천시,차량/운송,0.423,0.4861
충청북도,제천시,전문용역/컨설팅,0.423,0.4861
충청북도,제천시,경비/보안,0.423,0.4861
충청북도,제천시,건설/공사,0.423,0.4861
충청북도,제천시,급수/전기/설비,0.423,0.4861
충청북도,제천시,보험/금융,0.423,0.4861
충청북도,제천시,청소/환경미화,0.423,0.4861
충청북도,제천시,IT장비/전산,0.378,0.374
충청북도,제천시,인쇄/홍보물,0.378,0.374
충청북도,제천시,행사/운영용역,0.378,0.374
충청북도,제천시,사무용품/소모품,0.378,0.374
충청북도,제천시,기타/미분류,0.378,0.374
충청북도,제천시,교육물품/교구,0.265,0.3103
충청북도,제천시,급식/식자재,0.39,0.3064
충청북도,증평군,폐기물/환경,0.446,0.8223
충청북도,증평군,조경/녹지관리,0.446,0.8223
충청북도,증평군,방역/소독,0.571,0.8
충청북도,증평군,의료/복지용품,0.312,0.6223
충청북도,증평군,시설유지보수,0.423,0.4861
충청북도,증평군,차량/운송,0.423,0.4861
충청북도,증평군,전문용역/컨설팅,0.423,0.4861
충청북도,증평군,경비/보안,0.423,0.4861
충청북도,증평군,건설/공사,0.423,0.4861
충청북도,증평군,급수/전기/설비,0.423,0.4861
충청북도,증평군,보험/금융,0.423,0.4861
충청북도,증평군,청소/환경미화,0.423,0.4861
충청북도,증평군,IT장비/전산,0.378,0.374
충청북도,증평군,인쇄/홍보물,0.378,0.374
충청북도,증평군,행사/운영용역,0.378,0.374
충청북도,증평군,사무용품/소모품,0.378,0.374
충청북도,증평군,기타/미분류,0.378,0.374
충청북도,증평군,교육물품/교구,0.265,0.3103
충청북도,증평군,급식/식자재,0.39,0.3064
충청북도,진천군,폐기물/환경,0.446,0.8223
충청북도,진천군,조경/녹지관리,0.446,0.8223
충청북도,진천군,방역/소독,0.571,0.8
충청북도,진천군,의료/복지용품,0.312,0.6223
충청북도,진천군,시설유지보수,0.423,0.4861
충청북도,진천군,차량/운송,0.423,0.4861
충청북도,진천군,전문용역/컨설팅,0.423,0.4861
충청북도,진천군,경비/보안,0.423,0.4861
충청북도,진천군,건설/공사,0.423,0.4861
충청북도,진천군,급수/전기/설비,0.423,0.4861
충청북도,진천군,보험/금융,0.423,0.4861
충청북도,진천군,청소/환경미화,0.423,0.4861
충청북도,진천군,IT장비/전산,0.378,0.374
충청북도,진천군,인쇄/홍보물,0.378,0.374
충청북도,진천군,행사/운영용역,0.378,0.374
충청북도,진천군,사무용품/소모품,0.378,0.374
충청북도,진천군,기타/미분류,0.378,0.374
충청북도,진천군,교육물품/교구,0.265,0.3103
충청북도,진천군,급식/식자재,0.39,0.3064
충청북도,청주시,폐기물/환경,0.446,0.8223
충청북도,청주시,조경/녹지관리,0.446,0.8223
충청북도,청주시,방역/소독,0.571,0.8
충청북도,청주시,의료/복지용품,0.312,0.6223
충청북도,청주시,시설유지보수,0.423,0.4861
충청북도,청주시,차량/운송,0.423,0.4861
충청북도,청주시,전문용역/컨설팅,0.423,0.4861
충청북도,청주시,경비/보안,0.423,0.4861
충청북도,청주시,건설/공사,0.423,0.4861
충청북도,청주시,급수/전기/설비,0.423,0.4861
충청북도,청주시,보험/금융,0.423,0.4861
충청북도,청주시,청소/환경미화,0.423,0.4861
충청북도,청주시,IT장비/전산,0.378,0.374
충청북도,청주시,인쇄/홍보물,0.378,0.374
충청북도,청주시,행사/운영용역,0.378,0.374
충청북도,청주시,사무용품/소모품,0.378,0.374
충청북도,청주시,기타/미분류,0.378,0.374
충청북도,청주시,교육물품/교구,0.265,0.3103
충청북도,청주시,급식/식자재,0.39,0.3064
충청북도,충주시,폐기물/환경,0.446,0.8223
충청북도,충주시,조경/녹지관리,0.446,0.8223
충청북도,충주시,방역/소독,0.571,0.8
충청북도,충주시,의료/복지용품,0.312,0.6223
충청북도,충주시,시설유지보수,0.423,0.4861
충청북도,충주시,차량/운송,0.423,0.4861
충청북도,충주시,전문용역/컨설팅,0.423,0.4861
충청북도,충주시,경비/보안,0.423,0.4861
충청북도,충주시,건설/공사,0.423,0.4861
충청북도,충주시,급수/전기/설비,0.423,0.4861
충청북도,충주시,보험/금융,0.423,0.4861
충청북도,충주시,청소/환경미화,0.423,0.4861
충청북도,충주시,IT장비/전산,0.378,0.374
충청북도,충주시,인쇄/홍보물,0.378,0.374
충청북도,충주시,행사/운영용역,0.378,0.374
충청북도,충주시,사무용품/소모품,0.378,0.374
충청북도,충주시,기타/미분류,0.378,0.374
충청북도,충주시,교육물품/교구,0.265,0.3103
충청북도,충주시,급식/식자재,0.39,0.3064
