city,district,district_profile,item_category,bid_count,amount_sum,amount_mean,latest_posted_date,count_score,amount_score,recency_score,competition_score,opportunity_score,recommendation_flag,avg_lead_time_days
부산광역시,부산광역시,전국 주요 지역,행사/운영용역,1438,512363879951.0,356303115.40403336,2026-05-14 19:28:51,1.0,0.04233976882299668,0.9677419354838709,0.0,55.57,추천,13.8
인천광역시,인천광역시,전국 주요 지역,행사/운영용역,1321,494696895666.0,374486673.4791824,2026-05-14 14:34:28,0.918580375782881,0.04087983759111914,0.9677419354838709,0.005,52.38,추천,17.8
대구광역시,대구광역시,전국 주요 지역,행사/운영용역,1165,188496843266.0,161799865.46437767,2026-05-14 17:45:10,0.8100208768267223,0.015576649877251951,0.9677419354838709,0.01,47.51,추천,13.8
부산광역시,부산광역시,전국 주요 지역,폐기물/환경,983,227276547411.0,231207067.5595117,2026-05-14 20:14:04,0.6833681280445373,0.018781254598179063,0.9677419354838709,0.0,42.32,제외,6.1
대전광역시,대전광역시,전국 주요 지역,시설유지보수,959,166089335640.0,173190131.0114703,2026-05-13 13:08:56,0.6666666666666666,0.013724980136451513,0.9375,0.0,41.07,추천,5.8
부산광역시,부산광역시,전국 주요 지역,시설유지보수,911,179999637304.0,197584673.22063667,2026-05-14 20:50:51,0.6332637439109255,0.014874473650257037,0.9677419354838709,0.004,40.3,추천,7.0
대전광역시,대전광역시,전국 주요 지역,폐기물/환경,886,94247635969.0,106374306.96275395,2026-05-14 14:04:48,0.615866388308977,0.007788260014392566,0.9677419354838709,0.004,39.43,제외,5.1
대구광역시,대구광역시,전국 주요 지역,폐기물/환경,797,292349531513.0,366812461.1204517,2026-05-15 09:58:32,0.5539318023660403,0.02415863425219509,1.0,0.009,37.94,제외,6.2
대전광역시,대전광역시,전국 주요 지역,행사/운영용역,809,157262872527.0,194391684.21137208,2026-05-14 14:59:59,0.5622825330549757,0.012995595372316954,0.9677419354838709,0.015,37.63,추천,14.2
대전광역시,대전광역시,전국 주요 지역,건설/공사,763,452986597480.0,593691477.6933159,2026-05-15 10:51:35,0.5302713987473904,0.0374330599164275,1.0,0.0,37.15,제외,7.1
인천광역시,인천광역시,전국 주요 지역,시설유지보수,695,551291730947.0,793225512.1539569,2026-05-15 08:52:16,0.48295059151009045,0.04555661582654487,1.0,0.009,35.64,추천,7.3
경기도,경기도,전국 주요 지역,행사/운영용역,724,168018980557.0,232070415.1339779,2026-05-14 09:39:47,0.5031315240083507,0.01388443852704701,0.9677419354838709,0.025,35.49,추천,15.4
울산광역시,울산광역시,전국 주요 지역,행사/운영용역,745,126624995382.0,169966436.7543624,2026-05-13 13:46:38,0.5177453027139874,0.01046379973584326,0.9375,0.02,35.43,추천,12.5
제주특별자치도,제주시,전국 주요 지역,행사/운영용역,697,162060707930.0,232511776.08321378,2026-05-13 16:44:27,0.48434237995824636,0.013392069928316562,0.9375,0.03,34.37,추천,11.5
제주특별자치도,제주시,전국 주요 지역,IT장비/전산,676,212955637307.0,315023132.1109468,2026-05-15 17:08:22,0.4697286012526096,0.017597829991440068,1.0,0.0,34.23,추천,11.2
부산광역시,부산광역시,전국 주요 지역,IT장비/전산,670,336065269280.0,501589954.1492537,2026-05-14 09:28:36,0.46555323590814196,0.027771133695283345,0.9677419354838709,0.005,33.93,추천,12.8
인천광역시,인천광역시,전국 주요 지역,폐기물/환경,655,325323202071.0,496676644.3832061,2026-05-14 10:07:25,0.4551148225469729,0.026883450819680074,0.9677419354838709,0.013,33.65,제외,6.2
전라남도,해남군,전국 주요 지역,보험/금융,7,12101244154000.0,1728749164857.1428,2025-09-26 09:39:01,0.0041753653444676405,1.0,0.1149425287356322,0.307,33.03,데이터부족,0.0
부산광역시,연제구,행정/주거/교육,청소/환경미화,1,1700000000.0,1700000000.0,2026-05-13 13:13:52,0.0,0.00014048142309715106,0.9375,0.944,32.95,데이터부족,27.0
경기도,양주시,전국 주요 지역,시설유지보수,5,275409000.0,55081800.0,2026-05-13 09:30:06,0.0027835768963117608,2.2758734266919576e-05,0.9375,0.927,32.71,데이터부족,7.4
대구광역시,대구광역시,전국 주요 지역,시설유지보수,630,147231837356.0,233701329.13650793,2026-05-14 15:21:37,0.43771746694502434,0.012166669433517158,0.9677419354838709,0.013,32.59,추천,7.6
전라남도,신안군,전국 주요 지역,건설/공사,4,4305031000.0,1076257750.0,2026-05-15 14:15:28,0.0020876826722338203,0.0003557511066807949,1.0,0.87,32.49,제외,7.0
전라남도,진도군,전국 주요 지역,폐기물/환경,10,1006850700.0,100685070.0,2026-05-14 14:17:02,0.006263048016701462,8.320224657786043e-05,0.9677419354838709,0.885,32.47,제외,4.5
부산광역시,중구,도심/관광/명동,시설유지보수,4,330655600.0,82663900.0,2026-05-11 13:59:16,0.0020876826722338203,2.7324099554730793e-05,0.8823529411764706,0.947,32.26,데이터부족,12.2
대구광역시,대구광역시,전국 주요 지역,IT장비/전산,641,264964786117.0,413361600.8065523,2026-05-12 13:40:37,0.4453723034098817,0.021895664837852012,0.9090909090909091,0.009,32.18,추천,12.2
제주특별자치도,제주시,전국 주요 지역,시설유지보수,609,86422291337.0,141908524.36288998,2026-05-14 10:32:52,0.4231036882393876,0.007141603808434324,0.9677419354838709,0.018,31.98,추천,6.7
충청남도,천안시,전국 주요 지역,IT장비/전산,2,83940000.0,41970000.0,2026-05-11 17:48:15,0.0006958942240779402,6.936476855749918e-06,0.8823529411764706,0.923,31.72,데이터부족,4.5
부산광역시,연제구,행정/주거/교육,시설유지보수,9,431065500.0,47896166.666666664,2026-05-13 17:36:58,0.0055671537926235215,3.562158522828528e-05,0.9375,0.864,31.57,데이터부족,5.9
경기도,경기도,전국 주요 지역,교육물품/교구,605,98879278507.0,163436823.9785124,2026-05-14 15:51:39,0.42032011134307584,0.008171001034989944,0.9677419354838709,0.0,31.53,추천,25.9
제주특별자치도,제주시,전국 주요 지역,폐기물/환경,570,116489951581.0,204368336.10701755,2026-05-15 09:28:39,0.3959638135003479,0.009626278926245355,1.0,0.017,31.42,제외,6.4
전라북도,전라북도,전국 주요 지역,행사/운영용역,555,98269171419.0,177061570.12432432,2026-05-15 19:03:34,0.38552540013917885,0.008120584145599415,1.0,0.035,31.32,추천,11.7
경상남도,고성군,전국 주요 지역,IT장비/전산,1,59040000.0,59040000.0,2026-05-06 10:56:14,0.0,4.878837188032823e-06,0.7692307692307692,0.975,31.04,데이터부족,12.0
경기도,여주시,전국 주요 지역,시설유지보수,2,84817890.0,42408945.0,2026-05-06 11:04:36,0.0006958942240779402,7.0090222889986e-06,0.7692307692307692,0.964,30.85,데이터부족,3.0
경상북도,청도군,전국 주요 지역,IT장비/전산,3,87497000.0,29165666.666666668,2026-05-11 10:40:54,0.0013917884481558804,7.230413574547899e-06,0.8823529411764706,0.869,30.67,데이터부족,3.7
전라남도,담양군,전국 주요 지역,IT장비/전산,3,60563000.0,20187666.666666668,2026-05-11 17:36:10,0.0013917884481558804,5.0046920159016234e-06,0.8823529411764706,0.869,30.67,데이터부족,0.0
전라남도,보성군,전국 주요 지역,인쇄/홍보물,1,10000000.0,10000000.0,2026-05-07 09:15:24,0.0,8.263613123361828e-07,0.7894736842105263,0.92,30.24,데이터부족,0.0
부산광역시,부산광역시,전국 주요 지역,차량/운송,556,88388413607.0,158971966.91906476,2026-05-14 09:30:04,0.3862212943632568,0.007304076546359384,0.9677419354838709,0.0,30.15,추천,7.3
경기도,이천시,전국 주요 지역,시설유지보수,13,915605760.0,70431212.3076923,2026-05-13 10:56:24,0.008350730688935281,7.56621177416168e-05,0.9375,0.787,30.14,추천,4.2
대전광역시,동구,전국 주요 지역,급수/전기/설비,2,236700000.0,118350000.0,2026-05-11 17:18:00,0.0006958942240779402,1.9559972262997448e-05,0.8823529411764706,0.838,30.02,데이터부족,6.5
충청남도,공주시,전국 주요 지역,보험/금융,2,42550000.0,21275000.0,2026-05-14 13:31:01,0.0006958942240779402,3.516167383990458e-06,0.9677419354838709,0.773,30.0,데이터부족,0.0
대구광역시,중구,도심/관광/명동,폐기물/환경,18,32286879660.0,1793715536.6666667,2026-05-14 10:47:11,0.011830201809324982,0.002668062824707801,0.9677419354838709,0.743,29.92,제외,9.8
인천광역시,인천광역시,전국 주요 지역,IT장비/전산,529,367395102668.0,694508700.6956521,2026-05-13 17:05:40,0.3674321503131524,0.030360109918661508,0.9375,0.014,29.8,추천,13.4
충청남도,서산시,전국 주요 지역,조경/녹지관리,2,50700000.0,25350000.0,2026-05-12 19:53:44,0.0006958942240779402,4.189651853544447e-06,0.9090909090909091,0.806,29.78,데이터부족,0.0
경상북도,고령군,전국 주요 지역,IT장비/전산,4,26770570.0,6692642.5,2026-05-11 15:44:18,0.0020876826722338203,2.2122163357187645e-06,0.8823529411764706,0.813,29.58,데이터부족,0.0
부산광역시,해운대구,관광/해변/고소득,조경/녹지관리,2,502465000.0,251232500.0,2026-05-11 14:06:03,0.0006958942240779402,4.1521763680300005e-05,0.8823529411764706,0.806,29.38,데이터부족,25.5
경상북도,봉화군,전국 주요 지역,폐기물/환경,20,1359453900.0,67972695.0,2026-05-14 17:52:21,0.013221990257480862,0.00011234001088645419,0.9677419354838709,0.713,29.31,제외,3.4
부산광역시,사하구,공단/항만/주거,교육물품/교구,2,99300000.0,49650000.0,2026-05-11 19:05:25,0.0006958942240779402,8.205767831498295e-06,0.8823529411764706,0.798,29.22,데이터부족,4.5
경상북도,칠곡군,전국 주요 지역,폐기물/환경,5,263069500.0,52613900.0,2026-04-30 15:40:09,0.0027835768963117608,2.1739045725562344e-05,0.6666666666666666,0.948,29.07,제외,1.2
경기도,용인시,주거/산업/반도체,급수/전기/설비,1,50000000.0,50000000.0,2026-04-30 16:27:43,0.0,4.131806561680914e-06,0.6666666666666666,0.937,28.74,데이터부족,7.0
충청남도,당진시,전국 주요 지역,IT장비/전산,7,1098966000.0,156995142.85714287,2026-05-15 09:17:15,0.0041753653444676405,9.081429859728454e-05,1.0,0.671,28.59,데이터부족,8.7
충청남도,논산시,전국 주요 지역,IT장비/전산,6,106699600.0,17783266.666666668,2026-05-13 14:10:50,0.003479471120389701,8.817242148174576e-06,0.9375,0.716,28.52,데이터부족,-0.8
전라북도,장수군,전국 주요 지역,급수/전기/설비,1,57140000.0,57140000.0,2026-04-29 09:09:20,0.0,4.721828538688948e-06,0.6521739130434783,0.937,28.52,데이터부족,9.0
경기도,남양주시,주거/자연/신도시,건설/공사,4,7934217000.0,1983554250.0,2026-05-04 13:21:29,0.0020876826722338203,0.0006556529972480052,0.7317073170731707,0.87,28.48,제외,16.2
부산광역시,부산광역시,전국 주요 지역,건설/공사,482,398759477485.0,827301820.5082988,2026-05-13 18:25:50,0.3347251217814892,0.032951940512099515,0.9375,0.004,28.36,제외,11.9
경상남도,창원시,전국 주요 지역,전문용역/컨설팅,4,157154000.0,39288500.0,2026-05-14 10:32:03,0.0020876826722338203,1.2986598567888047e-05,0.9677419354838709,0.686,28.32,데이터부족,7.2
전라남도,화순군,전국 주요 지역,폐기물/환경,26,3763068500.0,144733403.84615386,2026-05-14 13:40:18,0.017397355601948505,0.0003109654224070951,0.9677419354838709,0.652,28.26,제외,5.4
경상남도,남해군,전국 주요 지역,청소/환경미화,1,5610000.0,5610000.0,2026-04-27 13:21:10,0.0,4.635886962205985e-07,0.625,0.944,28.26,데이터부족,0.0
인천광역시,남동구,산업단지/주거,방역/소독,2,142489140.0,71244570.0,2026-05-12 13:45:13,0.0006958942240779402,1.1774751272405408e-05,0.9090909090909091,0.728,28.22,데이터부족,7.5
충청남도,보령시,전국 주요 지역,폐기물/환경,21,2379938000.0,113330380.95238096,2026-05-12 10:24:16,0.013917884481558803,0.00019666886889587503,0.9090909090909091,0.7,28.2,제외,3.2
경기도,군포시,전국 주요 지역,건설/공사,3,288424700.0,96141566.66666667,2026-04-29 13:33:04,0.0013917884481558804,2.3834301360216982e-05,0.6521739130434783,0.915,28.14,제외,6.3
전라남도,영암군,전국 주요 지역,폐기물/환경,15,957472801.0,63831520.06666667,2026-05-06 15:22:16,0.009742519137091163,7.912184803605608e-05,0.7692307692307692,0.807,28.07,제외,-1.2
경상북도,울진군,전국 주요 지역,IT장비/전산,2,24240000.0,12120000.0,2026-04-28 10:16:01,0.0006958942240779402,2.003099821102907e-06,0.6382978723404256,0.923,28.06,데이터부족,0.0
경기도,평택시,미군기지/항만/산업,건설/공사,6,273036000.0,45506000.0,2026-05-06 15:58:19,0.003479471120389701,2.25626387275022e-05,0.7692307692307692,0.816,28.0,제외,2.5
경상남도,창원시,전국 주요 지역,폐기물/환경,16,854937900.0,53433618.75,2026-05-07 09:23:21,0.010438413361169102,7.064876050099403e-05,0.7894736842105263,0.785,27.96,제외,1.8
대구광역시,중구,도심/관광/명동,행사/운영용역,11,1505000000.0,136818181.8181818,2026-05-14 11:11:20,0.006958942240779402,0.00012436737750659552,0.9677419354838709,0.649,27.78,추천,16.8
경기도,안산시,외국인/공단/주거,시설유지보수,8,4739193000.0,592399125.0,2026-04-30 11:52:10,0.0048712595685455815,0.0003916285746894451,0.6666666666666666,0.876,27.72,데이터부족,2.2
경기도,파주시,출판/DMZ/신도시,조경/녹지관리,2,50000000.0,25000000.0,2026-05-06 15:30:53,0.0006958942240779402,4.131806561680914e-06,0.7692307692307692,0.806,27.69,데이터부족,5.0
서울특별시,서대문구,대학/의료/주거,시설유지보수,4,2363911800.0,590977950.0,2026-04-23 10:50:56,0.0020876826722338203,0.0001953445257294988,0.5769230769230769,0.947,27.68,데이터부족,10.8
경기도,남양주시,주거/자연/신도시,시설유지보수,12,1603345000.0,133612083.33333333,2026-05-04 13:37:13,0.007654836464857342,0.0001324942278327657,0.7317073170731707,0.818,27.65,추천,6.2
인천광역시,인천광역시,전국 주요 지역,건설/공사,431,451912645217.0,1048521218.6009281,2026-05-14 14:03:16,0.2992345163535143,0.03734431265628359,0.9677419354838709,0.009,27.6,제외,9.1
강원특별자치도,강원특별자치도,전국 주요 지역,행사/운영용역,433,103909651500.0,239976100.46189377,2026-05-14 10:01:21,0.30062630480167013,0.00858669159779354,0.9677419354838709,0.04,27.56,추천,11.9
충청북도,진천군,전국 주요 지역,폐기물/환경,10,1387169001.0,138716900.1,2026-04-28 15:27:36,0.006263048016701462,0.00011463027960984316,0.6382978723404256,0.885,27.53,제외,6.1
경상북도,구미시,전국 주요 지역,건설/공사,8,167844000.0,20980500.0,2026-05-07 09:36:22,0.0048712595685455815,1.3869978810775427e-05,0.7894736842105263,0.771,27.46,제외,0.0
충청남도,보령시,전국 주요 지역,IT장비/전산,5,27611000.0,5522200.0,2026-05-08 12:40:33,0.0027835768963117608,2.281666219491434e-06,0.8108108108108107,0.759,27.45,데이터부족,0.6
강원특별자치도,횡성군,전국 주요 지역,인쇄/홍보물,2,225200000.0,112600000.0,2026-05-08 17:47:07,0.0006958942240779402,1.8609656753810838e-05,0.8108108108108107,0.759,27.37,데이터부족,11.5
경기도,고양시,신도시/주거/교통,급수/전기/설비,3,108709700.0,36236566.666666664,2026-05-08 15:58:38,0.0013917884481558804,8.983349035567272e-06,0.8108108108108107,0.755,27.32,데이터부족,10.3
충청남도,공주시,전국 주요 지역,시설유지보수,17,734084090.0,43181417.058823526,2026-05-12 16:47:24,0.011134307585247043,6.066186919775125e-05,0.9090909090909091,0.66,27.28,추천,2.1
부산광역시,북구,대학/주거/상업,시설유지보수,20,1397099410.0,69854970.5,2026-05-14 11:36:13,0.013221990257480862,0.00011545089019117067,0.9677419354838709,0.611,27.27,추천,6.0
대구광역시,군위군,전국 주요 지역,조경/녹지관리,1,29160000.0,29160000.0,2026-04-23 10:21:48,0.0,2.409669586772309e-06,0.5769230769230769,0.93,27.25,데이터부족,6.0
대구광역시,수성구,교육/고소득/주거,차량/운송,6,461278200.0,76879700.0,2026-05-14 14:13:46,0.003479471120389701,3.811824587040722e-05,0.9677419354838709,0.629,27.24,데이터부족,9.0
서울특별시,노원구,주거/교육/대학,시설유지보수,5,1109360000.0,221872000.0,2026-04-22 13:17:33,0.0027835768963117608,9.167321854532678e-05,0.5660377358490566,0.927,27.14,데이터부족,7.8
경상남도,의령군,전국 주요 지역,폐기물/환경,12,535889000.0,44657416.666666664,2026-04-29 14:52:11,0.007654836464857342,4.428379373065247e-05,0.6521739130434783,0.852,27.13,제외,3.2
충청남도,홍성군,전국 주요 지역,시설유지보수,10,71142969.0,7114296.9,2026-04-29 09:17:10,0.006263048016701462,5.878979722633237e-06,0.6521739130434783,0.853,27.09,추천,0.4
경상북도,영주시,전국 주요 지역,시설유지보수,8,164726000.0,20590750.0,2026-04-27 10:41:48,0.0048712595685455815,1.3612319353589005e-05,0.625,0.876,27.09,데이터부족,8.8
충청남도,서천군,전국 주요 지역,급수/전기/설비,1,4400000.0,4400000.0,2026-04-21 14:18:20,0.0,3.635989774279204e-07,0.5555555555555556,0.937,27.07,데이터부족,0.0
대구광역시,대구광역시,전국 주요 지역,건설/공사,423,244120976393.0,577118147.5011821,2026-05-14 14:19:06,0.29366736256089077,0.02017321304209098,0.9677419354838709,0.013,27.03,제외,9.0
전라남도,영광군,전국 주요 지역,IT장비/전산,1,5291000.0,5291000.0,2026-04-15 15:17:33,0.0,4.372277703570743e-07,0.5,0.975,27.0,데이터부족,1.0
대구광역시,군위군,전국 주요 지역,교육물품/교구,4,1007400930.0,251850232.5,2026-05-14 14:44:07,0.0020876826722338203,8.32477154563491e-05,0.9677419354838709,0.616,26.92,데이터부족,13.0
경상남도,통영시,전국 주요 지역,행사/운영용역,1,16275001.0,16275001.0,2026-04-15 11:44:30,0.0,1.3449031184632687e-06,0.5,0.968,26.86,데이터부족,0.0
충청남도,예산군,전국 주요 지역,IT장비/전산,5,67516000.0,13503200.0,2026-05-06 16:07:06,0.0027835768963117608,5.5792610363689716e-06,0.7692307692307692,0.759,26.83,데이터부족,0.0
강원특별자치도,화천군,전국 주요 지역,행사/운영용역,14,1247714750.0,89122482.14285715,2026-05-14 09:23:40,0.009046624913013222,0.00010310631982312122,0.9677419354838709,0.597,26.82,추천,7.1
경상북도,경상북도,전국 주요 지역,행사/운영용역,387,79911140448.0,206488735.00775194,2026-05-15 13:42:42,0.2686151704940849,0.00660354748908903,1.0,0.045,26.81,추천,11.0
인천광역시,남동구,산업단지/주거,차량/운송,6,1267498710.0,211249785.0,2026-05-13 17:42:19,0.003479471120389701,0.00010474118973800187,0.9375,0.629,26.78,데이터부족,4.7
서울특별시,구로구,산업/디지털/제조,조경/녹지관리,1,98824000.0,98824000.0,2026-04-20 13:25:35,0.0,8.166433033031092e-06,0.5454545454545454,0.93,26.78,데이터부족,29.0
경상북도,구미시,전국 주요 지역,급수/전기/설비,4,68361000.0,17090250.0,2026-05-12 14:37:36,0.0020876826722338203,5.6490885672613795e-06,0.9090909090909091,0.651,26.74,데이터부족,0.0
서울특별시,마포구,홍대/관광/문화콘텐츠,인쇄/홍보물,1,85000000.0,85000000.0,2026-04-21 14:10:54,0.0,7.0240711548575535e-06,0.5555555555555556,0.92,26.73,데이터부족,17.0
경기도,연천군,전국 주요 지역,기타/미분류,3,976032781.0,325344260.3333333,2026-05-04 11:30:42,0.0013917884481558804,8.065557297902941e-05,0.7317073170731707,0.785,26.73,제외,16.3
충청남도,청양군,전국 주요 지역,시설유지보수,22,534144795.0,24279308.863636363,2026-05-14 13:23:52,0.014613778705636743,4.413965937737413e-05,0.9677419354838709,0.573,26.56,추천,1.5
경기도,군포시,전국 주요 지역,시설유지보수,1,32818890.0,32818890.0,2026-04-09 14:23:51,0.0,2.7120261009816827e-06,0.45454545454545453,0.987,26.56,데이터부족,5.0
인천광역시,미추홀구,전국 주요 지역,건설/공사,16,83174361553.0,5198397597.0625,2026-05-14 11:34:48,0.010438413361169102,0.006873207456566123,0.9677419354838709,0.572,26.55,제외,11.8
경상북도,경주시,전국 주요 지역,기타/미분류,1,50000000.0,50000000.0,2026-04-16 15:33:41,0.0,4.131806561680914e-06,0.5084745762711864,0.943,26.49,제외,0.0
인천광역시,연수구,신도시/IT/주거,방역/소독,2,162941530.0,81470765.0,2026-05-07 11:29:08,0.0006958942240779402,1.346485765648655e-05,0.7894736842105263,0.728,26.43,데이터부족,5.0
부산광역시,해운대구,관광/해변/고소득,기타/미분류,4,318092080.0,79523020.0,2026-05-08 13:22:15,0.0020876826722338203,2.6285898867254605e-05,0.8108108108108107,0.706,26.37,제외,29.2
충청남도,당진시,전국 주요 지역,행사/운영용역,2,99600000.0,49800000.0,2026-04-21 13:47:55,0.0006958942240779402,8.23055867086838e-06,0.5555555555555556,0.9,26.36,데이터부족,0.0
경상북도,의성군,전국 주요 지역,행사/운영용역,1,15800000.0,15800000.0,2026-04-10 10:57:34,0.0,1.3056508734911688e-06,0.46153846153846145,0.968,26.28,데이터부족,0.0
경상북도,영천시,전국 주요 지역,IT장비/전산,2,10685430.0,5342715.0,2026-04-17 15:23:18,0.0006958942240779402,8.830025957676418e-07,0.5172413793103449,0.923,26.25,데이터부족,1.0
경기도,파주시,출판/DMZ/신도시,급식/식자재,2,284538300.0,142269150.0,2026-05-11 16:42:26,0.0006958942240779402,2.351314429979065e-05,0.8823529411764706,0.648,26.22,데이터부족,18.0
경상북도,안동시,전국 주요 지역,행사/운영용역,2,34684000.0,17342000.0,2026-04-20 15:04:54,0.0006958942240779402,2.8661515757068164e-06,0.5454545454545454,0.9,26.21,데이터부족,0.0
경상북도,울진군,전국 주요 지역,행사/운영용역,2,73800000.0,36900000.0,2026-04-20 17:15:41,0.0006958942240779402,6.098546485041029e-06,0.5454545454545454,0.9,26.21,데이터부족,0.0
울산광역시,울산광역시,전국 주요 지역,IT장비/전산,396,148125389890.0,374054014.8737374,2026-05-14 18:11:18,0.27487821851078637,0.012240509157980915,0.9677419354838709,0.018,26.18,추천,10.1
충청북도,증평군,전국 주요 지역,폐기물/환경,35,1969220000.0,56263428.571428575,2026-05-13 14:03:32,0.023660403618649965,0.0001627287223478658,0.9375,0.557,26.15,제외,1.5
부산광역시,남구,대학/항만/주거,교육물품/교구,3,2257674000.0,752558000.0,2026-05-07 14:38:36,0.0013917884481558804,0.0001865654449467279,0.7894736842105263,0.712,26.14,데이터부족,10.3
전라남도,완도군,전국 주요 지역,청소/환경미화,1,265452000.0,265452000.0,2026-04-13 14:42:25,0.0,2.193592630822644e-05,0.48387096774193555,0.944,26.14,데이터부족,7.0
전라남도,강진군,전국 주요 지역,건설/공사,17,1035627260.0,60919250.5882353,2026-05-14 09:37:36,0.011134307585247043,8.558023016647251e-05,0.9677419354838709,0.558,26.12,제외,2.9
경상남도,김해시,전국 주요 지역,전문용역/컨설팅,1,30000000.0,30000000.0,2026-04-14 14:22:31,0.0,2.4790839370085484e-06,0.49180327868852464,0.937,26.12,데이터부족,0.0
충청북도,옥천군,전국 주요 지역,폐기물/환경,31,1486433000.0,47949451.61290322,2026-05-11 14:05:18,0.020876826722338204,0.00012283307245798092,0.8823529411764706,0.602,26.11,제외,2.7
경기도,수원시,행정/산업/대학,건설/공사,6,1073736000.0,178956000.0,2026-04-28 10:39:52,0.003479471120389701,8.872938900626036e-05,0.6382978723404256,0.816,26.04,제외,12.5
부산광역시,부산광역시,전국 주요 지역,교육물품/교구,406,48989661918.0,120664191.91625616,2026-05-14 10:36:02,0.2818371607515658,0.0040483161313464395,0.9677419354838709,0.007,26.03,추천,13.3
서울특별시,도봉구,주거/자연/교육,보험/금융,1,185000000.0,185000000.0,2026-04-16 10:32:12,0.0,1.528768427821938e-05,0.5084745762711864,0.919,26.01,데이터부족,8.0
서울특별시,성북구,대학/문화/주거,보험/금융,1,45003260.0,45003260.0,2026-04-16 11:13:28,0.0,3.7188952993006443e-06,0.5084745762711864,0.919,26.01,데이터부족,5.0
충청남도,보령시,전국 주요 지역,전문용역/컨설팅,5,7130712000.0,1426142400.0,2026-05-11 17:00:47,0.0027835768963117608,0.0005892544526211366,0.8823529411764706,0.63,25.96,데이터부족,39.2
경기도,군포시,전국 주요 지역,폐기물/환경,24,1845210000.0,76883750.0,2026-05-07 16:30:54,0.016005567153792623,0.00015248101571358478,0.7894736842105263,0.672,25.93,제외,5.5
경상북도,안동시,전국 주요 지역,IT장비/전산,4,185602000.0,46400500.0,2026-04-28 10:15:41,0.0020876826722338203,1.533743122922202e-05,0.6382978723404256,0.813,25.92,데이터부족,2.8
서울특별시,성북구,대학/문화/주거,건설/공사,3,3495032000.0,1165010666.6666667,2026-04-15 18:00:17,0.0013917884481558804,0.00028881592301769536,0.5,0.915,25.86,제외,13.7
울산광역시,울산광역시,전국 주요 지역,폐기물/환경,386,300862766324.0,779437218.4559586,2026-05-13 10:55:06,0.26791927627000695,0.024862135041259493,0.9375,0.022,25.84,제외,6.0
인천광역시,동구,전국 주요 지역,폐기물/환경,32,4439662420.0,138739450.625,2026-05-11 14:50:10,0.021572720946416143,0.0003668765263720833,0.8823529411764706,0.585,25.81,제외,4.9
전라남도,나주시,전국 주요 지역,행사/운영용역,2,359877000.0,179938500.0,2026-04-17 11:26:19,0.0006958942240779402,2.9738842999960845e-05,0.5172413793103449,0.9,25.79,데이터부족,5.0
경상남도,밀양시,전국 주요 지역,폐기물/환경,16,3622191120.0,226386945.0,2026-04-28 14:31:18,0.010438413361169102,0.0002993238607455668,0.6382978723404256,0.785,25.7,제외,4.0
경기도,용인시,주거/산업/반도체,시설유지보수,13,1386235251.0,106633480.84615384,2026-04-28 13:33:01,0.008350730688935281,0.00011455311812230378,0.6382978723404256,0.787,25.65,추천,4.8
전라남도,장성군,전국 주요 지역,건설/공사,14,622555000.0,44468214.28571428,2026-05-11 13:42:51,0.009046624913013222,5.144553668014523e-05,0.8823529411764706,0.601,25.62,제외,1.1
전라남도,장흥군,전국 주요 지역,IT장비/전산,1,1041494000.0,1041494000.0,2026-04-01 17:51:17,0.0,8.606503486302604e-05,0.4054054054054054,0.975,25.58,데이터부족,20.0
강원특별자치도,정선군,전국 주요 지역,행사/운영용역,17,2202059490.0,129532911.1764706,2026-05-14 09:24:12,0.011134307585247043,0.00018196967699987454,0.9677419354838709,0.53,25.57,추천,10.9
부산광역시,사하구,공단/항만/주거,차량/운송,1,62898000.0,62898000.0,2026-04-08 13:27:53,0.0,5.197647382332123e-06,0.44776119402985076,0.939,25.5,데이터부족,5.0
경기도,구리시,전국 주요 지역,시설유지보수,5,610864660.0,122172932.0,2026-04-09 14:26:18,0.0027835768963117608,5.047949220973961e-05,0.45454545454545453,0.927,25.47,데이터부족,3.0
부산광역시,수영구,해변/문화/청년,IT장비/전산,7,4899473570.0,699924795.7142857,2026-05-07 14:10:59,0.0041753653444676405,0.00040487354090616424,0.7894736842105263,0.671,25.44,데이터부족,28.1
경기도,여주시,전국 주요 지역,IT장비/전산,10,2227645490.0,222764549.0,2026-05-13 16:07:30,0.006263048016701462,0.0001840840050536179,0.9375,0.556,25.44,추천,10.0
경기도,가평군,전국 주요 지역,조경/녹지관리,4,232382000.0,58095500.0,2026-05-11 16:11:31,0.0020876826722338203,1.9203149448330683e-05,0.8823529411764706,0.601,25.34,데이터부족,7.8
충청남도,논산시,전국 주요 지역,급수/전기/설비,5,40053600.0,8010720.0,2026-05-13 14:15:13,0.0027835768963117608,3.309874545978853e-06,0.9375,0.558,25.33,데이터부족,2.2
부산광역시,강서구,공항/산업단지/주거,인쇄/홍보물,1,100000000.0,100000000.0,2026-04-10 17:15:53,0.0,8.263613123361828e-06,0.46153846153846145,0.92,25.32,데이터부족,12.0
경기도,양주시,전국 주요 지역,전문용역/컨설팅,6,999800000.0,166633333.33333334,2026-05-12 09:39:15,0.003479471120389701,8.261960400737156e-05,0.9090909090909091,0.577,25.32,데이터부족,11.8
부산광역시,부산광역시,전국 주요 지역,기타/미분류,382,85171397439.0,222961773.40052357,2026-05-14 10:40:24,0.2651356993736952,0.007038234776119864,0.9677419354838709,0.0,25.3,제외,8.8
서울특별시,강동구,주거/강변/문화,의료/복지용품,1,24816000.0,24816000.0,2026-04-17 08:53:28,0.0,2.050698232693471e-06,0.5172413793103449,0.874,25.24,데이터부족,11.0
광주광역시,남구,대학/항만/주거,폐기물/환경,38,13776674400.0,362544063.15789473,2026-05-12 17:06:30,0.025748086290883786,0.0011384510736812293,0.9090909090909091,0.526,25.21,제외,12.3
부산광역시,서구,신도시/항만/산업,시설유지보수,25,12150542288.0,486021691.52,2026-05-14 18:49:52,0.016701461377870562,0.0010040738070707966,0.9677419354838709,0.498,25.17,추천,5.2
대구광역시,수성구,교육/고소득/주거,조경/녹지관리,1,64600000.0,64600000.0,2026-04-06 13:14:17,0.0,5.338294077691741e-06,0.4347826086956522,0.93,25.12,데이터부족,3.0
경기도,연천군,전국 주요 지역,조경/녹지관리,1,34098000.0,34098000.0,2026-04-06 11:27:49,0.0,2.817726802803916e-06,0.4347826086956522,0.93,25.12,데이터부족,3.0
부산광역시,부산진구,상업/교통/중심가,교육물품/교구,1,76740000.0,76740000.0,2026-04-09 12:41:39,0.0,6.341496710867867e-06,0.45454545454545453,0.914,25.1,데이터부족,14.0
경상북도,포항시,전국 주요 지역,폐기물/환경,14,798101302.0,57007235.85714286,2026-04-20 09:19:52,0.009046624913013222,6.595200392979362e-05,0.5454545454545454,0.826,25.07,제외,2.2
충청북도,청주시,전국 주요 지역,폐기물/환경,29,2323332350.0,80114908.62068966,2026-05-07 15:52:55,0.019485038274182326,0.00019199119697391076,0.7894736842105263,0.62,25.03,제외,6.0
경상북도,구미시,전국 주요 지역,IT장비/전산,4,92169000.0,23042250.0,2026-04-23 09:20:28,0.0020876826722338203,7.616489579671363e-06,0.5769230769230769,0.813,25.0,데이터부족,0.0
경상북도,성주군,전국 주요 지역,인쇄/홍보물,2,1453561690.0,726780845.0,2026-04-29 10:44:59,0.0006958942240779402,0.00012011671457099997,0.6521739130434783,0.759,24.99,데이터부족,11.5
충청남도,서천군,전국 주요 지역,건설/공사,19,819013000.0,43105947.368421055,2026-05-13 10:39:00,0.012526096033402923,6.768006575003941e-05,0.9375,0.518,24.93,제외,2.9
대전광역시,대전광역시,전국 주요 지역,IT장비/전산,342,206510072473.0,603830621.2660819,2026-05-14 17:08:26,0.2372999304105776,0.01706519344994285,0.9677419354838709,0.023,24.89,추천,11.4
전라남도,순천시,전국 주요 지역,전문용역/컨설팅,2,398800000.0,199400000.0,2026-04-20 18:03:46,0.0006958942240779402,3.295528913596697e-05,0.5454545454545454,0.833,24.87,데이터부족,10.0
전라북도,임실군,전국 주요 지역,시설유지보수,23,14192683000.0,617073173.9130435,2026-05-11 14:16:20,0.015309672929714684,0.0011728284149451432,0.8823529411764706,0.549,24.86,추천,6.2
경기도,양주시,전국 주요 지역,폐기물/환경,39,12408829730.0,318175121.28205127,2026-05-12 18:08:34,0.026443980514961725,0.001025417682023904,0.9090909090909091,0.507,24.86,제외,6.3
부산광역시,남구,대학/항만/주거,조경/녹지관리,1,700000000.0,700000000.0,2026-04-03 10:36:44,0.0,5.784529186353279e-05,0.4166666666666667,0.93,24.85,데이터부족,6.0
경상북도,칠곡군,전국 주요 지역,IT장비/전산,4,531285000.0,132821250.0,2026-04-22 16:57:34,0.0020876826722338203,4.3903336982452884e-05,0.5660377358490566,0.813,24.84,데이터부족,12.5
전라남도,담양군,전국 주요 지역,시설유지보수,24,488778681.0,20365778.375,2026-05-12 09:55:16,0.016005567153792623,4.039077922731085e-05,0.9090909090909091,0.527,24.82,추천,0.6
전라북도,진안군,전국 주요 지역,시설유지보수,15,11313356000.0,754223733.3333334,2026-04-30 09:27:31,0.009742519137091163,0.0009348919711086428,0.6666666666666666,0.72,24.81,추천,6.5
경상북도,포항시,전국 주요 지역,청소/환경미화,1,115000000.0,115000000.0,2026-03-30 13:05:18,0.0,9.503155091866103e-06,0.39473684210526316,0.944,24.8,데이터부족,0.0
경기도,의왕시,전국 주요 지역,청소/환경미화,1,76230000.0,76230000.0,2026-03-30 15:59:09,0.0,6.299352283938722e-06,0.39473684210526316,0.944,24.8,데이터부족,3.0
대구광역시,남구,대학/항만/주거,건설/공사,9,959882500.0,106653611.1111111,2026-04-30 17:25:05,0.0055671537926235215,7.93209762388536e-05,0.6666666666666666,0.729,24.8,제외,10.0
울산광역시,동구,전국 주요 지역,기타/미분류,6,1079401600.0,179900266.66666666,2026-05-11 18:14:36,0.003479471120389701,8.919757227137755e-05,0.8823529411764706,0.569,24.76,제외,17.0
전라남도,고흥군,전국 주요 지역,건설/공사,22,3248113000.0,147641500.0,2026-05-14 09:44:00,0.014613778705636743,0.0002684114921296216,0.9677419354838709,0.482,24.75,제외,3.7
부산광역시,사상구,공단/제조/교통,폐기물/환경,43,31708478405.0,737406474.5348837,2026-05-13 14:17:28,0.029227557411273485,0.002620265982693931,0.9375,0.472,24.74,제외,6.2
충청남도,서산시,전국 주요 지역,IT장비/전산,2,1451572000.0,725786000.0,2026-04-03 15:27:32,0.0006958942240779402,0.00011995229428704575,0.4166666666666667,0.923,24.74,데이터부족,27.5
서울특별시,종로구,공공기관/전통상권/관광,건설/공사,4,379223000.0,94805750.0,2026-04-13 15:49:19,0.0020876826722338203,3.1337521594806424e-05,0.48387096774193555,0.87,24.74,제외,6.2
강원특별자치도,태백시,전국 주요 지역,기타/미분류,7,9644947500.0,1377849642.857143,2026-05-14 13:51:17,0.0041753653444676405,0.0007970211473513585,0.9677419354838709,0.502,24.74,제외,5.9
강원특별자치도,고성군,전국 주요 지역,행사/운영용역,17,3832839740.0,225461161.17647058,2026-05-12 17:50:07,0.011134307585247043,0.0003167310477520674,0.9090909090909091,0.53,24.69,추천,7.8
인천광역시,미추홀구,전국 주요 지역,행사/운영용역,17,3406166460.0,200362732.94117647,2026-05-12 10:38:25,0.011134307585247043,0.000281472418592109,0.9090909090909091,0.53,24.69,추천,15.5
제주특별자치도,제주시,전국 주요 지역,건설/공사,315,238554085695.545,757314557.7636349,2026-05-15 14:32:53,0.21851078636047322,0.019713186731852878,1.0,0.022,24.67,제외,10.8
전라남도,진도군,전국 주요 지역,시설유지보수,19,321181958.0,16904313.57894737,2026-05-06 15:55:16,0.012526096033402923,2.6541234431158475e-05,0.7692307692307692,0.631,24.66,추천,0.3
경상남도,산청군,전국 주요 지역,시설유지보수,7,1000984000.0,142997714.2857143,2026-04-07 17:42:14,0.0041753653444676405,8.271744518675216e-05,0.4411764705882353,0.893,24.65,데이터부족,9.9
전라남도,담양군,전국 주요 지역,청소/환경미화,5,88674000.0,17734800.0,2026-05-07 15:07:37,0.0027835768963117608,7.3276763010098676e-06,0.7894736842105263,0.633,24.61,데이터부족,0.0
서울특별시,강북구,주거/서민/교육,청소/환경미화,2,400000000.0,200000000.0,2026-04-17 10:39:53,0.0006958942240779402,3.305445249344731e-05,0.5172413793103449,0.84,24.59,데이터부족,15.5
경기도,연천군,전국 주요 지역,시설유지보수,8,394880900.0,49360112.5,2026-04-08 22:52:23,0.0048712595685455815,3.2631429874049293e-05,0.45454545454545453,0.876,24.53,데이터부족,6.4
전라북도,장수군,전국 주요 지역,폐기물/환경,53,53971447490.0,1018329197.9245284,2026-05-15 17:29:36,0.03618649965205289,0.004459991617651978,1.0,0.398,24.52,제외,7.8
경기도,양평군,전국 주요 지역,폐기물/환경,34,9044848459.0,266024954.67647058,2026-05-08 16:23:48,0.022964509394572025,0.0007474312842461141,0.8108108108108107,0.57,24.5,제외,8.1
대구광역시,수성구,교육/고소득/주거,행사/운영용역,12,854666750.0,71222229.16666667,2026-05-06 17:15:21,0.007654836464857342,7.062635371401002e-05,0.7692307692307692,0.632,24.49,추천,9.9
대구광역시,수성구,교육/고소득/주거,건설/공사,18,11162102968.0,620116831.5555556,2026-05-11 07:52:36,0.011830201809324982,0.000922393005706808,0.8823529411764706,0.538,24.49,제외,13.6
대구광역시,동구,전국 주요 지역,건설/공사,18,1407880800.0,78215600.0,2026-05-11 15:09:23,0.011830201809324982,0.00011634182255009149,0.8823529411764706,0.538,24.47,제외,9.4
서울특별시,도봉구,주거/자연/교육,시설유지보수,13,3870837000.0,297756692.3076923,2026-04-21 09:52:40,0.008350730688935281,0.00031987099431594527,0.5555555555555556,0.787,24.42,추천,16.4
경기도,용인시,주거/산업/반도체,건설/공사,9,8111612034.0,901290226.0,2026-04-28 18:02:56,0.0055671537926235215,0.0006703122365578212,0.6382978723404256,0.729,24.39,제외,5.4
서울특별시,종로구,공공기관/전통상권/관광,폐기물/환경,11,5841471540.0,531042867.27272725,2026-04-07 15:36:37,0.006958942240779402,0.0004827166087768863,0.4411764705882353,0.872,24.35,제외,6.3
인천광역시,연수구,신도시/IT/주거,기타/미분류,7,416755000.0,59536428.571428575,2026-05-13 16:57:01,0.0041753653444676405,3.443902087226659e-05,0.9375,0.502,24.27,제외,5.4
경상남도,함안군,전국 주요 지역,조경/녹지관리,4,27888000.0,6972000.0,2026-05-08 09:54:04,0.0020876826722338203,2.3045564278431467e-06,0.8108108108108107,0.601,24.27,데이터부족,0.0
대전광역시,대덕구,전국 주요 지역,급수/전기/설비,6,190233000.0,31705500.0,2026-05-13 17:48:08,0.003479471120389701,1.5720119152964905e-05,0.9375,0.503,24.26,데이터부족,3.0
전라남도,함평군,전국 주요 지역,IT장비/전산,3,37014289.0,12338096.333333334,2026-04-09 17:38:34,0.0013917884481558804,3.0587176433230734e-06,0.45454545454545453,0.869,24.25,데이터부족,0.0
인천광역시,서구,신도시/항만/산업,행사/운영용역,21,3020681000.0,143841952.3809524,2026-05-14 17:52:15,0.013917884481558803,0.00024961739153089727,0.9677419354838709,0.458,24.24,추천,14.8
울산광역시,울산광역시,전국 주요 지역,건설/공사,349,266395161947.0,763309919.6189111,2026-05-12 14:45:22,0.24217118997912318,0.022013865562653286,0.9090909090909091,0.018,24.23,제외,11.2
경상남도,밀양시,전국 주요 지역,경비/보안,1,8400000.0,8400000.0,2026-04-15 10:52:18,0.0,6.941435023623935e-07,0.5,0.835,24.2,데이터부족,0.0
대구광역시,달서구,주거/산업/신시가지,의료/복지용품,1,133060000.0,133060000.0,2026-04-08 10:10:24,0.0,1.0995563621945248e-05,0.44776119402985076,0.874,24.2,데이터부족,8.0
부산광역시,동구,전국 주요 지역,폐기물/환경,57,68914975586.0,1209034659.4035087,2026-05-15 07:39:31,0.03897007654836465,0.005694866966486295,1.0,0.374,24.18,제외,6.7
충청남도,아산시,전국 주요 지역,시설유지보수,14,192267880.0,13733420.0,2026-04-23 11:04:23,0.009046624913013222,1.5888273763689572e-05,0.5769230769230769,0.756,24.14,추천,0.1
전라남도,함평군,전국 주요 지역,폐기물/환경,14,1841012000.0,131500857.14285715,2026-04-13 18:01:18,0.009046624913013222,0.00015213410923466605,0.48387096774193555,0.826,24.14,제외,5.0
경기도,시흥시,전국 주요 지역,시설유지보수,10,1419662230.0,141966223.0,2026-04-09 13:30:31,0.006263048016701462,0.00011731539434569118,0.45454545454545453,0.853,24.13,추천,5.9
전라북도,군산시,전국 주요 지역,의료/복지용품,3,96673450.0,32224483.333333332,2026-05-11 16:23:55,0.0013917884481558804,7.988719901006634e-06,0.8823529411764706,0.541,24.11,데이터부족,7.0
경기도,시흥시,전국 주요 지역,의료/복지용품,1,120000000.0,120000000.0,2026-04-07 14:33:24,0.0,9.916335748034194e-06,0.4411764705882353,0.874,24.1,데이터부족,1.0
서울특별시,강북구,주거/서민/교육,기타/미분류,3,894671000.0,298223666.6666667,2026-04-21 09:35:34,0.0013917884481558804,7.39321501669125e-05,0.5555555555555556,0.785,24.09,제외,8.3
부산광역시,동구,전국 주요 지역,행사/운영용역,19,4996882727.0,262993827.7368421,2026-05-12 10:35:08,0.012526096033402923,0.0004129230567873724,0.9090909090909091,0.495,24.05,추천,15.2
경상북도,청도군,전국 주요 지역,시설유지보수,7,3659849600.0,522835657.14285713,2026-03-31 15:49:39,0.0041753653444676405,0.00030243581184090536,0.4,0.893,24.03,데이터부족,2.0
부산광역시,수영구,해변/문화/청년,기타/미분류,4,1004822750.0,251205687.5,2026-04-29 14:03:08,0.0020876826722338203,8.303466463552521e-05,0.6521739130434783,0.706,23.99,제외,6.2
충청남도,공주시,전국 주요 지역,폐기물/환경,22,1731792300.0,78717831.81818181,2026-04-28 16:20:37,0.014613778705636743,0.00014310861577216964,0.6382978723404256,0.691,23.98,제외,2.5
경상북도,고령군,전국 주요 지역,폐기물/환경,12,1011526730.0,84293894.16666667,2026-04-07 09:19:39,0.007654836464857342,8.358865560659276e-05,0.4411764705882353,0.852,23.97,제외,2.2
경기도,오산시,전국 주요 지역,행사/운영용역,15,1584101620.0,105606774.66666667,2026-05-08 10:14:02,0.009742519137091163,0.0001309040293577073,0.8108108108108107,0.57,23.96,추천,7.7
경상북도,성주군,전국 주요 지역,시설유지보수,12,152620000.0,12718333.333333334,2026-04-13 17:15:51,0.007654836464857342,1.2611926348874822e-05,0.48387096774193555,0.818,23.92,추천,0.3
강원특별자치도,양양군,전국 주요 지역,건설/공사,22,21837886446.0,992631202.0909091,2026-05-12 15:26:59,0.014613778705636743,0.0018045984502165098,0.9090909090909091,0.482,23.91,제외,7.3
강원특별자치도,양양군,전국 주요 지역,시설유지보수,25,21037016000.0,841480640.0,2026-05-11 16:04:07,0.016701461377870562,0.0017384176149397275,0.8823529411764706,0.498,23.91,추천,7.8
전라남도,강진군,전국 주요 지역,시설유지보수,16,316272030.0,19767001.875,2026-04-29 14:36:13,0.010438413361169102,2.613549697660286e-05,0.6521739130434783,0.684,23.88,추천,1.2
울산광역시,울산광역시,전국 주요 지역,시설유지보수,335,40604458187.0,121207337.87164178,2026-05-13 10:55:59,0.232428670842032,0.003355395335410898,0.9375,0.022,23.88,추천,6.1
인천광역시,인천광역시,전국 주요 지역,급수/전기/설비,332,66046501996.0,198935246.9759036,2026-05-14 14:40:24,0.2303409881697982,0.005457827406462888,0.9677419354838709,0.0,23.87,추천,7.2
경기도,안양시,전국 주요 지역,기타/미분류,7,828877000.0,118411000.0,2026-05-12 16:48:56,0.0041753653444676405,6.849518854852781e-05,0.9090909090909091,0.502,23.85,제외,7.7
대전광역시,서구,신도시/항만/산업,전문용역/컨설팅,6,445416000.0,74236000.0,2026-05-08 10:01:07,0.003479471120389701,3.680745502955332e-05,0.8108108108108107,0.577,23.84,데이터부족,5.8
서울특별시,강동구,주거/강변/문화,시설유지보수,14,1328744000.0,94910285.71428572,2026-04-21 15:31:38,0.009046624913013222,0.00010980226355988289,0.5555555555555556,0.756,23.82,추천,12.4
충청남도,예산군,전국 주요 지역,보험/금융,2,7424200.0,3712100.0,2026-04-21 13:33:45,0.0006958942240779402,6.135071655046289e-07,0.5555555555555556,0.773,23.82,데이터부족,0.0
서울특별시,강서구,공항/산업단지/주거,행사/운영용역,3,383997000.0,127999000.0,2026-04-09 13:59:23,0.0013917884481558804,3.173202648531572e-05,0.45454545454545453,0.846,23.79,데이터부족,6.7
충청남도,천안시,전국 주요 지역,건설/공사,11,188121480.0,17101952.727272727,2026-04-30 15:27:58,0.006958942240779402,1.5545631309142496e-05,0.6666666666666666,0.675,23.78,제외,1.6
제주특별자치도,제주시,전국 주요 지역,차량/운송,299,26842003680.0,89772587.55852842,2026-05-15 16:57:39,0.20737647877522616,0.0022181193386737446,1.0,0.021,23.77,추천,6.0
대구광역시,북구,대학/주거/상업,폐기물/환경,52,72755964600.0,1399153165.3846154,2026-05-13 15:05:34,0.03549060542797495,0.0060122714387140855,0.9375,0.407,23.77,제외,13.6
경기도,과천시,전국 주요 지역,의료/복지용품,2,60000000.0,30000000.0,2026-04-30 15:31:56,0.0006958942240779402,4.958167874017097e-06,0.6666666666666666,0.687,23.77,데이터부족,16.0
인천광역시,인천광역시,전국 주요 지역,차량/운송,338,94709840338.0,280206628.2189349,2026-05-13 18:01:07,0.23451635351426584,0.007826454795286002,0.9375,0.006,23.76,추천,7.6
경상북도,칠곡군,전국 주요 지역,시설유지보수,23,1031576024.0,44851131.47826087,2026-05-08 16:08:18,0.015309672929714684,8.524545169671816e-05,0.8108108108108107,0.549,23.76,추천,3.2
서울특별시,금천구,제조/산업단지/중소기업,시설유지보수,6,1634024000.0,272337333.3333333,2026-03-23 17:59:18,0.003479471120389701,0.00013502942170288187,0.3614457831325301,0.909,23.74,데이터부족,15.7
전라북도,전라북도,전국 주요 지역,IT장비/전산,285,89722666463.0,314816373.55438596,2026-05-15 13:40:11,0.19763395963813501,0.00741433404046663,1.0,0.032,23.73,추천,10.6
전라남도,담양군,전국 주요 지역,폐기물/환경,19,2117956000.0,111471368.42105263,2026-04-23 10:18:57,0.012526096033402923,0.00017501968996302923,0.5769230769230769,0.728,23.72,제외,3.4
부산광역시,해운대구,관광/해변/고소득,건설/공사,24,893511000.0,37229625.0,2026-05-13 19:51:33,0.016005567153792623,7.38362922546815e-05,0.9375,0.451,23.72,제외,5.7
광주광역시,동구,전국 주요 지역,시설유지보수,27,18040096611.0,668151726.3333334,2026-05-13 09:49:48,0.018093249826026444,0.0014907637910137484,0.9375,0.444,23.7,추천,10.7
경상북도,영양군,전국 주요 지역,전문용역/컨설팅,3,79860000.0,26620000.0,2026-04-23 10:41:08,0.0013917884481558804,6.599321440316756e-06,0.5769230769230769,0.749,23.69,데이터부족,0.0
강원특별자치도,고성군,전국 주요 지역,교육물품/교구,3,701832540.0,233944180.0,2026-04-27 17:33:39,0.0013917884481558804,5.799672587946365e-05,0.625,0.712,23.67,데이터부족,14.0
전라북도,전주시,전국 주요 지역,폐기물/환경,257,454573646943.0,1768769054.2529182,2026-05-15 13:31:08,0.1781489213639527,0.03756420754412621,1.0,0.03,23.67,제외,5.7
경기도,동두천시,전국 주요 지역,급식/식자재,1,56400000.0,56400000.0,2026-04-06 16:51:26,0.0,4.660677801576071e-06,0.4347826086956522,0.857,23.66,데이터부족,3.0
서울특별시,용산구,외국인/관광/개발,건설/공사,4,1285715000.0,321428750.0,2026-04-02 17:13:55,0.0020876826722338203,0.00010624651346903152,0.410958904109589,0.87,23.65,제외,26.0
경기도,경기도,전국 주요 지역,IT장비/전산,295,193209589317.0,654947760.3966101,2026-05-14 15:53:06,0.2045929018789144,0.015966092978393104,0.9677419354838709,0.027,23.64,추천,13.7
경상남도,사천시,전국 주요 지역,IT장비/전산,3,56196000.0,18732000.0,2026-04-02 16:36:50,0.0013917884481558804,4.643820030804413e-06,0.410958904109589,0.869,23.6,데이터부족,0.0
광주광역시,북구,대학/주거/상업,폐기물/환경,60,38596983100.0,643283051.6666666,2026-05-14 15:51:17,0.04105775922059847,0.0031895053606733467,0.9677419354838709,0.367,23.58,제외,7.6
대구광역시,북구,대학/주거/상업,의료/복지용품,2,309060000.0,154530000.0,2026-04-29 13:44:39,0.0006958942240779402,2.5539522719062066e-05,0.6521739130434783,0.687,23.55,데이터부족,7.5
부산광역시,해운대구,관광/해변/고소득,전문용역/컨설팅,3,524695000.0,174898333.33333334,2026-04-22 19:26:11,0.0013917884481558804,4.335876487762334e-05,0.5660377358490566,0.749,23.53,데이터부족,11.0
인천광역시,서구,신도시/항만/산업,시설유지보수,29,6026103652.0,207796677.6551724,2026-05-14 16:34:44,0.019485038274182326,0.0004979738922140584,0.9677419354838709,0.411,23.53,추천,7.5
전라남도,여수시,전국 주요 지역,IT장비/전산,14,3140343800.0,224310271.42857143,2026-05-14 20:20:18,0.009046624913013222,0.0002595058623754795,0.9677419354838709,0.432,23.52,추천,11.5
대구광역시,대구광역시,전국 주요 지역,급식/식자재,323,17999915458.0,55727292.43962848,2026-05-14 15:29:57,0.22407794015309673,0.0014874433759813222,0.9677419354838709,0.0,23.52,추천,16.5
경기도,용인시,주거/산업/반도체,전문용역/컨설팅,2,251285890.0,125642945.0,2026-04-09 19:23:14,0.0006958942240779402,2.0765293783196567e-05,0.45454545454545453,0.833,23.51,데이터부족,7.5
울산광역시,동구,전국 주요 지역,급수/전기/설비,2,88155000.0,44077500.0,2026-04-08 16:32:20,0.0006958942240779402,7.284788148899619e-06,0.44776119402985076,0.838,23.5,데이터부족,5.0
경상북도,예천군,전국 주요 지역,시설유지보수,16,452531400.0,28283212.5,2026-04-27 11:06:26,0.010438413361169102,3.739544415773301e-05,0.625,0.684,23.47,추천,3.1
서울특별시,광진구,대학/강변/상업,차량/운송,1,60500000.0,60500000.0,2026-03-10 15:49:29,0.0,4.999485939633906e-06,0.3125,0.939,23.47,데이터부족,6.0
광주광역시,광산구,전국 주요 지역,행사/운영용역,24,3235046000.0,134793583.33333334,2026-05-14 13:20:15,0.016005567153792623,0.0002673316858027919,0.9677419354838709,0.415,23.46,추천,11.6
서울특별시,은평구,주거/문화/뉴타운,시설유지보수,13,52783482200.0,4060267861.5384617,2026-04-13 14:22:40,0.008350730688935281,0.004361822762046555,0.48387096774193555,0.787,23.44,추천,8.8
인천광역시,남동구,산업단지/주거,건설/공사,24,58814741734.0,2450614238.9166665,2026-05-12 17:27:59,0.016005567153792623,0.00486022271640219,0.9090909090909091,0.451,23.42,제외,8.5
경상북도,영주시,전국 주요 지역,의료/복지용품,1,125640000.0,125640000.0,2026-03-30 14:03:40,0.0,1.0382403528191801e-05,0.39473684210526316,0.874,23.4,데이터부족,7.0
경상북도,구미시,전국 주요 지역,의료/복지용품,1,116650000.0,116650000.0,2026-03-30 14:13:07,0.0,9.639504708401573e-06,0.39473684210526316,0.874,23.4,데이터부족,7.0
경상북도,안동시,전국 주요 지역,의료/복지용품,1,199638000.0,199638000.0,2026-03-30 13:51:26,0.0,1.6497311967217086e-05,0.39473684210526316,0.874,23.4,데이터부족,7.0
경기도,부천시,제조/주거/교통,급식/식자재,1,108158000.0,108158000.0,2026-04-03 11:04:40,0.0,8.937758681965685e-06,0.4166666666666667,0.857,23.39,데이터부족,5.0
충청북도,청주시,전국 주요 지역,교육물품/교구,4,119868000.0,29967000.0,2026-05-04 10:44:09,0.0020876826722338203,9.905427778711355e-06,0.7317073170731707,0.616,23.38,데이터부족,14.5
경기도,부천시,제조/주거/교통,폐기물/환경,50,16915940180.0,338318803.6,2026-05-12 13:24:22,0.03409881697981907,0.0013978678526545163,0.9090909090909091,0.417,23.38,제외,5.6
충청북도,청주시,전국 주요 지역,행사/운영용역,26,2288048000.0,88001846.15384616,2026-05-15 09:20:26,0.017397355601948505,0.00018907543479681783,1.0,0.383,23.36,추천,11.7
경기도,의왕시,전국 주요 지역,행사/운영용역,22,1871013200.0,85046054.54545455,2026-05-13 09:22:08,0.014613778705636743,0.00015461329233503208,0.9375,0.435,23.35,추천,7.0
경기도,의왕시,전국 주요 지역,교육물품/교구,5,1287957480.0,257591496.0,2026-05-08 15:03:53,0.0027835768963117608,0.00010643182334060029,0.8108108108108107,0.553,23.34,데이터부족,16.8
경상남도,남해군,전국 주요 지역,시설유지보수,11,260021000.0,23638272.727272727,2026-04-03 09:57:38,0.006958942240779402,2.148712947949666e-05,0.4166666666666667,0.84,23.33,추천,1.2
대구광역시,대구광역시,전국 주요 지역,차량/운송,305,51669549549.0,169408359.1770492,2026-05-14 11:11:55,0.2115518441196938,0.004269771677313106,0.9677419354838709,0.012,23.32,추천,7.4
서울특별시,영등포구,오피스/금융/교통,폐기물/환경,17,12869502880.0,757029581.1764706,2026-04-16 16:00:32,0.011134307585247043,0.0010634859289031084,0.5084745762711864,0.761,23.32,제외,6.8
경기도,군포시,전국 주요 지역,급식/식자재,1,69852000.0,69852000.0,2026-04-02 15:02:13,0.0,5.772299038930704e-06,0.410958904109589,0.857,23.3,데이터부족,5.0
대전광역시,중구,도심/관광/명동,행사/운영용역,14,4510931290.0,322209377.85714287,2026-05-04 16:49:58,0.009046624913013222,0.000372765910066275,0.7317073170731707,0.597,23.29,추천,7.8
서울특별시,광진구,대학/강변/상업,방역/소독,1,149072900.0,149072900.0,2026-03-17 17:24:48,0.0,1.2318807727776054e-05,0.33707865168539325,0.911,23.28,데이터부족,7.0
인천광역시,옹진군,전국 주요 지역,IT장비/전산,6,939293980.0,156548996.66666666,2026-04-24 13:21:09,0.003479471120389701,7.761962059822762e-05,0.5882352941176471,0.716,23.28,데이터부족,9.8
전라북도,임실군,전국 주요 지역,건설/공사,30,18085013000.0,602833766.6666666,2026-05-15 10:44:19,0.020180932498260265,0.0014944755076296925,1.0,0.372,23.28,제외,12.2
충청남도,예산군,전국 주요 지역,행사/운영용역,1,143173000.0,143173000.0,2026-02-19 17:14:40,0.0,1.183126281711083e-05,0.2608695652173913,0.968,23.27,데이터부족,7.0
강원특별자치도,평창군,전국 주요 지역,기타/미분류,8,796623440.0,99577930.0,2026-05-13 16:05:41,0.0048712595685455815,6.582987913161643e-05,0.9375,0.45,23.26,제외,5.0
서울특별시,성동구,성수/브랜드/라이프스타일,폐기물/환경,18,77171803940.0,4287322441.111111,2026-04-17 08:52:03,0.011830201809324982,0.0063771793179209,0.5172413793103449,0.743,23.25,제외,5.7
경상남도,합천군,전국 주요 지역,보험/금융,2,16192000.0,8096000.0,2026-04-17 17:48:50,0.0006958942240779402,1.3380442369347471e-06,0.5172413793103449,0.773,23.25,데이터부족,2.5
경기도,연천군,전국 주요 지역,보험/금융,3,165000000.0,55000000.0,2026-04-30 17:17:33,0.0013917884481558804,1.3634961653547016e-05,0.6666666666666666,0.658,23.22,데이터부족,6.7
경기도,파주시,출판/DMZ/신도시,시설유지보수,26,3064123475.0,117850902.88461539,2026-05-11 16:40:18,0.017397355601948505,0.0002532073095961105,0.8823529411764706,0.464,23.22,추천,4.2
대구광역시,중구,도심/관광/명동,시설유지보수,11,2179810000.0,198164545.45454547,2026-04-01 16:57:13,0.006958942240779402,0.00018013106522435347,0.4054054054054054,0.84,23.16,추천,5.9
부산광역시,동래구,교육/주거/전통,전문용역/컨설팅,8,716673000.0,89584125.0,2026-05-11 14:54:57,0.0048712595685455815,5.922308407959091e-05,0.8823529411764706,0.486,23.15,데이터부족,6.1
대전광역시,대덕구,전국 주요 지역,차량/운송,4,222190000.0,55547500.0,2026-04-24 15:22:17,0.0020876826722338203,1.8360921998797646e-05,0.5882352941176471,0.712,23.15,데이터부족,4.2
경기도,동두천시,전국 주요 지역,기타/미분류,2,121271370.0,60635685.0,2026-03-30 09:23:08,0.0006958942240779402,1.0021396846200679e-05,0.39473684210526316,0.859,23.13,제외,9.5
경상북도,울진군,전국 주요 지역,시설유지보수,15,200818550.0,13387903.333333334,2026-04-21 15:31:46,0.009742519137091163,1.6594868051944934e-05,0.5555555555555556,0.72,23.12,추천,5.7
울산광역시,동구,전국 주요 지역,폐기물/환경,66,25759574328.0,390296580.72727275,2026-05-14 17:58:52,0.04523312456506611,0.0021286715646907524,0.9677419354838709,0.337,23.12,제외,5.5
경기도,연천군,전국 주요 지역,폐기물/환경,40,5595856960.0,139896424.0,2026-05-08 18:22:43,0.027139874739039668,0.0004624199701111162,0.8108108108108107,0.493,23.12,제외,5.2
경상남도,밀양시,전국 주요 지역,시설유지보수,15,317650000.0,21176666.666666668,2026-04-21 17:50:16,0.009742519137091163,2.6249367086358847e-05,0.5555555555555556,0.72,23.12,추천,0.7
대구광역시,수성구,교육/고소득/주거,급수/전기/설비,5,195902660.0,39180532.0,2026-05-07 10:31:13,0.0027835768963117608,1.61886379207749e-05,0.7894736842105263,0.558,23.11,데이터부족,5.8
서울특별시,서대문구,대학/의료/주거,행사/운영용역,2,334976000.0,167488000.0,2026-03-17 14:58:23,0.0006958942240779402,2.7681120696112516e-05,0.33707865168539325,0.9,23.08,데이터부족,12.0
전라남도,해남군,전국 주요 지역,행사/운영용역,3,74725000.0,24908333.333333332,2026-04-01 14:54:17,0.0013917884481558804,6.174984906432126e-06,0.4054054054054054,0.846,23.06,데이터부족,4.3
세종특별자치시,세종시,전국 주요 지역,행사/운영용역,265,64086077977.0,241834256.51698112,2026-05-14 11:18:32,0.1837160751565762,0.005295825549955266,0.9677419354838709,0.05,23.0,추천,12.5
경상북도,성주군,전국 주요 지역,기타/미분류,1,4435270.0,4435270.0,2026-02-25 10:33:36,0.0,3.6651355377653015e-07,0.27522935779816515,0.943,22.99,제외,0.0
전라북도,고창군,전국 주요 지역,청소/환경미화,2,118800000.0,59400000.0,2026-04-02 08:33:16,0.0006958942240779402,9.817172390553851e-06,0.410958904109589,0.84,22.99,데이터부족,6.5
경기도,안성시,전국 주요 지역,시설유지보수,32,2006290880.0,62696590.0,2026-05-14 17:18:24,0.021572720946416143,0.0001657921164524915,0.9677419354838709,0.38,22.98,추천,6.1
경기도,의정부시,교통/주거/군부대,조경/녹지관리,6,330108000.0,55018000.0,2026-05-11 17:13:40,0.003479471120389701,2.7278848009267264e-05,0.8823529411764706,0.48,22.98,데이터부족,3.8
전라남도,강진군,전국 주요 지역,폐기물/환경,6,824236600.0,137372766.66666666,2026-02-24 16:05:42,0.003479471120389701,6.811172384515134e-05,0.27272727272727276,0.937,22.97,제외,5.2
경상북도,김천시,전국 주요 지역,행사/운영용역,28,95012520.0,3393304.285714286,2026-05-15 16:20:58,0.018789144050104383,7.851467071556782e-06,1.0,0.361,22.97,추천,9.5
서울특별시,마포구,홍대/관광/문화콘텐츠,IT장비/전산,4,1551421120.0,387855280.0,2026-04-07 17:52:32,0.0020876826722338203,0.00012820343927092705,0.4411764705882353,0.813,22.96,데이터부족,17.0
경상북도,문경시,전국 주요 지역,IT장비/전산,5,232004300.0,46400860.0,2026-04-16 17:48:39,0.0027835768963117608,1.9171937781563744e-05,0.5084745762711864,0.759,22.92,데이터부족,4.8
부산광역시,영도구,전국 주요 지역,IT장비/전산,10,2238636780.0,223863678.0,2026-05-06 14:57:54,0.006263048016701462,0.00018499228273648465,0.7692307692307692,0.556,22.91,추천,10.9
경기도,남양주시,주거/자연/신도시,폐기물/환경,61,19891121080.0,326083952.13114756,2026-05-13 11:08:26,0.04175365344467641,0.0016437252919506708,0.9375,0.357,22.91,제외,5.9
전라남도,함평군,전국 주요 지역,시설유지보수,13,297313970.0,22870305.384615384,2026-04-09 14:38:56,0.008350730688935281,2.456887624250805e-05,0.45454545454545453,0.787,22.89,추천,0.6
대전광역시,대전광역시,전국 주요 지역,급수/전기/설비,309,69412829573.0,224636988.90938511,2026-05-13 13:08:27,0.21433542101600556,0.005736007693891208,0.9375,0.005,22.88,추천,6.2
충청남도,아산시,전국 주요 지역,IT장비/전산,4,69851000.0,17462750.0,2026-04-06 10:48:54,0.0020876826722338203,5.772216402799471e-06,0.4347826086956522,0.813,22.87,데이터부족,0.0
경상북도,포항시,전국 주요 지역,시설유지보수,30,787481342.0,26249378.066666666,2026-05-13 09:23:44,0.020180932498260265,6.507441152153784e-05,0.9375,0.4,22.87,추천,3.4
충청남도,논산시,전국 주요 지역,기타/미분류,4,77469000.0,19367250.0,2026-04-23 15:21:09,0.0020876826722338203,6.401738450537174e-06,0.5769230769230769,0.706,22.86,제외,0.0
경상북도,안동시,전국 주요 지역,폐기물/환경,18,2109960000.0,117220000.0,2026-04-15 14:31:05,0.011830201809324982,0.00017435893145768523,0.5,0.743,22.84,제외,3.6
서울특별시,성북구,대학/문화/주거,행사/운영용역,4,1695661000.0,423915250.0,2026-04-06 15:37:41,0.0020876826722338203,0.0001401228649237284,0.4347826086956522,0.811,22.83,데이터부족,7.8
경상북도,성주군,전국 주요 지역,차량/운송,1,12045000.0,12045000.0,2026-02-23 17:18:27,0.0,9.953522007089321e-07,0.27027027027027023,0.939,22.83,데이터부족,0.0
경기도,포천시,전국 주요 지역,기타/미분류,8,1495528000.0,186941000.0,2026-05-12 11:02:51,0.0048712595685455815,0.00012358464807155068,0.9090909090909091,0.45,22.83,제외,7.9
충청남도,청양군,전국 주요 지역,의료/복지용품,4,38103000.0,9525750.0,2026-05-14 10:06:13,0.0020876826722338203,3.1486845083945574e-06,0.9677419354838709,0.411,22.82,데이터부족,0.0
충청남도,천안시,전국 주요 지역,행사/운영용역,8,2365497000.0,295687125.0,2026-04-20 13:15:24,0.0048712595685455815,0.00019547552052473033,0.5454545454545454,0.721,22.8,데이터부족,18.0
경기도,양평군,전국 주요 지역,보험/금융,3,166751600.0,55583866.666666664,2026-04-28 13:30:24,0.0013917884481558804,1.3779707101015822e-05,0.6382978723404256,0.658,22.79,데이터부족,3.7
경상남도,밀양시,전국 주요 지역,급수/전기/설비,3,39878000.0,13292666.666666666,2026-04-16 15:44:33,0.0013917884481558804,3.29536364133423e-06,0.5084745762711864,0.755,22.78,데이터부족,0.0
대구광역시,북구,대학/주거/상업,시설유지보수,12,12060659587.0,1005054965.5833334,2026-04-01 13:39:57,0.007654836464857342,0.0009966462483953285,0.4054054054054054,0.818,22.77,추천,7.9
경기도,이천시,전국 주요 지역,건설/공사,1,59891750.0,59891750.0,2026-01-27 14:27:42,0.0,4.949222512811057e-06,0.2173913043478261,0.975,22.76,제외,5.0
경기도,가평군,전국 주요 지역,행사/운영용역,23,3154843700.0,137167117.39130434,2026-05-12 11:16:47,0.015309672929714684,0.00026070407801475384,0.9090909090909091,0.425,22.76,추천,9.1
경기도,고양시,신도시/주거/교통,시설유지보수,12,1915504318.0,159625359.83333334,2026-04-01 15:29:01,0.007654836464857342,0.00015828986620081048,0.4054054054054054,0.818,22.75,추천,15.4
경상북도,문경시,전국 주요 지역,시설유지보수,18,346075020.0,19226390.0,2026-04-27 11:07:38,0.011830201809324982,2.859830076939707e-05,0.625,0.644,22.73,추천,4.8
경상남도,합천군,전국 주요 지역,기타/미분류,5,596755000.0,119351000.0,2026-04-29 10:44:13,0.0027835768963117608,4.931352449431788e-05,0.6521739130434783,0.641,22.72,제외,11.6
전라북도,김제시,전국 주요 지역,인쇄/홍보물,2,247335000.0,123667500.0,2026-04-15 12:42:28,0.0006958942240779402,2.043880751866698e-05,0.5,0.759,22.71,데이터부족,10.0
부산광역시,북구,대학/주거/상업,행사/운영용역,7,1402066400.0,200295200.0,2026-04-15 15:20:56,0.0041753653444676405,0.00011586134302864674,0.5,0.751,22.69,데이터부족,11.3
울산광역시,울주군,전국 주요 지역,인쇄/홍보물,6,1644000000.0,274000000.0,2026-05-13 16:50:19,0.003479471120389701,0.00013585379974806846,0.9375,0.423,22.67,데이터부족,19.3
서울특별시,마포구,홍대/관광/문화콘텐츠,행사/운영용역,5,862404400.0,172480880.0,2026-04-10 14:57:55,0.0027835768963117608,7.126576317484983e-05,0.46153846153846145,0.781,22.66,데이터부족,10.0
대구광역시,대구광역시,전국 주요 지역,기타/미분류,302,53558894014.0,177347331.17218542,2026-05-13 13:58:14,0.20946416144746,0.004425899794468356,0.9375,0.005,22.65,제외,10.5
전라남도,장흥군,전국 주요 지역,전문용역/컨설팅,1,231000000.0,231000000.0,2026-02-19 17:30:26,0.0,1.9088946314965822e-05,0.2608695652173913,0.937,22.65,데이터부족,40.0
강원특별자치도,강원특별자치도,전국 주요 지역,IT장비/전산,258,123792441217.0,479815663.63178295,2026-05-14 15:26:40,0.17884481558803061,0.010229728418137988,0.9677419354838709,0.036,22.65,추천,11.9
충청남도,천안시,전국 주요 지역,폐기물/환경,16,807924100.0,50495256.25,2026-04-06 17:47:29,0.010438413361169102,6.676372195440294e-05,0.4347826086956522,0.785,22.64,제외,2.3
인천광역시,미추홀구,전국 주요 지역,교육물품/교구,9,1879729380.0,208858820.0,2026-05-14 13:15:47,0.0055671537926235215,0.0001553335637293679,0.9677419354838709,0.394,22.62,데이터부족,13.6
경기도,김포시,신도시/공항/주거,시설유지보수,13,3402815570.0,261755043.84615386,2026-04-06 20:05:19,0.008350730688935281,0.0002811955140063196,0.4347826086956522,0.787,22.6,추천,9.2
충청북도,음성군,전국 주요 지역,IT장비/전산,2,13118000.0,6559000.0,2026-02-24 15:52:59,0.0006958942240779402,1.0840207695226045e-06,0.27272727272727276,0.923,22.58,데이터부족,0.0
부산광역시,연제구,행정/주거/교육,폐기물/환경,38,20740366904.0,545799129.0526316,2026-05-04 13:36:04,0.025748086290883786,0.0017139036813123372,0.7317073170731707,0.526,22.57,제외,8.8
제주특별자치도,서귀포시,전국 주요 지역,청소/환경미화,11,667147770.0,60649797.27272727,2026-05-15 13:33:24,0.006958942240779402,5.5130510673935785e-05,1.0,0.364,22.56,추천,5.1
충청남도,공주시,전국 주요 지역,조경/녹지관리,1,10648000.0,10648000.0,2026-02-20 11:38:58,0.0,8.799095253755674e-07,0.2631578947368421,0.93,22.55,데이터부족,0.0
전라남도,함평군,전국 주요 지역,건설/공사,6,128941000.0,21490166.666666668,2026-04-01 17:33:12,0.003479471120389701,1.0655185397393974e-05,0.4054054054054054,0.816,22.54,제외,0.0
경상북도,구미시,전국 주요 지역,폐기물/환경,6,556764020.0,92794003.33333333,2026-02-11 11:25:35,0.003479471120389701,4.600882462287687e-05,0.24390243902439027,0.937,22.54,제외,3.7
강원특별자치도,양구군,전국 주요 지역,급수/전기/설비,8,2064791500.0,258098937.5,2026-05-13 16:42:52,0.0048712595685455815,0.00017062638136405953,0.9375,0.412,22.5,데이터부족,6.4
경기도,구리시,전국 주요 지역,폐기물/환경,40,4181520600.0,104538015.0,2026-05-06 17:29:29,0.027139874739039668,0.00034554468505767827,0.7692307692307692,0.493,22.49,제외,5.1
서울특별시,강북구,주거/서민/교육,폐기물/환경,21,81151901840.0,3864376278.095238,2026-04-17 16:43:12,0.013917884481558803,0.006706079210307948,0.5172413793103449,0.7,22.48,제외,8.0
서울특별시,서초구,법조/교육/고소득,시설유지보수,16,21996470410.0,1374779400.625,2026-04-21 15:17:41,0.010438413361169102,0.0018177032154771612,0.5555555555555556,0.684,22.48,추천,9.1
부산광역시,부산광역시,전국 주요 지역,인쇄/홍보물,263,70266936551.0,267174663.6920152,2026-05-15 08:58:12,0.18232428670842032,0.005806587790212765,1.0,0.0,22.44,추천,13.5
경기도,안성시,전국 주요 지역,건설/공사,8,1175564000.0,146945500.0,2026-04-09 15:00:44,0.0048712595685455815,9.714406097751724e-05,0.45454545454545453,0.771,22.44,제외,5.6
대전광역시,대전광역시,전국 주요 지역,차량/운송,299,42842476775.0,143285875.50167224,2026-05-12 18:57:56,0.20737647877522616,0.0035403365331521434,0.9090909090909091,0.021,22.44,추천,6.4
전라남도,화순군,전국 주요 지역,행사/운영용역,16,2785998001.0,174124875.0625,2026-05-04 16:46:19,0.010438413361169102,0.00023022409642723418,0.7317073170731707,0.55,22.4,추천,11.5
서울특별시,강동구,주거/강변/문화,청소/환경미화,4,723997080.0,180999270.0,2026-04-22 16:25:57,0.0020876826722338203,5.982831771563643e-05,0.5660377358490566,0.691,22.4,데이터부족,6.5
인천광역시,옹진군,전국 주요 지역,폐기물/환경,78,39905183710.0,511604919.35897434,2026-05-14 17:19:48,0.05358385525400139,0.0032976099979612063,0.9677419354838709,0.283,22.4,제외,5.3
경상북도,경주시,전국 주요 지역,폐기물/환경,17,470554860.0,27679697.647058822,2026-04-08 15:14:19,0.011134307585247043,3.8884833163576876e-05,0.44776119402985076,0.761,22.38,제외,0.6
광주광역시,서구,신도시/항만/산업,조경/녹지관리,3,1189620000.0,396540000.0,2026-04-22 15:40:59,0.0013917884481558804,9.830559443813698e-05,0.5660377358490566,0.691,22.37,데이터부족,5.3
충청남도,충청남도,전국 주요 지역,방역/소독,2,70610000.0,35305000.0,2026-04-17 14:16:21,0.0006958942240779402,5.834937226405786e-06,0.5172413793103449,0.728,22.35,데이터부족,7.0
충청남도,논산시,전국 주요 지역,폐기물/환경,32,3181211000.0,99412843.75,2026-04-29 15:35:11,0.021572720946416143,0.00026288296967783004,0.6521739130434783,0.585,22.35,제외,3.9
전라남도,여수시,전국 주요 지역,인쇄/홍보물,1,49800000.0,49800000.0,2026-02-20 15:16:59,0.0,4.11527933543419e-06,0.2631578947368421,0.92,22.35,데이터부족,6.0
충청남도,아산시,전국 주요 지역,급수/전기/설비,1,3012000.0,3012000.0,2026-02-09 11:05:26,0.0,2.4890002727565825e-07,0.24000000000000005,0.937,22.34,데이터부족,0.0
강원특별자치도,양구군,전국 주요 지역,건설/공사,30,10453521700.0,348450723.3333333,2026-05-13 11:30:36,0.020180932498260265,0.0008638385910546765,0.9375,0.372,22.33,제외,4.4
경상북도,경주시,전국 주요 지역,전문용역/컨설팅,5,512979000.0,102595800.0,2026-04-28 17:56:38,0.0027835768963117608,4.239059996409027e-05,0.6382978723404256,0.63,22.29,데이터부족,5.8
경상북도,예천군,전국 주요 지역,폐기물/환경,8,772182100.0,96522762.5,2026-02-23 16:32:33,0.0048712595685455815,6.381014135185095e-05,0.27027027027027023,0.902,22.29,제외,2.8
경상남도,밀양시,전국 주요 지역,보험/금융,1,11396000.0,11396000.0,2026-02-19 14:24:05,0.0,9.417213515383139e-07,0.2608695652173913,0.919,22.29,데이터부족,0.0
전라남도,구례군,전국 주요 지역,시설유지보수,4,232222000.0,58055500.0,2026-01-27 10:49:03,0.0020876826722338203,1.9189927667333303e-05,0.2173913043478261,0.947,22.28,데이터부족,2.8
경상남도,양산시,전국 주요 지역,시설유지보수,6,60201280.0,10033546.666666666,2026-02-20 10:54:46,0.003479471120389701,4.974800874511799e-06,0.2631578947368421,0.909,22.27,데이터부족,0.0
부산광역시,북구,대학/주거/상업,건설/공사,18,30461366368.0,1692298131.5555556,2026-05-04 14:18:27,0.011830201809324982,0.002517209468741374,0.7317073170731707,0.538,22.27,제외,7.0
서울특별시,금천구,제조/산업단지/중소기업,건설/공사,4,1734474000.0,433618500.0,2026-03-12 22:45:35,0.0020876826722338203,0.00014333022108529883,0.3191489361702128,0.87,22.27,제외,30.8
경상남도,고성군,전국 주요 지역,폐기물/환경,1,22454000.0,22454000.0,2025-12-18 11:17:36,0.0,1.8555116907196647e-06,0.16853932584269662,0.987,22.27,제외,7.0
인천광역시,계양구,주거/교통,행사/운영용역,13,1923627000.0,147971307.69230768,2026-04-28 09:44:05,0.008350730688935281,0.00015896109321653142,0.6382978723404256,0.617,22.25,추천,12.5
제주특별자치도,제주시,전국 주요 지역,전문용역/컨설팅,255,34864191923.0,136722321.26666668,2026-05-15 17:34:54,0.1767571329157968,0.0028810419391030826,1.0,0.005,22.24,추천,13.4
전라북도,군산시,전국 주요 지역,조경/녹지관리,8,736093000.0,92011625.0,2026-05-12 14:21:30,0.0048712595685455815,6.082787774814778e-05,0.9090909090909091,0.419,22.21,데이터부족,7.5
충청북도,진천군,전국 주요 지역,급수/전기/설비,1,11132000.0,11132000.0,2026-02-04 09:58:23,0.0,9.199054128926387e-07,0.23076923076923073,0.937,22.2,데이터부족,0.0
전라북도,군산시,전국 주요 지역,폐기물/환경,267,98500043287.0,368914019.8014981,2026-05-13 15:36:17,0.18510786360473208,0.008139662503581613,0.9375,0.026,22.19,제외,6.0
인천광역시,계양구,주거/교통,건설/공사,14,10564945146.0,754638939.0,2026-04-29 17:15:26,0.009046624913013222,0.0008730461935608344,0.6521739130434783,0.601,22.19,제외,6.7
경상북도,구미시,전국 주요 지역,시설유지보수,15,315617000.0,21041133.333333332,2026-04-14 14:10:55,0.009742519137091163,2.60813678315609e-05,0.49180327868852464,0.72,22.17,추천,0.3
전라북도,익산시,전국 주요 지역,폐기물/환경,219,264591076450.0,1208178431.2785387,2026-05-14 11:25:01,0.15170494084899094,0.021864782916766527,0.9677419354838709,0.052,22.17,제외,7.2
충청남도,금산군,전국 주요 지역,시설유지보수,1,198690000.0,198690000.0,2025-12-09 16:07:27,0.0,1.6418972914807614e-05,0.16042780748663102,0.987,22.15,데이터부족,14.0
세종특별자치시,세종시,전국 주요 지역,시설유지보수,252,49890807340.0,197979394.2063492,2026-05-14 11:20:13,0.17466945024356298,0.004122783302699406,0.9677419354838709,0.027,22.15,추천,6.9
서울특별시,광진구,대학/강변/상업,건설/공사,7,8493595574.0,1213370796.2857144,2026-03-31 16:48:19,0.0041753653444676405,0.0007018778784983434,0.4,0.798,22.14,제외,15.4
대구광역시,대구광역시,전국 주요 지역,급수/전기/설비,264,31744895314.0,120245815.58333333,2026-05-14 11:04:08,0.18302018093249825,0.0026232753351651777,0.9677419354838709,0.011,22.12,추천,6.6
충청남도,논산시,전국 주요 지역,차량/운송,6,99982630.0,16663771.666666666,2026-04-27 17:18:56,0.003479471120389701,8.2621777337623e-06,0.625,0.629,22.09,데이터부족,0.0
전라북도,순창군,전국 주요 지역,건설/공사,31,3915830200.0,126317103.22580644,2026-05-13 09:06:26,0.020876826722338204,0.0003235890582957657,0.9375,0.359,22.09,제외,8.7
강원특별자치도,태백시,전국 주요 지역,건설/공사,22,10562878000.0,480130818.1818182,2026-05-07 17:39:57,0.014613778705636743,0.0008728753726126993,0.7894736842105263,0.482,22.09,제외,12.7
전라북도,임실군,전국 주요 지역,청소/환경미화,4,133093000.0,33273250.0,2026-04-20 13:41:38,0.0020876826722338203,1.0998290614275958e-05,0.5454545454545454,0.691,22.09,데이터부족,6.0
경상북도,상주시,전국 주요 지역,폐기물/환경,35,2120605248.0,60588721.37142857,2026-04-30 10:02:34,0.023660403618649965,0.00017523861356842762,0.6666666666666666,0.557,22.09,제외,1.7
부산광역시,연제구,행정/주거/교육,IT장비/전산,7,1844322440.0,263474634.2857143,2026-04-22 15:33:54,0.0041753653444676405,0.00015240767118894708,0.5660377358490566,0.671,22.08,데이터부족,13.3
경기도,시흥시,전국 주요 지역,폐기물/환경,46,25180543422.0,547403117.8695652,2026-05-07 09:58:35,0.031315240083507306,0.0020808226907542155,0.7894736842105263,0.446,22.07,제외,6.2
대구광역시,동구,전국 주요 지역,조경/녹지관리,2,116436000.0,58218000.0,2026-03-30 13:28:51,0.0006958942240779402,9.621820576317578e-06,0.39473684210526316,0.806,22.07,데이터부족,4.0
경기도,안양시,전국 주요 지역,조경/녹지관리,2,250646000.0,125323000.0,2026-03-30 15:52:28,0.0006958942240779402,2.0712415749181488e-05,0.39473684210526316,0.806,22.07,데이터부족,4.0
대구광역시,남구,대학/항만/주거,조경/녹지관리,3,657403000.0,219134333.33333334,2026-04-20 11:32:57,0.0013917884481558804,5.4325240581374354e-05,0.5454545454545454,0.691,22.06,데이터부족,23.0
전라북도,순창군,전국 주요 지역,폐기물/환경,67,8973180300.0,133928064.17910448,2026-05-12 21:32:42,0.04592901878914405,0.0007415089048537182,0.9090909090909091,0.328,22.05,제외,5.1
경상남도,경상남도,전국 주요 지역,폐기물/환경,67,9192131570.0,137195993.58208954,2026-05-12 14:15:09,0.04592901878914405,0.0007596021907352056,0.9090909090909091,0.328,22.05,제외,4.2
충청북도,충청북도,전국 주요 지역,폐기물/환경,74,7641525121.0,103263852.98648648,2026-05-13 09:37:05,0.05080027835768963,0.0006314660727239468,0.9375,0.296,22.03,제외,5.5
경상남도,의령군,전국 주요 지역,급수/전기/설비,9,68718000.0,7635333.333333333,2026-05-13 13:49:55,0.0055671537926235215,5.678589666111781e-06,0.9375,0.387,22.03,데이터부족,0.0
경기도,과천시,전국 주요 지역,전문용역/컨설팅,1,50000000.0,50000000.0,2026-01-28 16:30:51,0.0,4.131806561680914e-06,0.21897810218978103,0.937,22.02,데이터부족,12.0
인천광역시,옹진군,전국 주요 지역,전문용역/컨설팅,10,1029623500.0,102962350.0,2026-05-12 17:43:01,0.006263048016701462,8.508410266721737e-05,0.9090909090909091,0.406,22.01,추천,6.5
충청남도,보령시,전국 주요 지역,청소/환경미화,1,36922000.0,36922000.0,2026-01-21 14:32:16,0.0,3.0510912374076543e-06,0.20833333333333334,0.944,22.01,데이터부족,6.0
부산광역시,부산진구,상업/교통/중심가,시설유지보수,36,2134232873.0,59284246.472222224,2026-05-15 06:23:12,0.024356297842727904,0.00017636474777633018,1.0,0.3,21.98,추천,8.1
경상북도,고령군,전국 주요 지역,건설/공사,3,90542000.0,30180666.666666668,2026-02-10 17:25:44,0.0013917884481558804,7.482040594154266e-06,0.24193548387096778,0.915,21.98,제외,2.7
강원특별자치도,강원특별자치도,전국 주요 지역,사무용품/소모품,1,27000001.0,27000001.0,2026-04-24 14:55:42,0.0,2.2311756259438246e-06,0.5882352941176471,0.658,21.98,데이터부족,3.0
충청남도,청양군,전국 주요 지역,기타/미분류,4,263052000.0,65763000.0,2026-04-17 16:36:36,0.0020876826722338203,2.1737599593265756e-05,0.5172413793103449,0.706,21.96,제외,4.5
전라북도,전주시,전국 주요 지역,행사/운영용역,192,71609124619.0,372964190.7239583,2026-05-15 17:34:58,0.13291579679888657,0.005917501019540209,1.0,0.075,21.96,추천,14.2
전라남도,고흥군,전국 주요 지역,전문용역/컨설팅,3,914820000.0,304940000.0,2026-04-10 17:56:59,0.0013917884481558804,7.559718557513867e-05,0.46153846153846145,0.749,21.96,데이터부족,8.7
경기도,안양시,전국 주요 지역,폐기물/환경,49,7947394000.0,162191714.2857143,2026-05-08 15:22:33,0.033402922755741124,0.0006567418935492705,0.8108108108108107,0.422,21.95,제외,5.1
서울특별시,영등포구,오피스/금융/교통,차량/운송,4,229226920.0,57306730.0,2026-04-16 07:52:02,0.0020876826722338203,1.8942425843398117e-05,0.5084745762711864,0.712,21.95,데이터부족,9.0
부산광역시,사상구,공단/제조/교통,급수/전기/설비,10,13890389075.0,1389038907.5,2026-05-14 09:35:23,0.006263048016701462,0.0011478480144877176,0.9677419354838709,0.357,21.94,추천,13.5
강원특별자치도,정선군,전국 주요 지역,폐기물/환경,82,12365820530.0,150802689.3902439,2026-05-14 15:04:33,0.05636743215031315,0.0010218635681284512,0.9677419354838709,0.257,21.94,제외,5.4
전라북도,부안군,전국 주요 지역,시설유지보수,35,32223150600.0,920661445.7142857,2026-05-14 14:41:47,0.023660403618649965,0.0026627965017422457,0.9677419354838709,0.32,21.93,추천,5.5
경기도,안성시,전국 주요 지역,폐기물/환경,77,7304325056.0,94861364.36363636,2026-05-13 14:56:34,0.05288796102992345,0.0006036011639006222,0.9375,0.287,21.93,제외,5.8
전라북도,진안군,전국 주요 지역,행사/운영용역,25,5811506910.0,232460276.4,2026-05-11 16:39:07,0.016701461377870562,0.00048024044767983943,0.8823529411764706,0.4,21.92,추천,12.6
강원특별자치도,양구군,전국 주요 지역,인쇄/홍보물,2,200000000.0,100000000.0,2026-04-08 16:34:00,0.0006958942240779402,1.6527226246723656e-05,0.44776119402985076,0.759,21.92,데이터부족,12.0
인천광역시,인천광역시,전국 주요 지역,기타/미분류,265,145040654085.0,547323222.9622642,2026-05-13 10:25:34,0.1837160751565762,0.011985598525177893,0.9375,0.01,21.91,제외,11.1
서울특별시,강서구,공항/산업단지/주거,전문용역/컨설팅,1,128173930.0,128173930.0,2026-01-23 20:00:35,0.0,1.0591797700208603e-05,0.2112676056338028,0.937,21.91,데이터부족,33.0
전라북도,전라북도,전국 주요 지역,폐기물/환경,203,28689724840.0,141328693.79310346,2026-05-15 10:25:45,0.14057063326374392,0.002370807866934638,1.0,0.061,21.9,제외,6.0
경상남도,창녕군,전국 주요 지역,폐기물/환경,19,1030543000.0,54239105.2631579,2026-04-09 09:13:43,0.012526096033402923,8.516008658988669e-05,0.45454545454545453,0.728,21.88,제외,2.1
인천광역시,계양구,주거/교통,시설유지보수,35,2207766910.0,63079054.571428575,2026-05-14 17:00:56,0.023660403618649965,0.00018244131610799992,0.9677419354838709,0.32,21.87,추천,5.9
경상남도,통영시,전국 주요 지역,시설유지보수,18,413523214.0,22973511.888888888,2026-04-22 11:17:39,0.011830201809324982,3.4171958580251615e-05,0.5660377358490566,0.644,21.84,추천,1.1
경상남도,통영시,전국 주요 지역,폐기물/환경,28,851599001.0,30414250.035714287,2026-04-22 15:53:49,0.018789144050104383,7.037284680505423e-05,0.5660377358490566,0.63,21.84,제외,1.0
전라남도,목포시,전국 주요 지역,폐기물/환경,7,296418000.0,42345428.571428575,2026-01-27 11:21:50,0.0041753653444676405,2.4494836748006664e-05,0.2173913043478261,0.92,21.83,제외,1.3
전라북도,순창군,전국 주요 지역,시설유지보수,37,25553374697.0,690631748.5675676,2026-05-15 21:22:52,0.025052192066805846,0.0021116320249231126,1.0,0.289,21.83,추천,8.3
대구광역시,대구광역시,전국 주요 지역,교육물품/교구,268,36130207862.0,134814208.4402985,2026-05-13 14:03:58,0.18580375782881003,0.0029856605983821388,0.9375,0.013,21.83,추천,10.2
경기도,의정부시,교통/주거/군부대,교육물품/교구,6,382822000.0,63803666.666666664,2026-05-06 09:27:19,0.003479471120389701,3.163492903111622e-05,0.7692307692307692,0.507,21.82,데이터부족,19.3
서울특별시,중랑구,주거/제조/서민,폐기물/환경,23,6003120000.0,261005217.39130434,2026-04-15 22:31:21,0.015309672929714684,0.0004960746121311586,0.5,0.685,21.82,제외,7.3
대구광역시,북구,대학/주거/상업,전문용역/컨설팅,1,45000000.0,45000000.0,2026-01-19 09:53:11,0.0,3.7186259055128227e-06,0.2054794520547945,0.937,21.82,데이터부족,4.0
강원특별자치도,동해시,전국 주요 지역,폐기물/환경,72,32197231132.0,447183765.7222222,2026-05-12 17:20:03,0.049408489909533754,0.002660654617183092,0.9090909090909091,0.307,21.82,제외,5.4
충청남도,서천군,전국 주요 지역,시설유지보수,26,642216420.0,24700631.53846154,2026-05-07 13:18:05,0.017397355601948505,5.307028036350451e-05,0.7894736842105263,0.464,21.82,추천,0.6
경상북도,구미시,전국 주요 지역,행사/운영용역,5,826800000.0,165360000.0,2026-04-01 17:26:52,0.0027835768963117608,6.83235533039556e-05,0.4054054054054054,0.781,21.81,데이터부족,8.0
서울특별시,구로구,산업/디지털/제조,폐기물/환경,28,133378766140.0,4763527362.142858,2026-04-20 09:46:05,0.018789144050104383,0.011021905222523122,0.5454545454545454,0.63,21.81,제외,7.6
충청북도,괴산군,전국 주요 지역,건설/공사,3,148941000.0,49647000.0,2026-02-03 21:29:58,0.0013917884481558804,1.230790802206634e-05,0.22900763358778622,0.915,21.79,제외,3.3
전라남도,담양군,전국 주요 지역,전문용역/컨설팅,11,4565483000.0,415043909.09090906,2026-05-14 15:06:05,0.006958942240779402,0.0003772738523328533,0.9677419354838709,0.348,21.76,추천,13.0
강원특별자치도,영월군,전국 주요 지역,차량/운송,17,1538717700.0,90512805.88235295,2026-05-13 10:02:04,0.011134307585247043,0.00012715367778869127,0.9375,0.362,21.75,추천,6.6
경기도,포천시,전국 주요 지역,폐기물/환경,92,122796976041.0,1334749739.576087,2026-05-14 14:42:03,0.06332637439109255,0.010147467027215555,0.9677419354838709,0.222,21.74,제외,6.0
충청남도,금산군,전국 주요 지역,폐기물/환경,3,40793600.0,13597866.666666666,2025-12-18 16:18:44,0.0013917884481558804,3.3710252830917306e-06,0.16853932584269662,0.957,21.72,제외,0.0
부산광역시,부산광역시,전국 주요 지역,급수/전기/설비,243,72586392004.182,298709432.1159753,2026-05-14 19:58:50,0.1684064022268615,0.005998258615432445,0.9677419354838709,0.016,21.72,추천,8.2
경상북도,청도군,전국 주요 지역,폐기물/환경,7,311309000.0,44472714.28571428,2026-01-22 16:59:33,0.0041753653444676405,2.5725371378206472e-05,0.2097902097902098,0.92,21.71,제외,2.6
부산광역시,부산광역시,전국 주요 지역,급식/식자재,266,32974457659.0,123964126.53759399,2026-05-13 07:30:25,0.18441196938065413,0.0027248816104665135,0.9375,0.01,21.71,추천,13.3
강원특별자치도,양양군,전국 주요 지역,행사/운영용역,7,585379000.0,83625571.42857143,2026-04-06 09:13:00,0.0041753653444676405,4.8373455865404235e-05,0.4347826086956522,0.751,21.71,데이터부족,10.0
전라남도,목포시,전국 주요 지역,시설유지보수,18,247332510.0,13740695.0,2026-04-21 15:31:54,0.011830201809324982,2.0438601754700204e-05,0.5555555555555556,0.644,21.69,추천,0.5
경상남도,양산시,전국 주요 지역,기타/미분류,3,157475000.0,52491666.666666664,2026-03-30 09:04:27,0.0013917884481558804,1.3013124766014039e-05,0.39473684210526316,0.785,21.68,제외,4.3
전라남도,무안군,전국 주요 지역,행사/운영용역,1,8580000.0,8580000.0,2025-12-02 11:12:39,0.0,7.090180059844449e-07,0.15463917525773196,0.968,21.68,데이터부족,0.0
경기도,하남시,전국 주요 지역,기타/미분류,9,2705377000.0,300597444.4444444,2026-05-11 13:55:45,0.0055671537926235215,0.00022356188880841253,0.8823529411764706,0.411,21.68,제외,10.6
경기도,부천시,제조/주거/교통,교육물품/교구,10,1370565300.0,137056530.0,2026-05-13 10:50:55,0.006263048016701462,0.00011325821399504341,0.9375,0.368,21.68,추천,25.4
부산광역시,사하구,공단/항만/주거,폐기물/환경,51,90911151795.0,1782571603.8235295,2026-05-07 06:54:49,0.03479471120389701,0.007512545870331012,0.7894736842105263,0.413,21.68,제외,6.1
충청남도,서천군,전국 주요 지역,폐기물/환경,8,909982000.0,113747750.0,2026-02-03 10:58:08,0.0048712595685455815,7.519739197223042e-05,0.22900763358778622,0.902,21.67,제외,4.0
강원특별자치도,원주시,전국 주요 지역,폐기물/환경,222,19174508680.0,86371660.72072072,2026-05-14 17:01:55,0.15379262352122477,0.0015845072156206329,0.9677419354838709,0.048,21.67,제외,4.9
부산광역시,사하구,공단/항만/주거,시설유지보수,14,1091915880.0,77993991.42857143,2026-04-02 17:42:45,0.009046624913013222,9.023170395575179e-05,0.410958904109589,0.756,21.65,추천,7.1
경기도,안양시,전국 주요 지역,시설유지보수,14,1465506000.0,104679000.0,2026-04-02 16:54:46,0.009046624913013222,0.000121103746139655,0.410958904109589,0.756,21.65,추천,5.9
부산광역시,연제구,행정/주거/교육,행사/운영용역,5,1108093550.0,221618710.0,2026-03-30 14:18:32,0.0027835768963117608,9.156856401692595e-05,0.39473684210526316,0.781,21.65,데이터부족,18.8
충청북도,충주시,전국 주요 지역,폐기물/환경,1,28314000.0,28314000.0,2025-10-22 09:27:40,0.0,2.3397594197486677e-06,0.12765957446808512,0.987,21.65,제외,0.0
전라남도,구례군,전국 주요 지역,폐기물/환경,7,1239478000.0,177068285.7142857,2026-01-19 16:56:55,0.0041753653444676405,0.00010242566666918272,0.2054794520547945,0.92,21.65,제외,4.4
충청북도,음성군,전국 주요 지역,폐기물/환경,9,337910000.0,37545555.55555555,2026-02-09 14:54:18,0.0055671537926235215,2.7923575105151954e-05,0.24000000000000005,0.891,21.64,제외,3.0
경상북도,안동시,전국 주요 지역,인쇄/홍보물,1,9900000.0,9900000.0,2026-01-26 14:38:30,0.0,8.180976992128209e-07,0.21582733812949642,0.92,21.64,데이터부족,0.0
경상남도,창원시,전국 주요 지역,시설유지보수,19,279612413.0,14716442.789473685,2026-04-22 13:47:48,0.012526096033402923,2.3106088055216675e-05,0.5660377358490566,0.631,21.61,추천,0.6
인천광역시,미추홀구,전국 주요 지역,청소/환경미화,1,728100000.0,728100000.0,2025-12-31 14:12:39,0.0,6.016736715119747e-05,0.18181818181818182,0.944,21.61,데이터부족,39.0
전라북도,임실군,전국 주요 지역,보험/금융,6,614649460.0,102441576.66666667,2026-05-13 09:42:27,0.003479471120389701,5.079225343923261e-05,0.9375,0.37,21.6,데이터부족,6.7
전라북도,장수군,전국 주요 지역,행사/운영용역,21,6623733720.0,315415891.4285714,2026-05-07 16:01:26,0.013917884481558803,0.0005473597289424626,0.7894736842105263,0.458,21.57,추천,10.3
서울특별시,관악구,청년/자취생/대학가,조경/녹지관리,2,450020000.0,225010000.0,2026-03-23 18:11:45,0.0006958942240779402,3.7187911777752896e-05,0.3614457831325301,0.806,21.57,데이터부족,7.5
경상북도,칠곡군,전국 주요 지역,의료/복지용품,1,115085450.0,115085450.0,2026-02-24 11:04:26,0.0,9.510216349280015e-06,0.27272727272727276,0.874,21.57,데이터부족,7.0
경상남도,창녕군,전국 주요 지역,교육물품/교구,1,20040000.0,20040000.0,2026-01-28 17:00:51,0.0,1.6560280699217103e-06,0.21897810218978103,0.914,21.56,데이터부족,0.0
전라남도,함평군,전국 주요 지역,보험/금융,1,3830000.0,3830000.0,2026-01-22 17:15:01,0.0,3.16496382624758e-07,0.2097902097902098,0.919,21.53,데이터부족,0.0
경상남도,사천시,전국 주요 지역,건설/공사,9,156558000.0,17395333.333333332,2026-04-08 16:07:54,0.0055671537926235215,1.2937347433672811e-05,0.44776119402985076,0.729,21.52,제외,0.0
전라북도,무주군,전국 주요 지역,기타/미분류,6,2456261000.0,409376833.3333333,2026-04-30 16:35:07,0.003479471120389701,0.00020297590634001846,0.6666666666666666,0.569,21.52,제외,13.2
충청북도,증평군,전국 주요 지역,건설/공사,37,673727000.0,18208837.837837838,2026-05-14 13:08:54,0.025052192066805846,5.5674192787631944e-05,0.9677419354838709,0.3,21.52,제외,0.2
강원특별자치도,횡성군,전국 주요 지역,건설/공사,30,8251874141.0,275062471.3666667,2026-05-11 15:46:12,0.020180932498260265,0.0006819029544389771,0.8823529411764706,0.372,21.5,제외,15.2
광주광역시,동구,전국 주요 지역,IT장비/전산,18,6118827000.0,339934833.3333333,2026-05-13 14:53:56,0.011830201809324982,0.0005056361909678068,0.9375,0.347,21.49,추천,11.3
경상남도,산청군,전국 주요 지역,행사/운영용역,1,95766000.0,95766000.0,2025-11-14 09:41:14,0.0,7.913731743718689e-06,0.14150943396226415,0.968,21.48,데이터부족,6.0
강원특별자치도,양양군,전국 주요 지역,급수/전기/설비,10,2834976171.0,283497617.1,2026-05-13 09:29:45,0.006263048016701462,0.00023427146291093664,0.9375,0.357,21.46,추천,6.0
인천광역시,미추홀구,전국 주요 지역,방역/소독,5,523917232.0,104783446.4,2026-05-11 13:42:15,0.0027835768963117608,4.329449313910604e-05,0.8823529411764706,0.405,21.45,데이터부족,7.0
전라북도,남원시,전국 주요 지역,폐기물/환경,181,67105499010.0,370748613.31491715,2026-05-15 13:08:07,0.12526096033402923,0.005545338822687801,1.0,0.065,21.45,제외,6.8
경기도,수원시,행정/산업/대학,시설유지보수,34,5201846090.0,152995473.2352941,2026-05-12 08:53:17,0.022964509394572025,0.00042986043615032414,0.9090909090909091,0.344,21.45,추천,6.5
대전광역시,동구,전국 주요 지역,폐기물/환경,72,45073493580.0,626020744.1666666,2026-05-11 17:10:11,0.049408489909533754,0.003724699130634531,0.8823529411764706,0.307,21.44,제외,6.7
부산광역시,남구,대학/항만/주거,시설유지보수,33,11409591980.0,345745211.5151515,2026-05-11 18:11:11,0.022268615170494086,0.0009428445401813186,0.8823529411764706,0.364,21.43,추천,7.2
부산광역시,동래구,교육/주거/전통,시설유지보수,33,10028962770.0,303907962.72727275,2026-05-11 10:59:59,0.022268615170494086,0.0008287546835987918,0.8823529411764706,0.364,21.43,추천,5.8
충청남도,서산시,전국 주요 지역,차량/운송,1,8305187.0,8305187.0,2025-12-26 15:36:50,0.0,6.863085228517405e-07,0.1764705882352941,0.939,21.43,데이터부족,2.0
전라남도,영암군,전국 주요 지역,시설유지보수,22,500457960.0,22748089.09090909,2026-04-27 15:07:52,0.014613778705636743,4.1355909659468885e-05,0.625,0.573,21.42,추천,0.5
경기도,이천시,전국 주요 지역,급식/식자재,4,390907400.0,97726850.0,2026-05-07 09:52:58,0.0020876826722338203,3.230307520659251e-05,0.7894736842105263,0.474,21.41,데이터부족,6.5
서울특별시,성동구,성수/브랜드/라이프스타일,방역/소독,2,223952680.0,111976340.0,2026-04-09 10:41:16,0.0006958942240779402,1.850658305460052e-05,0.45454545454545453,0.728,21.41,데이터부족,5.5
부산광역시,동구,전국 주요 지역,급수/전기/설비,3,433109000.0,144369666.66666666,2026-04-03 14:15:56,0.0013917884481558804,3.579045216246118e-05,0.4166666666666667,0.755,21.41,데이터부족,5.7
경기도,시흥시,전국 주요 지역,급수/전기/설비,3,597470000.0,199156666.66666666,2026-04-03 16:54:42,0.0013917884481558804,4.9372609328149915e-05,0.4166666666666667,0.755,21.41,데이터부족,6.7
경상북도,예천군,전국 주요 지역,의료/복지용품,2,216216000.0,108108000.0,2026-04-16 10:09:55,0.0006958942240779402,1.786725375080801e-05,0.5084745762711864,0.687,21.4,데이터부족,7.5
대구광역시,수성구,교육/고소득/주거,의료/복지용품,2,191000000.0,95500000.0,2026-04-16 10:12:46,0.0006958942240779402,1.578350106562109e-05,0.5084745762711864,0.687,21.4,데이터부족,4.5
경상남도,창원시,전국 주요 지역,건설/공사,34,1058029971.0,31118528.55882353,2026-05-13 13:49:25,0.022964509394572025,8.743150353265734e-05,0.9375,0.321,21.4,제외,2.9
강원특별자치도,평창군,전국 주요 지역,청소/환경미화,4,311759460.0,77939865.0,2026-04-15 17:42:38,0.0020876826722338203,2.576259564988197e-05,0.5,0.691,21.4,데이터부족,6.0
인천광역시,중구,도심/관광/명동,행사/운영용역,39,5060791000.0,129763871.79487179,2026-05-15 09:07:54,0.026443980514961725,0.00041820418922191427,1.0,0.266,21.39,추천,14.8
충청남도,충청남도,전국 주요 지역,폐기물/환경,98,14010430263.0,142963574.1122449,2026-05-14 10:26:34,0.0675017397355602,0.0011577677538527251,0.9677419354838709,0.207,21.39,제외,5.0
경상북도,의성군,전국 주요 지역,폐기물/환경,31,2784317300.0,89816687.09677419,2026-04-22 11:36:21,0.020876826722338204,0.0002300852097988337,0.5660377358490566,0.602,21.37,제외,5.0
경기도,가평군,전국 주요 지역,건설/공사,1,44555000.0,44555000.0,2025-10-16 17:55:05,0.0,3.6818528271138623e-06,0.12448132780082988,0.975,21.37,제외,5.0
부산광역시,금정구,대학/주거/산,보험/금융,1,160000000.0,160000000.0,2026-01-14 17:33:34,0.0,1.3221780997378925e-05,0.19867549668874174,0.919,21.36,데이터부족,5.0
충청남도,충청남도,전국 주요 지역,행사/운영용역,235,49042600339.0,208691916.33617023,2026-05-12 14:10:33,0.162839248434238,0.0040526907576514965,0.9090909090909091,0.055,21.35,추천,11.1
대전광역시,중구,도심/관광/명동,조경/녹지관리,9,2584383520.0,287153724.4444444,2026-05-12 20:58:22,0.0055671537926235215,0.00021356345571672036,0.9090909090909091,0.374,21.34,데이터부족,5.3
대구광역시,서구,신도시/항만/산업,시설유지보수,7,1013870000.0,144838571.42857143,2026-01-29 16:09:59,0.0041753653444676405,8.378229437382857e-05,0.22058823529411764,0.893,21.34,데이터부족,6.4
서울특별시,은평구,주거/문화/뉴타운,행사/운영용역,10,6318256600.0,631825660.0,2026-04-16 16:00:17,0.006263048016701462,0.0005221162815652749,0.5084745762711864,0.672,21.33,추천,8.0
전라남도,강진군,전국 주요 지역,급수/전기/설비,1,15312000.0,15312000.0,2025-12-22 16:21:04,0.0,1.2653244414491632e-06,0.1724137931034483,0.937,21.33,데이터부족,0.0
전라남도,전라남도,전국 주요 지역,행사/운영용역,195,36178754457.0,185532074.13846153,2026-05-14 14:49:26,0.1350034794711204,0.002989672301177504,0.9677419354838709,0.067,21.33,추천,13.6
부산광역시,영도구,전국 주요 지역,시설유지보수,15,5219527000.0,347968466.6666667,2026-04-06 10:39:54,0.009742519137091163,0.0004313215181494139,0.4347826086956522,0.72,21.32,추천,7.9
충청북도,보은군,전국 주요 지역,폐기물/환경,11,1201265000.0,109205909.0909091,2026-02-09 11:17:24,0.006958942240779402,9.926789218635246e-05,0.24000000000000005,0.872,21.32,제외,4.1
인천광역시,부평구,주거/상업/교통,폐기물/환경,116,125190365150.0,1079227285.775862,2026-05-14 14:11:35,0.08002783576896312,0.010345247443719991,0.9677419354838709,0.167,21.32,제외,6.5
전라북도,부안군,전국 주요 지역,폐기물/환경,149,46603084800.0,312772381.2080537,2026-05-15 17:16:47,0.10299234516353514,0.0038510986314242413,1.0,0.104,21.3,제외,5.7
강원특별자치도,평창군,전국 주요 지역,행사/운영용역,36,8963193492.0,248977597.0,2026-05-14 10:50:57,0.024356297842727904,0.0007406836336772253,0.9677419354838709,0.289,21.29,추천,12.4
경상남도,하동군,전국 주요 지역,시설유지보수,1,8756000.0,8756000.0,2025-08-27 14:46:27,0.0,7.235619650815617e-07,0.10309278350515465,0.987,21.29,데이터부족,0.0
경상북도,울진군,전국 주요 지역,전문용역/컨설팅,3,34400000.0,11466666.666666666,2026-04-03 14:27:52,0.0013917884481558804,2.842682914436469e-06,0.4166666666666667,0.749,21.29,데이터부족,0.0
전라북도,무주군,전국 주요 지역,폐기물/환경,88,31762354840.0,360935850.45454544,2026-05-13 10:17:40,0.060542797494780795,0.0026247181228469907,0.9375,0.237,21.29,제외,7.0
대구광역시,중구,도심/관광/명동,교육물품/교구,1,50000000.0,50000000.0,2026-01-15 15:58:31,0.0,4.131806561680914e-06,0.2,0.914,21.28,데이터부족,7.0
대전광역시,대덕구,전국 주요 지역,건설/공사,38,17204693000.0,452755078.94736844,2026-05-14 09:03:04,0.025748086290883786,0.0014217292685821138,0.9677419354838709,0.285,21.28,제외,7.4
부산광역시,부산광역시,전국 주요 지역,전문용역/컨설팅,256,52980850118.0,206956445.7734375,2026-05-13 17:37:00,0.17745302713987474,0.004378132483219708,0.9375,0.0,21.27,추천,12.4
경상북도,청송군,전국 주요 지역,시설유지보수,2,680000000.0,340000000.0,2025-10-28 19:39:13,0.0006958942240779402,5.619256923886043e-05,0.13100436681222707,0.964,21.27,데이터부족,30.5
제주특별자치도,제주시,전국 주요 지역,기타/미분류,213,41376331735.0,194255078.56807512,2026-05-15 15:45:19,0.1475295755045233,0.0034191799792191845,1.0,0.014,21.27,제외,9.0
경상남도,합천군,전국 주요 지역,폐기물/환경,30,3351724000.0,111724133.33333333,2026-04-20 18:17:01,0.020180932498260265,0.000276973504322868,0.5454545454545454,0.613,21.26,제외,3.3
경기도,화성시,산업단지/신도시,폐기물/환경,224,60233981299.0,268901702.2276786,2026-05-13 16:02:14,0.15518441196938065,0.004977503183347473,0.9375,0.043,21.25,제외,5.2
전라남도,해남군,전국 주요 지역,건설/공사,38,3190941600.0,83972147.36842105,2026-05-14 17:11:25,0.025748086290883786,0.0002636870688164119,0.9677419354838709,0.285,21.25,제외,4.4
강원특별자치도,정선군,전국 주요 지역,차량/운송,21,1470360500.0,70017166.66666667,2026-05-13 11:20:38,0.013917884481558803,0.00012150490323872858,0.9375,0.331,21.24,추천,6.9
전라남도,곡성군,전국 주요 지역,급수/전기/설비,3,88313000.0,29437666.666666668,2026-04-01 14:17:23,0.0013917884481558804,7.297844657634531e-06,0.4054054054054054,0.755,21.24,데이터부족,1.7
강원특별자치도,양구군,전국 주요 지역,IT장비/전산,13,2019985000.0,155383461.53846154,2026-05-06 16:51:37,0.008350730688935281,0.00016692374554994042,0.7692307692307692,0.468,21.24,추천,12.7
강원특별자치도,정선군,전국 주요 지역,교육물품/교구,12,1109577900.0,92464825.0,2026-05-14 10:55:01,0.007654836464857342,9.169122495832257e-05,0.9677419354838709,0.321,21.24,추천,13.8
경기도,김포시,신도시/공항/주거,폐기물/환경,75,59926058366.0,799014111.5466666,2026-05-11 16:35:22,0.05149617258176757,0.0049520576234462444,0.8823529411764706,0.291,21.24,제외,6.1
강원특별자치도,강원특별자치도,전국 주요 지역,폐기물/환경,247,20222435075.0,81872206.78137651,2026-05-12 09:19:26,0.17118997912317327,0.0016711037987210253,0.9090909090909091,0.035,21.23,제외,5.9
전라남도,무안군,전국 주요 지역,전문용역/컨설팅,3,543901000.0,181300333.33333334,2026-04-02 20:57:22,0.0013917884481558804,4.4945874414096215e-05,0.410958904109589,0.749,21.2,데이터부족,13.3
강원특별자치도,춘천시,전국 주요 지역,폐기물/환경,179,120868852874.0,675244988.122905,2026-05-14 09:27:28,0.12386917188587335,0.009988134388152764,0.9677419354838709,0.074,21.2,제외,6.3
충청남도,청양군,전국 주요 지역,청소/환경미화,1,37219001.0,37219001.0,2025-12-01 11:21:48,0.0,3.07563425102017e-06,0.15384615384615385,0.944,21.19,데이터부족,0.0
충청남도,청양군,전국 주요 지역,차량/운송,1,19227300.0,19227300.0,2025-12-09 09:50:20,0.0,1.5888696860681488e-06,0.16042780748663102,0.939,21.19,데이터부족,0.0
충청남도,태안군,전국 주요 지역,IT장비/전산,6,3184847500.0,530807916.6666667,2026-04-08 16:42:22,0.003479471120389701,0.0002631834759690611,0.44776119402985076,0.716,21.18,데이터부족,15.8
전라남도,진도군,전국 주요 지역,기타/미분류,1,8915000.0,8915000.0,2025-12-02 14:24:44,0.0,7.367011099477069e-07,0.15463917525773196,0.943,21.18,제외,0.0
경상남도,함안군,전국 주요 지역,급수/전기/설비,1,9250000.0,9250000.0,2025-12-11 12:58:21,0.0,7.643842139109691e-07,0.16216216216216214,0.937,21.17,데이터부족,0.0
충청북도,옥천군,전국 주요 지역,건설/공사,33,1377519000.0,41743000.0,2026-05-12 14:38:58,0.022268615170494086,0.00011383284086080262,0.9090909090909091,0.332,21.17,제외,3.2
전라북도,임실군,전국 주요 지역,급수/전기/설비,3,128232000.0,42744000.0,2026-03-31 08:59:45,0.0013917884481558804,1.0596596380349339e-05,0.4,0.755,21.16,데이터부족,6.7
전라남도,광양시,전국 주요 지역,폐기물/환경,1,83031000.0,83031000.0,2025-07-30 10:11:45,0.0,6.861360612458559e-06,0.09404388714733543,0.987,21.15,제외,6.0
경기도,포천시,전국 주요 지역,교육물품/교구,7,431912720.0,61701817.14285714,2026-05-07 13:17:19,0.0041753653444676405,3.569159621138902e-05,0.7894736842105263,0.457,21.15,데이터부족,16.9
경상북도,영천시,전국 주요 지역,인쇄/홍보물,2,189266000.0,94633000.0,2026-03-30 10:20:58,0.0006958942240779402,1.5640210014061998e-05,0.39473684210526316,0.759,21.13,데이터부족,11.0
경상남도,함안군,전국 주요 지역,인쇄/홍보물,2,18100000.0,9050000.0,2026-03-30 14:42:17,0.0006958942240779402,1.495713975328491e-06,0.39473684210526316,0.759,21.13,데이터부족,0.5
충청남도,홍성군,전국 주요 지역,IT장비/전산,3,78504000.0,26168000.0,2026-02-12 17:01:23,0.0013917884481558804,6.487266846363969e-06,0.24590163934426232,0.869,21.12,데이터부족,3.7
대전광역시,대덕구,전국 주요 지역,기타/미분류,2,224001000.0,112000500.0,2026-02-19 13:58:08,0.0006958942240779402,1.8510576032461728e-05,0.2608695652173913,0.859,21.12,제외,9.0
경상남도,사천시,전국 주요 지역,조경/녹지관리,1,21934000.0,21934000.0,2025-12-15 09:27:31,0.0,1.8125409024781833e-06,0.16574585635359115,0.93,21.09,데이터부족,0.0
전라남도,목포시,전국 주요 지역,조경/녹지관리,1,14820000.0,14820000.0,2025-12-15 09:52:08,0.0,1.224667464882223e-06,0.16574585635359115,0.93,21.09,데이터부족,0.0
경상남도,사천시,전국 주요 지역,행사/운영용역,3,49765000.0,16588333.333333334,2026-02-24 14:10:53,0.0013917884481558804,4.112387070841014e-06,0.27272727272727276,0.846,21.07,데이터부족,3.0
서울특별시,동대문구,전통시장/패션/대학,건설/공사,12,17015154810.0,1417929567.5,2026-04-16 11:13:10,0.007654836464857342,0.0014060665658394912,0.5084745762711864,0.655,21.07,제외,12.2
부산광역시,동구,전국 주요 지역,기타/미분류,11,14896916000.0,1354265090.909091,2026-05-13 10:11:27,0.006958942240779402,0.001231023505552188,0.9375,0.335,21.07,제외,11.5
경기도,구리시,전국 주요 지역,건설/공사,1,22000000.0,22000000.0,2025-08-29 14:11:13,0.0,1.817994887139602e-06,0.10380622837370243,0.975,21.06,제외,0.0
경상남도,통영시,전국 주요 지역,청소/환경미화,1,6556000.0,6556000.0,2025-11-20 13:42:06,0.0,5.417624763676015e-07,0.14563106796116507,0.944,21.06,데이터부족,0.0
대구광역시,대구광역시,전국 주요 지역,인쇄/홍보물,229,30562351443.0,133460049.96943231,2026-05-14 09:58:36,0.15866388308977036,0.002525554484651711,0.9677419354838709,0.006,21.05,추천,11.4
충청남도,홍성군,전국 주요 지역,폐기물/환경,11,1159958560.0,105450778.18181819,2026-01-30 10:30:33,0.006958942240779402,9.585448778971888e-05,0.2222222222222222,0.872,21.05,제외,1.7
부산광역시,금정구,대학/주거/산,차량/운송,6,896279441.0,149379906.83333334,2026-04-21 14:03:31,0.003479471120389701,7.406506550847003e-05,0.5555555555555556,0.629,21.05,데이터부족,7.0
경상북도,김천시,전국 주요 지역,기타/미분류,8,3300.0,412.5,2026-05-07 11:49:56,0.0048712595685455815,2.726992330709403e-10,0.7894736842105263,0.45,21.04,제외,10.5
서울특별시,서초구,법조/교육/고소득,행사/운영용역,9,3584322000.0,398258000.0,2026-04-10 08:33:29,0.0055671537926235215,0.0002961945031755451,0.46153846153846145,0.694,21.03,데이터부족,10.7
충청남도,홍성군,전국 주요 지역,기타/미분류,1,1872000.0,1872000.0,2025-11-18 09:54:09,0.0,1.5469483766933342e-07,0.14423076923076922,0.943,21.02,제외,0.0
강원특별자치도,정선군,전국 주요 지역,전문용역/컨설팅,9,1762688000.0,195854222.2222222,2026-05-07 17:39:55,0.0055671537926235215,0.00014566171689192413,0.7894736842105263,0.447,21.01,데이터부족,25.1
경기도,성남시,IT/판교/주거,폐기물/환경,127,13099310560.0,103144177.63779527,2026-05-14 14:24:58,0.08768267223382047,0.0010824763465060818,0.9677419354838709,0.148,21.01,제외,5.8
경기도,군포시,전국 주요 지역,급수/전기/설비,1,27310000.0,27310000.0,2025-11-27 15:48:07,0.0,2.256792743990115e-06,0.1507537688442211,0.937,21.0,데이터부족,5.0
서울특별시,중랑구,주거/제조/서민,행사/운영용역,4,587002000.0,146750500.0,2026-03-10 17:31:59,0.0020876826722338203,4.85075743063964e-05,0.3125,0.811,20.99,데이터부족,12.8
경상북도,울진군,전국 주요 지역,폐기물/환경,7,367337355.0,52476765.0,2025-12-10 09:13:13,0.0041753653444676405,3.0355337874790226e-05,0.16129032258064516,0.92,20.99,제외,2.4
경기도,여주시,전국 주요 지역,폐기물/환경,85,8711720870.0,102490833.76470588,2026-05-12 20:00:37,0.05845511482254697,0.0007199029090839712,0.9090909090909091,0.25,20.99,제외,5.2
경상남도,김해시,전국 주요 지역,조경/녹지관리,1,51073000.0,51073000.0,2025-12-05 09:54:16,0.0,4.220475130494587e-06,0.15706806282722513,0.93,20.96,데이터부족,10.0
인천광역시,인천광역시,전국 주요 지역,전문용역/컨설팅,222,44283568256.0,199475532.6846847,2026-05-14 11:03:57,0.15379262352122477,0.0036594227578957087,0.9677419354838709,0.01,20.96,추천,13.7
서울특별시,중구,도심/관광/명동,폐기물/환경,27,20565647524.0,761690649.037037,2026-04-14 17:37:52,0.018093249826026444,0.0016994655476976009,0.49180327868852464,0.641,20.96,제외,5.5
부산광역시,기장군,농어촌/관광/신도시,청소/환경미화,5,458806000.0,91761200.0,2026-04-20 13:28:25,0.0027835768963117608,3.791395282677147e-05,0.5454545454545454,0.633,20.95,데이터부족,6.6
충청남도,아산시,전국 주요 지역,폐기물/환경,12,1157416230.0,96451352.5,2026-02-09 09:11:52,0.007654836464857342,9.564439947419971e-05,0.24000000000000005,0.852,20.95,제외,3.5
서울특별시,용산구,외국인/관광/개발,조경/녹지관리,2,131967510.0,65983755.0,2026-03-12 21:28:21,0.0006958942240779402,1.0905284474933833e-05,0.3191489361702128,0.806,20.94,데이터부족,12.5
서울특별시,강동구,주거/강변/문화,IT장비/전산,8,4004879570.0,500609946.25,2026-04-20 08:45:09,0.0048712595685455815,0.00033094775372135676,0.5454545454545454,0.628,20.94,데이터부족,12.6
서울특별시,용산구,외국인/관광/개발,기타/미분류,3,510000000.0,170000000.0,2026-03-19 17:14:27,0.0013917884481558804,4.2144426929145324e-05,0.3448275862068966,0.785,20.93,제외,11.7
충청북도,충주시,전국 주요 지역,IT장비/전산,1,381888120.0,381888120.0,2025-08-01 16:01:31,0.0,3.1557756800879766e-05,0.09463722397476342,0.975,20.92,데이터부족,25.0
경상남도,고성군,전국 주요 지역,시설유지보수,1,14342000.0,14342000.0,2025-05-28 13:41:14,0.0,1.1851673941525534e-06,0.07853403141361257,0.987,20.92,데이터부족,0.0
충청남도,서천군,전국 주요 지역,기타/미분류,4,39677000.0,9919250.0,2026-04-08 16:29:26,0.0020876826722338203,3.2787537789562723e-06,0.44776119402985076,0.706,20.92,제외,1.0
대구광역시,수성구,교육/고소득/주거,폐기물/환경,39,66864587410.0,1714476600.2564104,2026-04-28 14:47:52,0.026443980514961725,0.005525430820094501,0.6382978723404256,0.507,20.91,제외,6.5
충청남도,논산시,전국 주요 지역,건설/공사,23,435882800.0,18951426.086956523,2026-05-04 14:15:09,0.015309672929714684,3.601966826327699e-05,0.7317073170731707,0.466,20.91,제외,1.3
경기도,동두천시,전국 주요 지역,시설유지보수,5,891209000.0,178241800.0,2025-11-27 13:44:49,0.0027835768963117608,7.364606388058171e-05,0.1507537688442211,0.927,20.91,데이터부족,8.4
경상남도,통영시,전국 주요 지역,기타/미분류,6,1023436000.0,170572666.66666666,2026-04-27 13:26:06,0.003479471120389701,8.457279160520935e-05,0.625,0.569,20.9,제외,14.0
충청북도,충주시,전국 주요 지역,청소/환경미화,1,61710000.0,61710000.0,2025-11-03 14:46:04,0.0,5.099475658426584e-06,0.13452914798206278,0.944,20.9,데이터부족,7.0
부산광역시,금정구,대학/주거/산,건설/공사,9,2394920000.0,266102222.2222222,2026-04-01 14:24:38,0.0055671537926235215,0.0001979069234140171,0.4054054054054054,0.729,20.89,제외,6.6
충청북도,영동군,전국 주요 지역,건설/공사,4,589957000.0,147489250.0,2026-02-02 08:53:00,0.0020876826722338203,4.8751764074191736e-05,0.22727272727272727,0.87,20.89,제외,10.5
강원특별자치도,속초시,전국 주요 지역,전문용역/컨설팅,11,1718147000.0,156195181.8181818,2026-05-12 14:04:11,0.006958942240779402,0.00014198102097064754,0.9090909090909091,0.348,20.88,추천,12.0
경상북도,청송군,전국 주요 지역,폐기물/환경,1,75382000.0,75382000.0,2025-05-16 17:32:37,0.0,6.229276844652613e-06,0.07614213197969544,0.987,20.88,제외,5.0
경기도,의정부시,교통/주거/군부대,보험/금융,4,2267196000.0,566799000.0,2026-04-29 13:57:34,0.0020876826722338203,0.00018735230618833443,0.6521739130434783,0.55,20.87,데이터부족,3.0
강원특별자치도,평창군,전국 주요 지역,폐기물/환경,135,139208289568.0,1031172515.3185185,2026-05-14 15:59:17,0.09324982602644398,0.011503634485548782,0.9677419354838709,0.117,20.87,제외,6.8
전라남도,무안군,전국 주요 지역,폐기물/환경,3,255302000.0,85100666.66666667,2025-09-16 16:40:09,0.0013917884481558804,2.1097169576205215e-05,0.11070110701107011,0.957,20.86,제외,6.7
전라남도,영광군,전국 주요 지역,급수/전기/설비,1,3799000.0,3799000.0,2025-11-14 13:09:32,0.0,3.139346625565158e-07,0.14150943396226415,0.937,20.86,데이터부족,0.0
경기도,수원시,행정/산업/대학,폐기물/환경,130,21056964300.0,161976648.46153846,2026-05-14 09:33:18,0.08977035490605428,0.001740066065276415,0.9677419354838709,0.135,20.85,제외,5.5
강원특별자치도,양양군,전국 주요 지역,폐기물/환경,54,27279343000.0,505173018.5185185,2026-05-06 10:21:51,0.03688239387613083,0.002254259368114886,0.7692307692307692,0.389,20.85,제외,6.4
대전광역시,동구,전국 주요 지역,급식/식자재,1,94000000.0,94000000.0,2026-02-12 18:02:34,0.0,7.767796335960119e-06,0.24590163934426232,0.857,20.83,데이터부족,24.0
경기도,오산시,전국 주요 지역,보험/금융,7,3433162326.0,490451760.85714287,2026-05-14 13:42:19,0.0041753653444676405,0.0002837032525176502,0.9677419354838709,0.307,20.83,데이터부족,319.1
강원특별자치도,홍천군,전국 주요 지역,인쇄/홍보물,1,88000000.0,88000000.0,2025-12-09 17:17:09,0.0,7.271979548558408e-06,0.16042780748663102,0.92,20.81,데이터부족,9.0
강원특별자치도,정선군,전국 주요 지역,보험/금융,1,325701350.0,325701350.0,2025-12-09 13:43:22,0.0,2.691469950156664e-05,0.16042780748663102,0.919,20.79,데이터부족,5.0
강원특별자치도,속초시,전국 주요 지역,행사/운영용역,34,2362865204.0,69496035.41176471,2026-05-12 14:36:35,0.022964509394572025,0.00019525803908509423,0.9090909090909091,0.311,20.78,추천,9.9
전라북도,전주시,전국 주요 지역,시설유지보수,176,52572347349.0,298706519.02840906,2026-05-15 15:57:52,0.12178148921363953,0.004344375394791328,1.0,0.04,20.78,추천,6.0
전라북도,순창군,전국 주요 지역,IT장비/전산,22,3203902160.0,145631916.36363637,2026-05-15 22:48:05,0.014613778705636743,0.0002647580793534331,1.0,0.259,20.77,추천,9.7
서울특별시,도봉구,주거/자연/교육,건설/공사,10,1786130400.0,178613040.0,2026-04-07 09:31:23,0.006263048016701462,0.0001475989061347551,0.4411764705882353,0.695,20.77,제외,8.9
서울특별시,은평구,주거/문화/뉴타운,폐기물/환경,34,57713816800.0,1697465200.0,2026-04-21 15:08:24,0.022964509394572025,0.004769246539077804,0.5555555555555556,0.57,20.77,제외,6.8
경상북도,경상북도,전국 주요 지역,IT장비/전산,173,31399325357.0,181498990.50289017,2026-05-15 16:40:45,0.11969380654140571,0.0025947187708481303,1.0,0.045,20.75,추천,10.4
강원특별자치도,강원특별자치도,전국 주요 지역,시설유지보수,199,47843631055.0,240420256.55778894,2026-05-14 16:09:54,0.13778705636743216,0.003953612574553795,0.9677419354838709,0.031,20.75,추천,6.0
전라남도,순천시,전국 주요 지역,시설유지보수,2,31485000.0,15742500.0,2025-08-04 14:19:15,0.0006958942240779402,2.6017985918904716e-06,0.09554140127388534,0.964,20.74,데이터부족,1.5
서울특별시,동작구,대학/주거/공원,폐기물/환경,24,22167607000.0,923650291.6666666,2026-04-07 16:45:08,0.016005567153792623,0.0018318452811872752,0.4411764705882353,0.672,20.74,제외,15.0
전라북도,전라북도,전국 주요 지역,차량/운송,184,14597378879.0,79333580.86413044,2026-05-15 10:05:02,0.12734864300626306,0.0012062709167118917,1.0,0.031,20.74,추천,6.9
서울특별시,은평구,주거/문화/뉴타운,건설/공사,2,2243000000.0,1121500000.0,2025-10-14 16:19:29,0.0006958942240779402,0.0001853528423570058,0.1234567901234568,0.942,20.72,제외,12.0
경기도,안산시,외국인/공단/주거,건설/공사,1,100000000.0,100000000.0,2025-06-09 16:41:22,0.0,8.263613123361828e-06,0.08108108108108107,0.975,20.72,제외,1.0
인천광역시,미추홀구,전국 주요 지역,폐기물/환경,56,24930358030.0,445184964.8214286,2026-05-06 16:40:44,0.038274182324286705,0.002060148337868169,0.7692307692307692,0.38,20.72,제외,4.7
경기도,양평군,전국 주요 지역,의료/복지용품,1,99998320.0,99998320.0,2026-01-26 15:12:15,0.0,8.263474294661355e-06,0.21582733812949642,0.874,20.72,데이터부족,14.0
전라북도,진안군,전국 주요 지역,폐기물/환경,61,28438738840.0,466208833.44262296,2026-05-07 17:16:23,0.04175365344467641,0.0023500673549008374,0.7894736842105263,0.357,20.71,제외,6.9
강원특별자치도,횡성군,전국 주요 지역,폐기물/환경,138,54284297920.0,393364477.68115944,2026-05-14 11:44:37,0.0953375086986778,0.004485844366841952,0.9677419354838709,0.113,20.7,제외,5.6
부산광역시,수영구,해변/문화/청년,조경/녹지관리,3,82680000.0,27560000.0,2026-04-09 10:20:24,0.0013917884481558804,6.832355330395559e-06,0.45454545454545453,0.691,20.69,데이터부족,5.3
제주특별자치도,서귀포시,전국 주요 지역,폐기물/환경,159,17945508380.0,112864832.57861635,2026-05-14 14:01:22,0.10995128740431455,0.0014829473855436765,0.9677419354838709,0.087,20.69,제외,5.2
경기도,의정부시,교통/주거/군부대,폐기물/환경,44,110901922890.0,2520498247.5,2026-04-30 11:05:29,0.029923451635351428,0.009164505853998655,0.6666666666666666,0.463,20.69,제외,5.7
충청북도,증평군,전국 주요 지역,IT장비/전산,3,3519061260.0,1173020420.0,2026-01-26 15:07:25,0.0013917884481558804,0.0002908016081005021,0.21582733812949642,0.869,20.68,데이터부족,13.3
광주광역시,광산구,전국 주요 지역,폐기물/환경,61,11798166590.0,193412567.04918033,2026-05-07 15:55:52,0.04175365344467641,0.0009749548426473307,0.7894736842105263,0.357,20.68,제외,6.9
부산광역시,강서구,공항/산업단지/주거,기타/미분류,11,31949911920.0,2904537447.2727275,2026-05-12 17:58:18,0.006958942240779402,0.002640217114323665,0.9090909090909091,0.335,20.68,제외,6.4
경기도,동두천시,전국 주요 지역,건설/공사,1,49280000.0,49280000.0,2025-05-28 10:25:03,0.0,4.072308547192709e-06,0.07853403141361257,0.975,20.68,제외,8.0
경기도,의왕시,전국 주요 지역,시설유지보수,5,2133998650.0,426799730.0,2025-11-03 16:34:08,0.0027835768963117608,0.00017634539249376425,0.13452914798206278,0.927,20.67,데이터부족,17.2
충청남도,청양군,전국 주요 지역,폐기물/환경,37,6958255200.0,188060951.35135135,2026-04-24 10:46:35,0.025052192066805846,0.0005750032898642068,0.5882352941176471,0.541,20.66,제외,3.7
경상북도,성주군,전국 주요 지역,폐기물/환경,12,1489737643.0,124144803.58333333,2026-01-29 08:32:39,0.007654836464857342,0.00012310615537060917,0.22058823529411764,0.852,20.66,제외,3.0
경기도,평택시,미군기지/항만/산업,폐기물/환경,128,312197228300.0,2439040846.09375,2026-05-12 17:02:07,0.0883785664578984,0.025798771128570687,0.9090909090909091,0.141,20.64,제외,6.6
경기도,하남시,전국 주요 지역,인쇄/홍보물,1,26400000.0,26400000.0,2025-11-24 15:29:50,0.0,2.1815938645675224e-06,0.1485148514851485,0.92,20.63,데이터부족,3.0
부산광역시,서구,신도시/항만/산업,폐기물/환경,24,15096603970.0,629025165.4166666,2026-04-06 18:03:59,0.016005567153792623,0.0012475249468468827,0.4347826086956522,0.672,20.63,제외,5.0
충청남도,논산시,전국 주요 지역,행사/운영용역,1,21065000.0,21065000.0,2025-06-23 14:48:54,0.0,1.740730104436169e-06,0.08426966292134831,0.968,20.62,데이터부족,0.0
전라북도,김제시,전국 주요 지역,시설유지보수,35,17302696760.0,494362764.5714286,2026-05-11 15:41:02,0.023660403618649965,0.0014298279201548619,0.8823529411764706,0.32,20.62,추천,6.5
서울특별시,서초구,법조/교육/고소득,전문용역/컨설팅,4,1228497000.0,307124250.0,2026-04-09 16:18:42,0.0020876826722338203,0.00010151823931210636,0.45454545454545453,0.686,20.62,데이터부족,12.2
전라남도,함평군,전국 주요 지역,행사/운영용역,1,21918000.0,21918000.0,2025-06-19 17:17:10,0.0,1.8112187243784455e-06,0.08333333333333333,0.968,20.61,데이터부족,3.0
경기도,광주시,전국 주요 지역,폐기물/환경,2,475496000.0,237748000.0,2025-05-29 14:35:49,0.0006958942240779402,3.9293149857060556e-05,0.07874015748031496,0.97,20.61,제외,9.5
전라북도,김제시,전국 주요 지역,경비/보안,1,82130000.0,82130000.0,2026-02-19 08:58:29,0.0,6.7869054582170694e-06,0.2608695652173913,0.835,20.61,데이터부족,7.0
경기도,안성시,전국 주요 지역,급수/전기/설비,1,18560000.0,18560000.0,2025-10-15 17:14:01,0.0,1.5337265956959553e-06,0.12396694214876033,0.937,20.6,데이터부족,-1.0
전라남도,보성군,전국 주요 지역,IT장비/전산,2,4497000.0,2248500.0,2025-11-13 15:17:22,0.0006958942240779402,3.716146821575814e-07,0.14084507042253522,0.923,20.6,데이터부족,0.0
경상북도,포항시,전국 주요 지역,IT장비/전산,1,11880000.0,11880000.0,2025-04-22 09:27:21,0.0,9.817172390553852e-07,0.07177033492822966,0.975,20.58,데이터부족,0.0
강원특별자치도,인제군,전국 주요 지역,인쇄/홍보물,1,150000000.0,150000000.0,2025-11-20 09:37:57,0.0,1.2395419685042741e-05,0.14563106796116507,0.92,20.58,데이터부족,20.0
경상남도,경상남도,전국 주요 지역,행사/운영용역,187,33782941311.0,180657440.1657754,2026-05-12 10:48:52,0.12943632567849686,0.0027916915716334205,0.9090909090909091,0.085,20.58,추천,16.0
충청북도,제천시,전국 주요 지역,행사/운영용역,1,35000000.0,35000000.0,2025-06-10 18:15:32,0.0,2.89226459317664e-06,0.08130081300813008,0.968,20.58,데이터부족,12.0
경상북도,문경시,전국 주요 지역,폐기물/환경,8,424413000.0,53051625.0,2025-12-03 11:09:04,0.0048712595685455815,3.5071848365253634e-05,0.15544041450777202,0.902,20.57,제외,1.2
서울특별시,강서구,공항/산업단지/주거,시설유지보수,21,3423040008.0,163001905.14285713,2026-04-20 17:00:47,0.013917884481558803,0.00028286678331901376,0.5454545454545454,0.591,20.57,추천,5.5
경상남도,사천시,전국 주요 지역,폐기물/환경,8,484954965.0,60619370.625,2025-12-02 13:26:25,0.0048712595685455815,4.007480213013476e-05,0.15463917525773196,0.902,20.56,제외,1.1
경상남도,거창군,전국 주요 지역,건설/공사,1,155227999.0,155227999.0,2025-04-17 14:23:08,0.0,1.2827441296495968e-05,0.07092198581560284,0.975,20.56,제외,27.0
경상북도,김천시,전국 주요 지역,폐기물/환경,6,306672200.0,51112033.333333336,2025-09-17 16:15:11,0.003479471120389701,2.534220416490243e-05,0.1111111111111111,0.937,20.55,제외,3.5
충청남도,아산시,전국 주요 지역,행사/운영용역,1,283000000.0,283000000.0,2025-05-28 13:57:19,0.0,2.3386025139113972e-05,0.07853403141361257,0.968,20.54,데이터부족,21.0
충청남도,부여군,전국 주요 지역,폐기물/환경,60,4898708302.0,81645138.36666666,2026-05-06 16:23:51,0.04105775922059847,0.00040481030211928735,0.7692307692307692,0.367,20.53,제외,1.8
대구광역시,수성구,교육/고소득/주거,교육물품/교구,1,68003900.0,68003900.0,2025-11-25 11:21:14,0.0,5.619579204797854e-06,0.14925373134328357,0.914,20.52,데이터부족,8.0
경상북도,상주시,전국 주요 지역,조경/녹지관리,1,8871500.0,8871500.0,2025-10-23 10:14:35,0.0,7.331064382390445e-07,0.12820512820512822,0.93,20.52,데이터부족,0.0
경기도,용인시,주거/산업/반도체,폐기물/환경,139,211540423260.0,1521873548.6330936,2026-05-13 14:05:24,0.09603340292275574,0.017480882177728516,0.9375,0.109,20.52,제외,5.6
광주광역시,동구,전국 주요 지역,폐기물/환경,42,13777999570.0,328047608.8095238,2026-04-29 10:21:47,0.028531663187195546,0.0011385605806032563,0.6521739130434783,0.478,20.51,제외,6.6
충청남도,태안군,전국 주요 지역,건설/공사,2,349032000.0,174516000.0,2025-09-11 14:53:53,0.0006958942240779402,2.8842654156732254e-05,0.10869565217391305,0.942,20.5,제외,9.0
전라남도,완도군,전국 주요 지역,폐기물/환경,1,18964000.0,18964000.0,2024-10-22 10:23:58,0.0,1.567111592714337e-06,0.05,0.987,20.49,제외,0.0
충청북도,괴산군,전국 주요 지역,폐기물/환경,2,114501000.0,57250500.0,2025-04-15 13:29:41,0.0006958942240779402,9.461919662380526e-06,0.07058823529411765,0.97,20.49,제외,2.5
울산광역시,남구,대학/항만/주거,행사/운영용역,195,47270557670.0,242413116.25641027,2026-05-12 11:43:06,0.1350034794711204,0.0039062560071044415,0.9090909090909091,0.067,20.47,추천,21.2
경기도,부천시,제조/주거/교통,행사/운영용역,34,41909932900.0,1232645085.2941177,2026-05-11 17:29:41,0.022964509394572025,0.0034632747151165364,0.8823529411764706,0.311,20.46,추천,15.6
경상남도,김해시,전국 주요 지역,건설/공사,3,414864000.0,138288000.0,2025-11-12 18:31:31,0.0013917884481558804,3.428275594810381e-05,0.14018691588785046,0.915,20.46,제외,7.0
전라남도,순천시,전국 주요 지역,폐기물/환경,6,558830810.0,93138468.33333333,2025-09-02 17:12:05,0.003479471120389701,4.61796161525492e-05,0.10526315789473684,0.937,20.46,제외,5.8
경상남도,하동군,전국 주요 지역,폐기물/환경,3,103933000.0,34644333.333333336,2025-06-17 15:10:49,0.0013917884481558804,8.588621027503648e-06,0.08287292817679558,0.957,20.44,제외,8.3
충청남도,아산시,전국 주요 지역,기타/미분류,1,47330000.0,47330000.0,2025-09-01 10:47:45,0.0,3.911168091287153e-06,0.1048951048951049,0.943,20.43,제외,0.0
경상북도,청도군,전국 주요 지역,건설/공사,17,496687000.0,29216882.352941178,2026-04-24 13:35:32,0.011134307585247043,4.1044292114032164e-05,0.5882352941176471,0.558,20.43,제외,3.8
대구광역시,동구,전국 주요 지역,기타/미분류,5,760757900.0,152151580.0,2026-04-15 17:42:18,0.0027835768963117608,6.286608966141184e-05,0.5,0.641,20.43,제외,14.4
전라북도,장수군,전국 주요 지역,청소/환경미화,2,79200000.0,39600000.0,2026-02-09 17:44:11,0.0006958942240779402,6.544781593702567e-06,0.24000000000000005,0.84,20.43,데이터부족,13.5
전라북도,김제시,전국 주요 지역,건설/공사,38,27883430244.0,733774480.1052631,2026-05-12 14:38:47,0.025748086290883786,0.002304178800886625,0.9090909090909091,0.285,20.42,제외,9.9
충청북도,청주시,전국 주요 지역,시설유지보수,37,1209120300.0,32678927.027027026,2026-05-12 13:17:33,0.025052192066805846,9.99170237880319e-05,0.9090909090909091,0.289,20.42,추천,2.7
경상북도,성주군,전국 주요 지역,IT장비/전산,3,411597000.0,137199000.0,2026-01-14 15:33:25,0.0013917884481558804,3.4012783707363585e-05,0.19867549668874174,0.869,20.42,데이터부족,6.7
강원특별자치도,태백시,전국 주요 지역,행사/운영용역,46,9581989800.0,208304126.08695653,2026-05-14 16:06:14,0.031315240083507306,0.0007918185665919918,0.9677419354838709,0.231,20.41,추천,11.0
강원특별자치도,속초시,전국 주요 지역,건설/공사,38,22343053400.0,587975089.4736842,2026-05-12 17:48:26,0.025748086290883786,0.0018463434929221411,0.9090909090909091,0.285,20.41,제외,10.6
경상북도,예천군,전국 주요 지역,기타/미분류,1,22000000.0,22000000.0,2025-08-25 10:39:37,0.0,1.817994887139602e-06,0.10238907849829351,0.943,20.4,제외,0.0
경상북도,문경시,전국 주요 지역,건설/공사,45,1380335000.0,30674111.111111112,2026-05-14 09:47:36,0.030619345859429367,0.00011406554420635649,0.9677419354838709,0.233,20.4,제외,3.6
경상남도,함양군,전국 주요 지역,급수/전기/설비,2,14564000.0,7282000.0,2026-02-09 14:26:40,0.0006958942240779402,1.2035126152864167e-06,0.24000000000000005,0.838,20.39,데이터부족,0.0
서울특별시,양천구,교육/주거/신도시,시설유지보수,20,4572415590.0,228620779.5,2026-04-16 10:42:59,0.013221990257480862,0.0003778467347498821,0.5084745762711864,0.611,20.39,추천,9.7
경기도,양주시,전국 주요 지역,교육물품/교구,8,949121910.0,118640238.75,2026-05-07 09:56:17,0.0048712595685455815,7.843176271146244e-05,0.7894736842105263,0.417,20.38,데이터부족,21.0
강원특별자치도,홍천군,전국 주요 지역,폐기물/환경,154,66878530316.0,434276170.8831169,2026-05-13 10:26:57,0.10647181628392484,0.005526583007904495,0.9375,0.096,20.38,제외,5.7
전라남도,신안군,전국 주요 지역,시설유지보수,1,263223310.0,263223310.0,2024-07-10 15:43:12,0.0,2.1751755988907386e-05,0.04261363636363637,0.987,20.38,데이터부족,1.0
강원특별자치도,태백시,전국 주요 지역,시설유지보수,33,11063226260.0,335249280.6060606,2026-05-08 15:01:39,0.022268615170494086,0.000914222217088572,0.8108108108108107,0.364,20.36,추천,6.2
경상북도,성주군,전국 주요 지역,전문용역/컨설팅,2,856000000.0,428000000.0,2026-02-11 11:17:10,0.0006958942240779402,7.073652833597724e-05,0.24390243902439027,0.833,20.35,데이터부족,43.5
충청북도,진천군,전국 주요 지역,기타/미분류,1,4950000.0,4950000.0,2025-08-13 09:54:53,0.0,4.0904884960641046e-07,0.09836065573770493,0.943,20.34,제외,0.0
경기도,이천시,전국 주요 지역,폐기물/환경,102,139251209946.0,1365207940.6470587,2026-05-11 19:28:07,0.07028531663187196,0.011507181259537787,0.8823529411764706,0.2,20.33,제외,5.8
부산광역시,부산진구,상업/교통/중심가,급식/식자재,8,43672380.0,5459047.5,2026-05-14 11:20:51,0.0048712595685455815,3.608916524964446e-06,0.9677419354838709,0.281,20.33,데이터부족,15.0
전라남도,영광군,전국 주요 지역,건설/공사,10,666344001.0,66634400.1,2026-04-02 17:30:03,0.006263048016701462,5.506409031337027e-05,0.410958904109589,0.695,20.32,제외,9.1
충청북도,진천군,전국 주요 지역,조경/녹지관리,1,12045000.0,12045000.0,2025-09-26 10:55:24,0.0,9.953522007089321e-07,0.1149425287356322,0.93,20.32,데이터부족,0.0
경기도,가평군,전국 주요 지역,의료/복지용품,1,73500000.0,73500000.0,2026-01-06 17:04:54,0.0,6.073755645670943e-06,0.18867924528301888,0.874,20.31,데이터부족,16.0
경기도,하남시,전국 주요 지역,행사/운영용역,10,1329474000.0,132947400.0,2026-04-07 09:40:01,0.006263048016701462,0.00010986258793568343,0.4411764705882353,0.672,20.31,추천,12.2
충청남도,청양군,전국 주요 지역,인쇄/홍보물,1,9080000.0,9080000.0,2025-10-20 15:23:51,0.0,7.50336071601254e-07,0.12658227848101264,0.92,20.3,데이터부족,0.0
경기도,고양시,신도시/주거/교통,폐기물/환경,107,52257677380.0,488389508.2242991,2026-05-12 14:03:44,0.07376478775226165,0.004318372285937766,0.9090909090909091,0.18,20.29,제외,5.1
강원특별자치도,화천군,전국 주요 지역,시설유지보수,44,7370243785.0,167505540.5681818,2026-05-13 14:04:32,0.029923451635351428,0.0006090484326410195,0.9375,0.251,20.29,추천,6.2
경상북도,울릉군,전국 주요 지역,건설/공사,1,48598000.0,48598000.0,2024-11-21 16:12:41,0.0,4.015950705691381e-06,0.05263157894736842,0.975,20.29,제외,5.0
경기도,여주시,전국 주요 지역,교육물품/교구,6,447210110.0,74535018.33333333,2026-04-30 10:23:09,0.003479471120389701,3.6955713338960866e-05,0.6666666666666666,0.507,20.28,데이터부족,18.3
부산광역시,북구,대학/주거/상업,IT장비/전산,1,44951000.0,44951000.0,2024-11-15 11:29:26,0.0,3.714576735082375e-06,0.052083333333333336,0.975,20.28,데이터부족,5.0
경기도,파주시,출판/DMZ/신도시,급수/전기/설비,8,213796000.0,26724500.0,2026-05-07 09:45:45,0.0048712595685455815,1.7667274313222655e-05,0.7894736842105263,0.412,20.28,데이터부족,6.9
광주광역시,서구,신도시/항만/산업,시설유지보수,38,2873425156.0,75616451.4736842,2026-05-12 18:19:32,0.025748086290883786,0.00023744873828119607,0.9090909090909091,0.28,20.27,추천,6.8
부산광역시,부산진구,상업/교통/중심가,조경/녹지관리,1,126355000.0,126355000.0,2025-09-16 11:23:08,0.0,1.0441488362023837e-05,0.11070110701107011,0.93,20.26,데이터부족,8.0
경상북도,영천시,전국 주요 지역,시설유지보수,20,503663890.0,25183194.5,2026-04-15 16:22:53,0.013221990257480862,4.162083531167468e-05,0.5,0.611,20.25,추천,0.4
경상북도,영주시,전국 주요 지역,폐기물/환경,2,31722000.0,15861000.0,2024-12-10 08:56:52,0.0006958942240779402,2.621383354992839e-06,0.0544464609800363,0.97,20.24,제외,1.5
경상북도,상주시,전국 주요 지역,교육물품/교구,1,15000000.0,15000000.0,2025-10-27 10:17:22,0.0,1.2395419685042742e-06,0.13043478260869565,0.914,20.24,데이터부족,0.0
경기도,광명시,전국 주요 지역,시설유지보수,9,16235002000.0,1803889111.1111112,2025-12-29 14:39:03,0.0055671537926235215,0.0013415977558500552,0.17964071856287425,0.864,20.23,데이터부족,22.2
강원특별자치도,속초시,전국 주요 지역,청소/환경미화,10,469852000.0,46985200.0,2026-05-07 10:21:38,0.006263048016701462,3.8826751532378014e-05,0.7894736842105263,0.407,20.23,추천,9.7
경기도,성남시,IT/판교/주거,기타/미분류,11,916030640.0,83275512.72727273,2026-05-11 18:51:16,0.006958942240779402,7.569722818105534e-05,0.8823529411764706,0.335,20.22,제외,6.0
광주광역시,북구,대학/주거/상업,차량/운송,6,735914210.0,122652368.33333333,2026-04-15 18:53:45,0.003479471120389701,6.081310323424452e-05,0.5,0.629,20.22,데이터부족,4.2
전라남도,신안군,전국 주요 지역,IT장비/전산,1,1848000.0,1848000.0,2024-09-23 15:35:45,0.0,1.5271157051972658e-07,0.04769475357710652,0.975,20.22,데이터부족,0.0
경기도,안산시,외국인/공단/주거,IT장비/전산,20,3236313591.0,161815679.55,2026-05-12 09:54:22,0.013221990257480862,0.0002674364346190184,0.9090909090909091,0.302,20.21,추천,7.6
경상남도,함양군,전국 주요 지역,IT장비/전산,2,19471000.0,9735500.0,2025-09-25 10:38:38,0.0006958942240779402,1.6090081112497814e-06,0.11450381679389311,0.923,20.21,데이터부족,0.0
강원특별자치도,강원특별자치도,전국 주요 지역,건설/공사,158,144085389008.0,911932841.8227848,2026-05-15 10:51:02,0.10925539318023661,0.011906659114912028,1.0,0.027,20.21,제외,11.0
전라남도,목포시,전국 주요 지역,행사/운영용역,2,22710000.0,11355000.0,2025-11-20 14:50:54,0.0006958942240779402,1.8766665403154712e-06,0.14563106796116507,0.9,20.21,데이터부족,0.0
충청남도,서산시,전국 주요 지역,폐기물/환경,16,966516450.0,60407278.125,2026-02-24 18:01:25,0.010438413361169102,7.986918020165086e-05,0.27272727272727276,0.785,20.21,제외,4.9
경상남도,밀양시,전국 주요 지역,IT장비/전산,7,134097000.0,19156714.285714287,2026-04-07 17:57:10,0.0041753653444676405,1.108125729003451e-05,0.4411764705882353,0.671,20.2,데이터부족,0.0
충청남도,청양군,전국 주요 지역,행사/운영용역,2,991000000.0,495500000.0,2025-11-19 16:43:52,0.0006958942240779402,8.189240605251572e-05,0.14492753623188406,0.9,20.2,데이터부족,8.0
경기도,과천시,전국 주요 지역,건설/공사,2,1462956000.0,731478000.0,2025-07-09 09:48:23,0.0006958942240779402,0.00012089302400500927,0.08823529411764705,0.942,20.19,제외,8.0
인천광역시,남동구,산업단지/주거,폐기물/환경,128,97740905674.0,763600825.578125,2026-05-12 16:06:50,0.0883785664578984,0.00807693030816937,0.9090909090909091,0.141,20.19,제외,5.3
전라남도,광양시,전국 주요 지역,IT장비/전산,1,1848000.0,1848000.0,2024-08-29 08:23:46,0.0,1.5271157051972658e-07,0.04587155963302752,0.975,20.19,데이터부족,0.0
광주광역시,북구,대학/주거/상업,행사/운영용역,18,1501515000.0,83417500.0,2026-04-28 15:25:35,0.011830201809324982,0.00012407939058924636,0.6382978723404256,0.507,20.19,추천,12.7
경기도,의왕시,전국 주요 지역,건설/공사,1,1748400000.0,1748400000.0,2024-08-26 16:26:29,0.0,0.0001444810118488582,0.04566210045662101,0.975,20.19,제외,24.0
부산광역시,금정구,대학/주거/산,IT장비/전산,1,400000000.0,400000000.0,2024-08-30 16:00:39,0.0,3.305445249344731e-05,0.045941807044410414,0.975,20.19,데이터부족,10.0
경상남도,김해시,전국 주요 지역,행사/운영용역,1,197273000.0,197273000.0,2024-12-09 08:09:54,0.0,1.6301877516849578e-05,0.05434782608695653,0.968,20.18,데이터부족,8.0
전라남도,영광군,전국 주요 지역,시설유지보수,12,300719020.0,25059918.333333332,2026-02-06 09:53:41,0.007654836464857342,2.485025640116508e-05,0.234375,0.818,20.18,추천,1.2
대전광역시,중구,도심/관광/명동,교육물품/교구,1,886000000.0,886000000.0,2025-10-20 17:12:54,0.0,7.32156122729858e-05,0.12658227848101264,0.914,20.18,데이터부족,8.0
충청북도,충청북도,전국 주요 지역,행사/운영용역,191,28838645552.0,150987673.04712042,2026-05-11 14:45:54,0.13221990257480862,0.002383114098434874,0.8823529411764706,0.08,20.18,추천,17.7
경기도,평택시,미군기지/항만/산업,시설유지보수,45,2417217890.0,53715953.11111111,2026-05-13 13:44:09,0.030619345859429367,0.00019974953477828986,0.9375,0.244,20.17,추천,3.1
인천광역시,인천광역시,전국 주요 지역,교육물품/교구,187,39398747873.0,210688491.29946524,2026-05-14 15:08:31,0.12943632567849686,0.003255760099673467,0.9677419354838709,0.02,20.17,추천,11.6
충청남도,당진시,전국 주요 지역,시설유지보수,52,784009400.0,15077103.846153846,2026-05-15 09:51:28,0.03549060542797495,6.478750366679032e-05,1.0,0.187,20.16,추천,0.3
충청북도,충주시,전국 주요 지역,급수/전기/설비,1,38160000.0,38160000.0,2025-07-30 16:55:38,0.0,3.1533947678748736e-06,0.09404388714733543,0.937,20.15,데이터부족,8.0
강원특별자치도,인제군,전국 주요 지역,폐기물/환경,118,24221339435.0,205265588.43220338,2026-05-12 16:20:03,0.081419624217119,0.0020015577842046736,0.9090909090909091,0.159,20.12,제외,6.2
부산광역시,강서구,공항/산업단지/주거,전문용역/컨설팅,1,897100000.0,897100000.0,2025-07-23 17:02:10,0.0,7.413287332967896e-05,0.09202453987730061,0.937,20.12,데이터부족,5.0
경상북도,영덕군,전국 주요 지역,IT장비/전산,1,1452000.0,1452000.0,2024-06-14 14:53:44,0.0,1.1998766255121375e-07,0.04109589041095891,0.975,20.12,데이터부족,2.0
경상남도,함안군,전국 주요 지역,행사/운영용역,1,22000000.0,22000000.0,2024-10-23 11:27:59,0.0,1.817994887139602e-06,0.05008347245409015,0.968,20.11,데이터부족,0.0
경기도,성남시,IT/판교/주거,건설/공사,5,280773000.0,56154600.0,2026-01-29 10:40:59,0.0027835768963117608,2.3201994474856705e-05,0.22058823529411764,0.834,20.1,제외,4.2
경기도,오산시,전국 주요 지역,시설유지보수,2,158874000.0,79437000.0,2024-11-21 10:46:56,0.0006958942240779402,1.312873271360987e-05,0.05263157894736842,0.964,20.1,데이터부족,12.5
부산광역시,중구,도심/관광/명동,건설/공사,1,600000000.0,600000000.0,2024-05-20 10:29:54,0.0,4.9581678740170965e-05,0.03973509933774834,0.975,20.1,제외,24.0
경기도,연천군,전국 주요 지역,청소/환경미화,2,67843000.0,33921500.0,2026-01-27 17:57:17,0.0006958942240779402,5.606283051282365e-06,0.2173913043478261,0.84,20.09,데이터부족,5.0
경기도,안산시,외국인/공단/주거,행사/운영용역,43,17870926200.0,415602934.88372093,2026-05-13 15:52:38,0.029227557411273485,0.0014767842027295073,0.9375,0.241,20.09,추천,6.7
서울특별시,양천구,교육/주거/신도시,전문용역/컨설팅,3,1042631000.0,347543666.6666667,2026-03-17 10:48:03,0.0013917884481558804,8.615899214423866e-05,0.33707865168539325,0.749,20.09,데이터부족,15.7
서울특별시,마포구,홍대/관광/문화콘텐츠,건설/공사,1,90600000.0,90600000.0,2024-04-24 16:52:05,0.0,7.486833489765816e-06,0.03841229193341869,0.975,20.08,제외,7.0
충청북도,음성군,전국 주요 지역,행사/운영용역,3,50730000.0,16910000.0,2026-01-20 15:48:52,0.0013917884481558804,4.192130937481455e-06,0.2068965517241379,0.846,20.08,데이터부족,2.0
경상북도,구미시,전국 주요 지역,차량/운송,1,26686000.0,26686000.0,2025-07-02 14:16:09,0.0,2.2052277981003373e-06,0.08645533141210375,0.939,20.08,데이터부족,0.0
강원특별자치도,영월군,전국 주요 지역,인쇄/홍보물,1,166400000.0,166400000.0,2025-09-17 09:40:31,0.0,1.3750652237274082e-05,0.1111111111111111,0.92,20.07,데이터부족,30.0
서울특별시,용산구,외국인/관광/개발,행사/운영용역,14,2056224800.0,146873200.0,2026-04-17 17:00:41,0.009046624913013222,0.0001699184624186205,0.5172413793103449,0.597,20.06,추천,12.0
부산광역시,수영구,해변/문화/청년,차량/운송,2,119352520.0,59676260.0,2026-01-28 14:20:53,0.0006958942240779402,9.86283050578305e-06,0.21897810218978103,0.837,20.05,데이터부족,6.0
서울특별시,강서구,공항/산업단지/주거,급수/전기/설비,2,127676000.0,63838000.0,2026-01-27 17:26:10,0.0006958942240779402,1.0550650691383447e-05,0.2173913043478261,0.838,20.05,데이터부족,4.0
경기도,이천시,전국 주요 지역,행사/운영용역,55,23415888540.0,425743428.0,2026-05-14 15:23:05,0.037578288100208766,0.0019349984383432183,0.9677419354838709,0.199,20.05,추천,7.2
경상북도,영천시,전국 주요 지역,행사/운영용역,1,100000000.0,100000000.0,2024-08-28 14:21:30,0.0,8.263613123361828e-06,0.04580152671755725,0.968,20.05,데이터부족,9.0
경상북도,울진군,전국 주요 지역,건설/공사,20,397095300.0,19854765.0,2026-04-27 10:24:48,0.013221990257480862,3.281441932305302e-05,0.625,0.507,20.04,제외,0.6
대전광역시,동구,전국 주요 지역,IT장비/전산,10,1963890280.0,196389028.0,2026-04-23 07:39:36,0.006263048016701462,0.00016228829490650735,0.5769230769230769,0.556,20.03,추천,8.5
경기도,구리시,전국 주요 지역,전문용역/컨설팅,2,243892000.0,121946000.0,2026-01-30 10:56:43,0.0006958942240779402,2.015429131882963e-05,0.2222222222222222,0.833,20.02,데이터부족,5.5
경기도,가평군,전국 주요 지역,시설유지보수,2,881680000.0,440840000.0,2024-09-19 17:12:13,0.0006958942240779402,7.285862418605656e-05,0.04739336492890995,0.964,20.02,데이터부족,22.5
전라남도,목포시,전국 주요 지역,차량/운송,1,9450100.0,9450100.0,2025-06-12 17:41:00,0.0,7.809197037708161e-07,0.08174386920980926,0.939,20.01,데이터부족,0.0
강원특별자치도,고성군,전국 주요 지역,폐기물/환경,72,25518072400.0,354417672.2222222,2026-05-07 14:57:38,0.049408489909533754,0.0021087147796753727,0.7894736842105263,0.307,20.01,제외,5.7
충청북도,영동군,전국 주요 지역,청소/환경미화,1,32935980.0,32935980.0,2025-05-13 16:35:27,0.0,2.721701965587827e-06,0.07556675062972293,0.944,20.01,데이터부족,8.0
전라남도,나주시,전국 주요 지역,IT장비/전산,8,153724000.0,19215500.0,2026-04-13 10:01:54,0.0048712595685455815,1.2703156637756736e-05,0.48387096774193555,0.628,20.01,데이터부족,1.4
경상북도,봉화군,전국 주요 지역,시설유지보수,25,561112050.0,22444482.0,2026-04-27 10:48:11,0.016701461377870562,4.636812900056458e-05,0.625,0.498,20.0,추천,3.0
세종특별자치시,세종시,전국 주요 지역,IT장비/전산,193,94095152250.0,487539648.9637306,2026-05-12 09:45:51,0.1336116910229645,0.007775659349778292,0.9090909090909091,0.041,20.0,추천,10.7
서울특별시,성북구,대학/문화/주거,시설유지보수,7,2209177000.0,315596714.28571427,2025-10-27 18:42:26,0.0041753653444676405,0.00018255784049029113,0.13043478260869565,0.893,19.99,데이터부족,10.3
부산광역시,연제구,행정/주거/교육,건설/공사,2,2600000000.0,1300000000.0,2025-04-28 17:46:36,0.0006958942240779402,0.00021485394120740751,0.07281553398058253,0.942,19.97,제외,19.0
전라북도,전주시,전국 주요 지역,교육물품/교구,160,13202350490.0,82514690.5625,2026-05-15 11:41:27,0.11064718162839249,0.0010909911676838645,1.0,0.026,19.97,추천,12.2
경상북도,경산시,전국 주요 지역,IT장비/전산,2,152470000.0,76235000.0,2025-08-14 14:30:45,0.0006958942240779402,1.2599530929189779e-05,0.09868421052631579,0.923,19.97,데이터부족,8.0
충청남도,홍성군,전국 주요 지역,전문용역/컨설팅,1,1735000000.0,1735000000.0,2025-06-13 16:03:29,0.0,0.00014337368769032772,0.0819672131147541,0.937,19.97,데이터부족,40.0
경기도,고양시,신도시/주거/교통,행사/운영용역,76,15025843532.0,197708467.52631578,2026-05-14 15:22:15,0.05219206680584551,0.0012416775780061664,0.9677419354838709,0.167,19.97,추천,18.1
인천광역시,서구,신도시/항만/산업,교육물품/교구,12,3168072000.0,264006000.0,2026-05-11 15:56:53,0.007654836464857342,0.00026179721354955155,0.8823529411764706,0.321,19.97,추천,7.1
인천광역시,동구,전국 주요 지역,행사/운영용역,29,5597476230.0,193016421.72413793,2026-05-08 15:05:27,0.019485038274182326,0.0004625537803193389,0.8108108108108107,0.351,19.97,추천,13.1
전라북도,군산시,전국 주요 지역,행사/운영용역,123,25205256414.0,204920783.85365853,2026-05-14 11:37:53,0.0848990953375087,0.002082864876804303,0.9677419354838709,0.1,19.96,추천,12.6
대구광역시,남구,대학/항만/주거,전문용역/컨설팅,1,4700000.0,4700000.0,2025-06-11 13:00:42,0.0,3.883898167980059e-07,0.08152173913043478,0.937,19.96,데이터부족,5.0
경상북도,청도군,전국 주요 지역,조경/녹지관리,3,77748000.0,25916000.0,2026-04-01 14:24:58,0.0013917884481558804,6.424793931151354e-06,0.4054054054054054,0.691,19.96,데이터부족,0.0
충청북도,제천시,전국 주요 지역,IT장비/전산,2,19019000.0,9509500.0,2025-08-11 13:22:59,0.0006958942240779402,1.571656579932186e-06,0.09771986970684039,0.923,19.95,데이터부족,0.0
경기도,하남시,전국 주요 지역,전문용역/컨설팅,2,99720000.0,49860000.0,2026-01-27 15:06:32,0.0006958942240779402,8.240475006616415e-06,0.2173913043478261,0.833,19.95,데이터부족,11.0
경상북도,경주시,전국 주요 지역,건설/공사,26,1634809000.0,62877269.23076923,2026-05-04 11:17:46,0.017397355601948505,0.00013509429106590027,0.7317073170731707,0.413,19.93,제외,2.2
충청북도,옥천군,전국 주요 지역,행사/운영용역,2,55305000.0,27652500.0,2025-10-20 10:16:03,0.0006958942240779402,4.570191237875259e-06,0.12658227848101264,0.9,19.93,데이터부족,5.0
전라북도,전라북도,전국 주요 지역,시설유지보수,181,54606451746.0,301693103.5690608,2026-05-13 11:19:36,0.12526096033402923,0.0045124659126847,0.9375,0.036,19.91,추천,7.0
전라북도,무주군,전국 주요 지역,급수/전기/설비,1,1178380000.0,1178380000.0,2025-05-19 09:42:10,0.0,9.737676432307111e-05,0.07672634271099744,0.937,19.89,데이터부족,8.0
충청남도,부여군,전국 주요 지역,전문용역/컨설팅,4,521326000.0,130331500.0,2026-04-01 14:31:56,0.0020876826722338203,4.308036375149728e-05,0.4054054054054054,0.686,19.89,데이터부족,13.8
경기도,광주시,전국 주요 지역,교육물품/교구,1,60588000.0,60588000.0,2025-09-05 15:01:29,0.0,5.006757919182464e-06,0.10638297872340426,0.914,19.88,데이터부족,11.0
경상북도,포항시,전국 주요 지역,인쇄/홍보물,1,5500000.0,5500000.0,2025-08-13 11:07:02,0.0,4.544987217849005e-07,0.09836065573770493,0.92,19.88,데이터부족,0.0
경기도,양주시,전국 주요 지역,급식/식자재,1,20790000.0,20790000.0,2025-12-30 11:27:48,0.0,1.718005168346924e-06,0.18072289156626506,0.857,19.85,데이터부족,7.0
경기도,광명시,전국 주요 지역,IT장비/전산,12,3202965480.0,266913790.0,2026-04-28 17:25:45,0.007654836464857342,0.00026468067574202917,0.6382978723404256,0.498,19.85,추천,10.0
경기도,용인시,주거/산업/반도체,행사/운영용역,143,18970338860.0,132659712.3076923,2026-05-13 13:52:29,0.09881697981906751,0.0015676354115811686,0.9375,0.09,19.85,추천,12.2
전라북도,정읍시,전국 주요 지역,행사/운영용역,83,24430841100.0,294347483.1325301,2026-05-14 14:53:28,0.05706332637439109,0.002018870191287275,0.9677419354838709,0.149,19.83,추천,15.6
경기도,경기도,전국 주요 지역,폐기물/환경,160,46807305389.0,292545658.68125,2026-05-12 20:07:26,0.11064718162839249,0.0038679746308174522,0.9090909090909091,0.083,19.82,제외,7.8
경상북도,칠곡군,전국 주요 지역,급수/전기/설비,1,20416000.0,20416000.0,2025-04-25 10:15:52,0.0,1.6870992552655508e-06,0.07228915662650602,0.937,19.82,데이터부족,0.0
전라남도,목포시,전국 주요 지역,전문용역/컨설팅,1,4800000.0,4800000.0,2025-04-23 16:47:29,0.0,3.9665342992136776e-07,0.07194244604316546,0.937,19.82,데이터부족,0.0
대전광역시,서구,신도시/항만/산업,행사/운영용역,28,4536829950.0,162029641.07142857,2026-05-07 19:06:07,0.018789144050104383,0.00037490607513280985,0.7894736842105263,0.361,19.82,추천,9.5
전라남도,강진군,전국 주요 지역,전문용역/컨설팅,2,112500000.0,56250000.0,2026-01-21 16:52:33,0.0006958942240779402,9.296564763782056e-06,0.20833333333333334,0.833,19.81,데이터부족,21.0
전라북도,남원시,전국 주요 지역,행사/운영용역,79,19773809618.0,250301387.56962025,2026-05-14 09:28:19,0.054279749478079335,0.0016340311265816312,0.9677419354838709,0.154,19.81,추천,12.5
충청남도,예산군,전국 주요 지역,폐기물/환경,47,2675954440.0,56935200.85106383,2026-04-29 15:34:54,0.032011134307585246,0.00022113052227902352,0.6521739130434783,0.437,19.81,제외,1.9
전라남도,전라남도,전국 주요 지역,폐기물/환경,107,9459646370.0,88407910.0,2026-05-11 15:13:53,0.07376478775226165,0.0007817085788549408,0.8823529411764706,0.18,19.81,제외,5.6
서울특별시,금천구,제조/산업단지/중소기업,차량/운송,4,1493878870.0,373469717.5,2026-03-24 09:57:47,0.0020876826722338203,0.00012344837034844938,0.36585365853658536,0.712,19.81,데이터부족,7.0
경기도,안성시,전국 주요 지역,조경/녹지관리,1,51830000.0,51830000.0,2025-06-04 17:09:46,0.0,4.283030681838436e-06,0.08,0.93,19.8,데이터부족,0.0
충청남도,금산군,전국 주요 지역,건설/공사,3,33550000.0,11183333.333333334,2025-08-07 08:40:07,0.0013917884481558804,2.7724422028878933e-06,0.09646302250803858,0.915,19.8,제외,0.0
전라남도,진도군,전국 주요 지역,전문용역/컨설팅,1,407000000.0,407000000.0,2025-04-11 15:41:35,0.0,3.363290541208264e-05,0.06993006993006992,0.937,19.79,데이터부족,41.0
경기도,하남시,전국 주요 지역,폐기물/환경,31,41055365600.0,1324366632.2580645,2026-04-09 11:32:37,0.020876826722338204,0.0033926565795657773,0.45454545454545453,0.602,19.78,제외,7.0
전라남도,신안군,전국 주요 지역,전문용역/컨설팅,1,999900000.0,999900000.0,2025-04-08 13:36:32,0.0,8.262786762049492e-05,0.06944444444444445,0.937,19.78,데이터부족,20.0
경상북도,영양군,전국 주요 지역,인쇄/홍보물,1,8500000.0,8500000.0,2025-07-23 16:35:48,0.0,7.024071154857554e-07,0.09202453987730061,0.92,19.78,데이터부족,0.0
강원특별자치도,평창군,전국 주요 지역,IT장비/전산,21,1465158690.0,69769461.42857143,2026-05-12 17:12:49,0.013917884481558803,0.00012107504578491624,0.9090909090909091,0.279,19.78,추천,4.8
부산광역시,연제구,행정/주거/교육,전문용역/컨설팅,1,200000000.0,200000000.0,2025-04-08 09:09:46,0.0,1.6527226246723656e-05,0.06944444444444445,0.937,19.78,데이터부족,21.0
부산광역시,금정구,대학/주거/산,폐기물/환경,34,40213610720.0,1182753256.4705882,2026-04-14 16:04:42,0.022964509394572025,0.0033230972128355588,0.49180327868852464,0.57,19.78,제외,9.3
경상북도,구미시,전국 주요 지역,전문용역/컨설팅,1,43000000.0,43000000.0,2025-04-08 16:02:44,0.0,3.553353643045586e-06,0.06944444444444445,0.937,19.78,데이터부족,13.0
전라남도,순천시,전국 주요 지역,급수/전기/설비,1,32830000.0,32830000.0,2025-04-04 08:58:03,0.0,2.7129441883996883e-06,0.06880733944954129,0.937,19.77,데이터부족,0.0
경상북도,봉화군,전국 주요 지역,의료/복지용품,2,90982000.0,45491000.0,2026-03-31 17:34:51,0.0006958942240779402,7.518400491897058e-06,0.4,0.687,19.77,데이터부족,3.0
경상북도,칠곡군,전국 주요 지역,전문용역/컨설팅,1,1147900000.0,1147900000.0,2025-03-28 16:22:11,0.0,9.485801504307042e-05,0.06772009029345372,0.937,19.76,데이터부족,44.0
인천광역시,미추홀구,전국 주요 지역,급수/전기/설비,14,18339035528.0,1309931109.142857,2026-05-14 11:49:28,0.009046624913013222,0.0015154669465897962,0.9677419354838709,0.242,19.76,추천,10.6
부산광역시,강서구,공항/산업단지/주거,보험/금융,1,49000000.0,49000000.0,2025-07-23 13:40:53,0.0,4.049170430447296e-06,0.09202453987730061,0.919,19.76,데이터부족,5.0
경상남도,거제시,전국 주요 지역,전문용역/컨설팅,1,179430000.0,179430000.0,2025-03-26 11:04:52,0.0,1.4827401027248127e-05,0.06741573033707865,0.937,19.75,데이터부족,42.0
경기도,이천시,전국 주요 지역,급수/전기/설비,1,50260000.0,50260000.0,2025-03-24 17:35:40,0.0,4.153291955801654e-06,0.06711409395973154,0.937,19.75,데이터부족,3.0
부산광역시,남구,대학/항만/주거,폐기물/환경,48,49363466848.0,1028405559.3333334,2026-04-29 11:36:32,0.032707028531663185,0.004079205924597693,0.6521739130434783,0.428,19.75,제외,8.3
전라남도,목포시,전국 주요 지역,청소/환경미화,1,4500000.0,4500000.0,2025-01-07 17:07:01,0.0,3.7186259055128226e-07,0.05736137667304015,0.944,19.74,데이터부족,1.0
경상남도,함안군,전국 주요 지역,보험/금융,1,3828000.0,3828000.0,2025-07-13 13:46:49,0.0,3.163311103622908e-07,0.08928571428571429,0.919,19.72,데이터부족,1.0
경기도,파주시,출판/DMZ/신도시,행사/운영용역,54,50222775401.0,930051396.3148148,2026-05-13 10:09:42,0.03688239387613083,0.004150215858953572,0.9375,0.204,19.72,추천,16.9
경기도,동두천시,전국 주요 지역,의료/복지용품,1,72000000.0,72000000.0,2025-11-25 14:17:33,0.0,5.949801448820516e-06,0.14925373134328357,0.874,19.72,데이터부족,14.0
울산광역시,동구,전국 주요 지역,차량/운송,2,111866330.0,55933165.0,2026-01-12 18:07:43,0.0006958942240779402,9.24420072650325e-06,0.19607843137254904,0.837,19.71,데이터부족,4.0
서울특별시,중랑구,주거/제조/서민,청소/환경미화,1,85008000.0,85008000.0,2024-12-16 19:55:19,0.0,7.024732243907423e-06,0.055045871559633024,0.944,19.71,데이터부족,3.0
대전광역시,대전광역시,전국 주요 지역,조경/녹지관리,215,58207115680.0,270730770.60465115,2026-05-12 15:58:56,0.1489213639526792,0.00481001085006288,0.9090909090909091,0.0,19.71,추천,5.8
서울특별시,구로구,산업/디지털/제조,청소/환경미화,1,516865000.0,516865000.0,2024-12-10 16:26:59,0.0,4.271172397006411e-05,0.0544464609800363,0.944,19.7,데이터부족,7.0
경상북도,상주시,전국 주요 지역,차량/운송,1,227834660.0,227834660.0,2025-02-11 16:04:05,0.0,1.8827374863326803e-05,0.06147540983606558,0.939,19.7,데이터부족,7.0
대구광역시,중구,도심/관광/명동,IT장비/전산,13,1940786000.0,149291230.76923078,2026-04-30 17:46:44,0.008350730688935281,0.00016037904659236909,0.6666666666666666,0.468,19.7,추천,10.7
서울특별시,은평구,주거/문화/뉴타운,청소/환경미화,1,72000000.0,72000000.0,2024-12-11 09:43:50,0.0,5.949801448820516e-06,0.05454545454545455,0.944,19.7,데이터부족,7.0
부산광역시,기장군,농어촌/관광/신도시,폐기물/환경,118,7577908540.0,64219563.89830509,2026-05-11 17:46:15,0.081419624217119,0.0006262090445877966,0.8823529411764706,0.159,19.69,제외,5.4
경기도,성남시,IT/판교/주거,행사/운영용역,87,16736218300.0,192370325.28735632,2026-05-14 15:31:02,0.059846903270702856,0.0013830163317932838,0.9677419354838709,0.137,19.68,추천,12.3
부산광역시,해운대구,관광/해변/고소득,보험/금융,1,4342000.0,4342000.0,2025-07-03 21:19:16,0.0,3.5880608181637056e-07,0.08670520231213873,0.919,19.68,데이터부족,5.0
전라남도,장성군,전국 주요 지역,폐기물/환경,11,648650000.0,58968181.81818182,2025-10-28 16:03:52,0.006958942240779402,5.36019265246865e-05,0.13100436681222707,0.872,19.68,제외,0.6
경상남도,함양군,전국 주요 지역,폐기물/환경,15,874775339.0,58318355.93333333,2026-01-22 09:24:37,0.009742519137091163,7.228804971353691e-05,0.2097902097902098,0.807,19.68,제외,3.3
대구광역시,군위군,전국 주요 지역,건설/공사,48,22768841220.0,474350858.75,2026-05-13 13:52:05,0.032707028531663185,0.0018815289510933373,0.9375,0.213,19.68,제외,12.6
전라북도,김제시,전국 주요 지역,폐기물/환경,161,16340033831.0,101490893.36024845,2026-05-12 13:57:09,0.11134307585247043,0.0013502771800202784,0.9090909090909091,0.078,19.68,제외,6.1
서울특별시,성동구,성수/브랜드/라이프스타일,기타/미분류,1,31232000.0,31232000.0,2024-12-04 14:41:54,0.0,2.580891650688366e-06,0.05385996409335727,0.943,19.67,제외,8.0
충청북도,음성군,전국 주요 지역,기타/미분류,1,4400000.0,4400000.0,2024-12-02 17:27:33,0.0,3.635989774279204e-07,0.053667262969588556,0.943,19.67,제외,0.0
전라남도,해남군,전국 주요 지역,IT장비/전산,7,391752000.0,55964571.428571425,2026-04-01 15:00:07,0.0041753653444676405,3.2372869683032425e-05,0.4054054054054054,0.671,19.67,데이터부족,2.6
경상남도,양산시,전국 주요 지역,전문용역/컨설팅,1,460760000.0,460760000.0,2025-02-13 09:34:29,0.0,3.8075423827201955e-05,0.0617283950617284,0.937,19.67,데이터부족,19.0
서울특별시,강동구,주거/강변/문화,기타/미분류,1,980220000.0,980220000.0,2024-11-25 14:15:54,0.0,8.10015885578173e-05,0.053003533568904596,0.943,19.66,제외,7.0
전라남도,화순군,전국 주요 지역,건설/공사,12,2295786260.0,191315521.66666666,2026-04-03 16:48:22,0.007654836464857342,0.0001897148946656977,0.4166666666666667,0.655,19.66,제외,5.2
전라북도,임실군,전국 주요 지역,교육물품/교구,1,37216000.0,37216000.0,2025-07-22 14:33:29,0.0,3.075386259990338e-06,0.09174311926605504,0.914,19.66,데이터부족,6.0
전라남도,해남군,전국 주요 지역,폐기물/환경,26,2444071000.0,94002730.76923077,2026-03-30 14:54:14,0.017397355601948505,0.00020196857190028065,0.39473684210526316,0.652,19.66,제외,2.3
충청북도,괴산군,전국 주요 지역,행사/운영용역,2,88650000.0,44325000.0,2025-09-12 16:43:29,0.0006958942240779402,7.325693033860261e-06,0.1090909090909091,0.9,19.66,데이터부족,12.5
인천광역시,서구,신도시/항만/산업,폐기물/환경,131,120830794030.0,922372473.5114504,2026-05-11 16:11:32,0.09046624913013222,0.00998498935252538,0.8823529411764706,0.128,19.66,제외,5.3
인천광역시,옹진군,전국 주요 지역,시설유지보수,46,5845995270.0,127086853.69565217,2026-05-12 17:59:06,0.031315240083507306,0.0004830904323228317,0.9090909090909091,0.238,19.66,추천,5.2
강원특별자치도,양구군,전국 주요 지역,교육물품/교구,6,1571668000.0,261944666.66666666,2026-04-27 16:09:07,0.003479471120389701,0.00012987656310367837,0.625,0.507,19.66,데이터부족,16.8
강원특별자치도,속초시,전국 주요 지역,시설유지보수,48,9629200622.0,200608346.29166666,2026-05-13 17:07:13,0.032707028531663185,0.0007957198862744308,0.9375,0.213,19.65,추천,5.1
서울특별시,관악구,청년/자취생/대학가,기타/미분류,1,136540000.0,136540000.0,2024-11-19 11:08:26,0.0,1.1283137358638239e-05,0.05244755244755245,0.943,19.65,제외,13.0
전라남도,장성군,전국 주요 지역,급수/전기/설비,1,3388000.0,3388000.0,2025-02-05 16:21:06,0.0,2.799712126194987e-07,0.060728744939271245,0.937,19.65,데이터부족,0.0
경상북도,울진군,전국 주요 지역,교육물품/교구,6,387600000.0,64600000.0,2026-04-27 14:26:39,0.003479471120389701,3.2029764466150445e-05,0.625,0.507,19.65,데이터부족,11.3
경기도,수원시,행정/산업/대학,차량/운송,44,9530180720.0,216595016.36363637,2026-05-14 15:03:01,0.029923451635351428,0.0007875372646580187,0.9677419354838709,0.196,19.65,추천,11.9
서울특별시,마포구,홍대/관광/문화콘텐츠,기타/미분류,1,270000000.0,270000000.0,2024-11-15 14:42:35,0.0,2.2311755433076937e-05,0.052083333333333336,0.943,19.64,제외,11.0
전라남도,장성군,전국 주요 지역,시설유지보수,21,176005940.0,8381235.238095238,2026-04-13 16:43:20,0.013917884481558803,1.4544449955736344e-05,0.48387096774193555,0.591,19.64,추천,0.0
경상남도,창녕군,전국 주요 지역,IT장비/전산,2,26257000.0,13128500.0,2025-05-19 10:47:37,0.0006958942240779402,2.169776897801115e-06,0.07672634271099744,0.923,19.64,데이터부족,0.0
충청북도,영동군,전국 주요 지역,의료/복지용품,1,55270000.0,55270000.0,2025-11-18 09:45:25,0.0,4.567298973282082e-06,0.14423076923076922,0.874,19.64,데이터부족,0.0
대전광역시,중구,도심/관광/명동,시설유지보수,48,6063574296.0,126324464.5,2026-05-13 16:38:12,0.032707028531663185,0.0005010703212690506,0.9375,0.213,19.64,추천,7.1
부산광역시,중구,도심/관광/명동,폐기물/환경,16,10753472318.0,672092019.875,2026-02-05 13:56:15,0.010438413361169102,0.0008886253496873293,0.23255813953488372,0.785,19.63,제외,4.9
대구광역시,서구,신도시/항만/산업,급수/전기/설비,1,289993000.0,289993000.0,2025-01-24 18:15:44,0.0,2.3963899604830666e-05,0.05928853754940711,0.937,19.63,데이터부족,12.0
전라북도,무주군,전국 주요 지역,전문용역/컨설팅,13,1583680500.0,121821576.92307693,2026-05-12 17:00:07,0.008350730688935281,0.00013086922963012222,0.9090909090909091,0.283,19.63,추천,11.4
경상북도,고령군,전국 주요 지역,기타/미분류,1,20944000.0,20944000.0,2024-10-22 09:32:16,0.0,1.7307311325569012e-06,0.05,0.943,19.61,제외,0.0
부산광역시,연제구,행정/주거/교육,차량/운송,1,78650000.0,78650000.0,2024-12-18 15:27:05,0.0,6.499331721524078e-06,0.055248618784530384,0.939,19.61,데이터부족,5.0
충청남도,당진시,전국 주요 지역,차량/운송,2,13156500.0,6578250.0,2026-01-06 11:18:00,0.0006958942240779402,1.0872022605750988e-06,0.18867924528301888,0.837,19.6,데이터부족,0.5
경상북도,경산시,전국 주요 지역,전문용역/컨설팅,1,53000000.0,53000000.0,2025-01-09 10:46:38,0.0,4.379714955381769e-06,0.05758157389635316,0.937,19.6,데이터부족,11.0
대구광역시,동구,전국 주요 지역,차량/운송,1,48840000.0,48840000.0,2024-12-11 11:23:22,0.0,4.035948649449916e-06,0.05454545454545455,0.939,19.6,데이터부족,5.0
경기도,경기도,전국 주요 지역,방역/소독,1,39000000.0,39000000.0,2025-07-23 14:41:17,0.0,3.222809118111113e-06,0.09202453987730061,0.911,19.6,데이터부족,5.0
서울특별시,용산구,외국인/관광/개발,차량/운송,1,87158060.0,87158060.0,2024-12-13 20:36:59,0.0,7.202404884227576e-06,0.05474452554744526,0.939,19.6,데이터부족,5.0
대구광역시,달서구,주거/산업/신시가지,전문용역/컨설팅,1,80000000.0,80000000.0,2025-01-08 15:44:05,0.0,6.6108904986894625e-06,0.0574712643678161,0.937,19.6,데이터부족,13.0
경상북도,안동시,전국 주요 지역,기타/미분류,1,16841000.0,16841000.0,2024-10-07 17:47:17,0.0,1.3916750861053654e-06,0.04878048780487805,0.943,19.59,제외,0.0
서울특별시,서대문구,대학/의료/주거,기타/미분류,1,160000000.0,160000000.0,2024-10-04 13:50:03,0.0,1.3221780997378925e-05,0.04854368932038835,0.943,19.59,제외,7.0
강원특별자치도,태백시,전국 주요 지역,보험/금융,4,827304000.0,206826000.0,2026-04-22 16:26:39,0.0020876826722338203,6.836520191409734e-05,0.5660377358490566,0.55,19.58,데이터부족,6.5
서울특별시,동대문구,전통시장/패션/대학,차량/운송,1,144679000.0,144679000.0,2024-11-29 17:52:17,0.0,1.1955712830748658e-05,0.05338078291814946,0.939,19.58,데이터부족,10.0
대전광역시,유성구,전국 주요 지역,인쇄/홍보물,1,30000000.0,30000000.0,2025-05-26 11:17:58,0.0,2.4790839370085484e-06,0.078125,0.92,19.57,데이터부족,3.0
충청남도,논산시,전국 주요 지역,전문용역/컨설팅,1,41855000.0,41855000.0,2024-12-16 11:58:34,0.0,3.458735272783093e-06,0.055045871559633024,0.937,19.57,데이터부족,3.0
부산광역시,부산광역시,전국 주요 지역,경비/보안,160,522859612517.0,3267872578.23125,2026-05-13 15:15:25,0.11064718162839249,0.043207095556713614,0.9375,0.0,19.57,추천,9.8
인천광역시,중구,도심/관광/명동,급식/식자재,1,6800.0,6800.0,2025-12-11 09:30:41,0.0,5.619256923886042e-10,0.16216216216216214,0.857,19.57,데이터부족,8.0
울산광역시,북구,대학/주거/상업,건설/공사,67,16746406100.0,249946359.70149255,2026-05-15 10:41:28,0.04592901878914405,0.0013838582121710656,1.0,0.135,19.57,제외,7.9
서울특별시,금천구,제조/산업단지/중소기업,청소/환경미화,1,88000000.0,88000000.0,2024-08-19 09:36:49,0.0,7.271979548558408e-06,0.045180722891566265,0.944,19.56,데이터부족,17.0
전라북도,익산시,전국 주요 지역,행사/운영용역,88,22551249812.0,256264202.4090909,2026-05-14 10:53:01,0.060542797494780795,0.0018635480389465415,0.9677419354838709,0.129,19.56,추천,15.9
전라남도,화순군,전국 주요 지역,보험/금융,1,36432000.0,36432000.0,2025-05-29 15:55:32,0.0,3.0105995331031812e-06,0.07874015748031496,0.919,19.56,데이터부족,0.0
충청북도,영동군,전국 주요 지역,차량/운송,1,21813000.0,21813000.0,2024-11-15 10:18:34,0.0,1.8025419305989156e-06,0.052083333333333336,0.939,19.56,데이터부족,0.0
경상북도,청도군,전국 주요 지역,기타/미분류,1,4675000.0,4675000.0,2024-09-10 09:35:14,0.0,3.8632391351716543e-07,0.04672897196261683,0.943,19.56,제외,0.0
전라북도,고창군,전국 주요 지역,건설/공사,70,11891037930.0,169871970.42857143,2026-05-15 18:10:34,0.04801670146137787,0.0009826293708874126,1.0,0.13,19.55,제외,7.5
전라북도,완주군,전국 주요 지역,기타/미분류,14,2015517000.0,143965500.0,2026-05-13 18:15:04,0.009046624913013222,0.00016655452731558862,0.9375,0.256,19.55,제외,10.1
경상북도,포항시,전국 주요 지역,기타/미분류,1,4785000.0,4785000.0,2024-08-30 15:36:17,0.0,3.9541388795286345e-07,0.045941807044410414,0.943,19.55,제외,0.0
대구광역시,남구,대학/항만/주거,급수/전기/설비,1,75600000.0,75600000.0,2024-12-06 17:47:10,0.0,6.247291521261542e-06,0.05405405405405406,0.937,19.55,데이터부족,6.0
인천광역시,옹진군,전국 주요 지역,행사/운영용역,17,6894293000.0,405546647.0588235,2026-04-22 17:48:33,0.011134307585247043,0.0005697177011110159,0.5660377358490566,0.53,19.55,추천,8.4
인천광역시,계양구,주거/교통,전문용역/컨설팅,1,255200000.0,255200000.0,2024-12-04 15:07:16,0.0,2.1088740690819383e-05,0.05385996409335727,0.937,19.55,데이터부족,12.0
서울특별시,중구,도심/관광/명동,급수/전기/설비,1,187594000.0,187594000.0,2024-11-28 16:40:57,0.0,1.5502042402639388e-05,0.05328596802841919,0.937,19.54,데이터부족,7.0
경기도,양평군,전국 주요 지역,건설/공사,3,85279000.0,28426333.333333332,2025-05-29 08:20:56,0.0013917884481558804,7.047126635471733e-06,0.07874015748031496,0.915,19.54,제외,6.3
경기도,김포시,신도시/공항/주거,행사/운영용역,57,13177999093.0,231192966.54385966,2026-05-13 18:14:01,0.03897007654836465,0.0010889788624456507,0.9375,0.194,19.53,추천,17.0
경상남도,통영시,전국 주요 지역,차량/운송,1,13297900.0,13297900.0,2024-10-22 17:18:58,0.0,1.0988870095315324e-06,0.05,0.939,19.53,데이터부족,1.0
서울특별시,중랑구,주거/제조/서민,기타/미분류,1,299100000.0,299100000.0,2024-08-09 19:00:12,0.0,2.471646685197523e-05,0.04451038575667656,0.943,19.53,제외,17.0
경상북도,문경시,전국 주요 지역,전문용역/컨설팅,5,98470000.0,19694000.0,2026-04-09 10:34:45,0.0027835768963117608,8.137179842574393e-06,0.45454545454545453,0.63,19.53,데이터부족,0.0
경상남도,김해시,전국 주요 지역,IT장비/전산,2,67550000.0,33775000.0,2025-04-02 11:17:02,0.0006958942240779402,5.5820706648309145e-06,0.0684931506849315,0.923,19.52,데이터부족,5.5
충청북도,영동군,전국 주요 지역,시설유지보수,12,946857000.0,78904750.0,2026-01-07 09:12:11,0.007654836464857342,7.82445993114701e-05,0.189873417721519,0.818,19.52,추천,2.8
인천광역시,중구,도심/관광/명동,폐기물/환경,79,14791117830.0,187229339.62025318,2026-05-07 17:44:27,0.054279749478079335,0.0012222807540917912,0.7894736842105263,0.274,19.52,제외,5.1
강원특별자치도,춘천시,전국 주요 지역,시설유지보수,124,18769476244.0,151366743.9032258,2026-05-15 09:36:05,0.08559498956158663,0.0015510369020854647,1.0,0.053,19.52,추천,5.7
서울특별시,동대문구,전통시장/패션/대학,청소/환경미화,1,75600000.0,75600000.0,2024-07-04 14:34:49,0.0,6.247291521261542e-06,0.04225352112676056,0.944,19.51,데이터부족,6.0
서울특별시,동작구,대학/주거/공원,전문용역/컨설팅,1,308018000.0,308018000.0,2024-10-31 17:19:28,0.0,2.5453415870316636e-05,0.050761421319796954,0.937,19.5,데이터부족,28.0
전라북도,전라북도,전국 주요 지역,기타/미분류,131,56053173331.0,427886819.3206107,2026-05-15 14:34:11,0.09046624913013222,0.004632017387441268,1.0,0.038,19.49,제외,12.0
대구광역시,군위군,전국 주요 지역,기타/미분류,1,150000000.0,150000000.0,2024-07-01 10:51:36,0.0,1.2395419685042741e-05,0.04207573632538569,0.943,19.49,제외,14.0
경기도,광주시,전국 주요 지역,전문용역/컨설팅,1,5291000.0,5291000.0,2024-10-21 15:28:59,0.0,4.372277703570743e-07,0.04991680532445923,0.937,19.49,데이터부족,0.0
경상남도,거제시,전국 주요 지역,건설/공사,2,23312000.0,11656000.0,2024-06-19 13:37:02,0.0006958942240779402,1.9264134913181094e-06,0.041379310344827586,0.942,19.49,제외,0.0
경상북도,청송군,전국 주요 지역,기타/미분류,1,83684000.0,83684000.0,2024-07-02 17:43:00,0.0,6.915322006154112e-06,0.042134831460674156,0.943,19.49,제외,7.0
충청북도,괴산군,전국 주요 지역,시설유지보수,5,477363500.0,95472700.0,2024-12-16 14:37:43,0.0027835768963117608,3.944747283213934e-05,0.055045871559633024,0.927,19.48,데이터부족,4.6
경상북도,봉화군,전국 주요 지역,교육물품/교구,1,13368000.0,13368000.0,2025-06-05 09:35:59,0.0,1.1046798023310092e-06,0.08021390374331551,0.914,19.48,데이터부족,0.0
경기도,광주시,전국 주요 지역,급수/전기/설비,1,222538000.0,222538000.0,2024-10-10 10:45:48,0.0,1.8389679372466943e-05,0.04901960784313726,0.937,19.48,데이터부족,6.0
제주특별자치도,서귀포시,전국 주요 지역,행사/운영용역,42,10199846020.0,242853476.66666666,2026-05-11 10:02:09,0.028531663187195546,0.000842875814271419,0.8823529411764706,0.254,19.48,추천,12.8
경기도,오산시,전국 주요 지역,교육물품/교구,1,64734410.0,64734410.0,2025-06-04 09:05:32,0.0,5.349401200090851e-06,0.08,0.914,19.48,데이터부족,19.0
부산광역시,중구,도심/관광/명동,청소/환경미화,7,2448269532.0,349752790.28571427,2026-04-20 15:45:16,0.0041753653444676405,0.0002023155223416212,0.5454545454545454,0.556,19.47,데이터부족,8.7
경상북도,청도군,전국 주요 지역,급수/전기/설비,1,8910000.0,8910000.0,2024-10-07 11:20:50,0.0,7.362879292915389e-07,0.04878048780487805,0.937,19.47,데이터부족,0.0
인천광역시,부평구,주거/상업/교통,차량/운송,5,754686000.0,150937200.0,2026-03-30 16:41:03,0.0027835768963117608,6.236433133617444e-05,0.39473684210526316,0.672,19.47,데이터부족,7.6
서울특별시,구로구,산업/디지털/제조,기타/미분류,1,123000000.0,123000000.0,2024-05-28 18:24:46,0.0,1.0164244141735048e-05,0.040160642570281124,0.943,19.46,제외,7.0
경기도,양주시,전국 주요 지역,행사/운영용역,13,28395068500.0,2184236038.4615383,2026-04-08 17:52:35,0.008350730688935281,0.0023464586069535803,0.44776119402985076,0.617,19.45,추천,15.0
경기도,하남시,전국 주요 지역,보험/금융,1,52685940.0,52685940.0,2025-04-21 14:16:44,0.0,4.353762252006539e-06,0.07159904534606205,0.919,19.45,데이터부족,7.0
경상남도,진주시,전국 주요 지역,보험/금융,1,5104000.0,5104000.0,2025-04-18 09:51:33,0.0,4.217748138163877e-07,0.07109004739336493,0.919,19.45,데이터부족,0.0
경상남도,산청군,전국 주요 지역,기타/미분류,1,8800000.0,8800000.0,2024-05-16 11:28:17,0.0,7.271979548558408e-07,0.039525691699604744,0.943,19.45,제외,0.0
경상북도,고령군,전국 주요 지역,차량/운송,1,54994500.0,54994500.0,2024-08-06 09:16:05,0.0,4.54453271912722e-06,0.04431314623338257,0.939,19.44,데이터부족,0.0
울산광역시,북구,대학/주거/상업,행사/운영용역,215,56692572892.0,263686385.54418606,2026-05-08 17:25:03,0.1489213639526792,0.0046848548934747825,0.8108108108108107,0.06,19.44,추천,21.1
전라북도,순창군,전국 주요 지역,방역/소독,1,34000000.0,34000000.0,2025-06-11 15:36:47,0.0,2.8096284619430217e-06,0.08152173913043478,0.911,19.44,데이터부족,0.0
강원특별자치도,춘천시,전국 주요 지역,급식/식자재,9,407669700.0,45296633.333333336,2026-05-14 16:18:21,0.0055671537926235215,3.3688246829169794e-05,0.9677419354838709,0.235,19.44,데이터부족,7.8
전라남도,장흥군,전국 주요 지역,시설유지보수,7,1173789000.0,167684142.85714287,2025-07-29 09:50:48,0.0041753653444676405,9.699738184457757e-05,0.09375,0.893,19.44,데이터부족,24.7
서울특별시,노원구,주거/교육/대학,기타/미분류,1,163742330.0,163742330.0,2024-04-24 17:33:21,0.0,1.3531032670378431e-05,0.03841229193341869,0.943,19.44,제외,4.0
울산광역시,울산광역시,전국 주요 지역,기타/미분류,191,35660183581.0,186702531.83769634,2026-05-12 17:47:32,0.13221990257480862,0.0029468196102144357,0.9090909090909091,0.022,19.44,제외,9.5
강원특별자치도,정선군,전국 주요 지역,IT장비/전산,17,4488304000.0,264017882.3529412,2026-05-06 11:30:53,0.011134307585247043,0.00037089607836037386,0.7692307692307692,0.372,19.43,추천,7.5
전라북도,군산시,전국 주요 지역,급식/식자재,10,940644000.0,94064400.0,2026-05-15 15:34:06,0.006263048016701462,7.773118102811563e-05,1.0,0.209,19.43,추천,10.6
충청남도,예산군,전국 주요 지역,교육물품/교구,1,130000000.0,130000000.0,2025-05-20 09:44:46,0.0,1.0742697060370376e-05,0.07692307692307693,0.914,19.43,데이터부족,13.0
경상북도,포항시,전국 주요 지역,행사/운영용역,5,968816000.0,193763200.0,2026-02-12 11:49:01,0.0027835768963117608,8.005920611722912e-05,0.24590163934426232,0.781,19.42,데이터부족,6.0
강원특별자치도,인제군,전국 주요 지역,건설/공사,47,32652810000.0,694740638.2978723,2026-05-12 16:27:07,0.032011134307585246,0.0026983018923064034,0.9090909090909091,0.222,19.42,제외,9.0
전라남도,담양군,전국 주요 지역,건설/공사,29,835818300.0,28821320.689655174,2026-05-04 10:30:07,0.019485038274182326,6.906879072625973e-05,0.7317073170731707,0.383,19.42,제외,1.6
강원특별자치도,원주시,전국 주요 지역,행사/운영용역,117,18585128357.0,158847250.91452992,2026-05-13 15:22:47,0.08072372999304106,0.0015358031059026925,0.9375,0.104,19.41,추천,8.7
서울특별시,양천구,교육/주거/신도시,차량/운송,1,127139080.0,127139080.0,2024-06-25 16:36:53,0.0,1.0506281699801493e-05,0.04172461752433936,0.939,19.41,데이터부족,5.0
경기도,구리시,전국 주요 지역,인쇄/홍보물,1,99649000.0,99649000.0,2025-03-26 17:18:47,0.0,8.234607841298827e-06,0.06741573033707865,0.92,19.41,데이터부족,5.0
경상남도,진주시,전국 주요 지역,행사/운영용역,2,157000000.0,78500000.0,2025-07-22 09:28:14,0.0006958942240779402,1.297387260367807e-05,0.09174311926605504,0.9,19.4,데이터부족,8.0
대구광역시,군위군,전국 주요 지역,시설유지보수,34,31674332653.0,931598019.2058823,2026-05-06 10:32:10,0.022964509394572025,0.002617444309850589,0.7692307692307692,0.344,19.4,추천,7.4
충청북도,음성군,전국 주요 지역,전문용역/컨설팅,1,38490000.0,38490000.0,2024-07-31 11:25:16,0.0,3.1806646911819675e-06,0.043923865300146414,0.937,19.4,데이터부족,5.0
인천광역시,강화군,전국 주요 지역,보험/금융,2,140000000.0,70000000.0,2026-02-19 17:53:26,0.0006958942240779402,1.156905837270656e-05,0.2608695652173913,0.773,19.4,데이터부족,5.0
경상남도,함안군,전국 주요 지역,시설유지보수,27,499463500.0,18498648.14814815,2026-04-29 16:57:29,0.018093249826026444,4.12737313324023e-05,0.6521739130434783,0.444,19.39,추천,0.6
경기도,양주시,전국 주요 지역,경비/보안,1,71919000.0,71919000.0,2025-12-29 18:26:06,0.0,5.943107922190593e-06,0.17964071856287425,0.835,19.39,데이터부족,6.0
경기도,여주시,전국 주요 지역,보험/금융,1,601453110.0,601453110.0,2025-03-24 17:42:22,0.0,4.970175812882785e-05,0.06711409395973154,0.919,19.39,데이터부족,0.0
강원특별자치도,철원군,전국 주요 지역,기타/미분류,10,2027235240.0,202723524.0,2026-05-06 18:10:06,0.006263048016701462,0.00016752287733405564,0.7692307692307692,0.38,19.39,제외,7.4
서울특별시,강서구,공항/산업단지/주거,차량/운송,1,96885330.0,96885330.0,2024-06-07 10:07:29,0.0,8.006228844492414e-06,0.0407055630936228,0.939,19.39,데이터부족,6.0
경기도,안성시,전국 주요 지역,보험/금융,1,69700000.0,69700000.0,2025-03-26 10:38:57,0.0,5.759738346983194e-06,0.06741573033707865,0.919,19.39,데이터부족,7.0
강원특별자치도,횡성군,전국 주요 지역,기타/미분류,10,1818799500.0,181879950.0,2026-05-06 13:02:54,0.006263048016701462,0.0001502985541696393,0.7692307692307692,0.38,19.39,제외,8.8
서울특별시,성동구,성수/브랜드/라이프스타일,건설/공사,4,2326284400.0,581571100.0,2025-10-20 15:49:57,0.0020876826722338203,0.00019223514296511896,0.12658227848101264,0.87,19.39,제외,7.5
경기도,남양주시,주거/자연/신도시,교육물품/교구,1,55000000.0,55000000.0,2025-04-30 17:21:51,0.0,4.544987217849005e-06,0.07317073170731708,0.914,19.38,데이터부족,8.0
경상북도,경주시,전국 주요 지역,행사/운영용역,2,754200000.0,377100000.0,2025-07-15 16:16:11,0.0006958942240779402,6.23241701763949e-05,0.08982035928143713,0.9,19.38,데이터부족,13.0
전라북도,완주군,전국 주요 지역,시설유지보수,83,48414147750.0,583302984.939759,2026-05-14 11:25:23,0.05706332637439109,0.004000757867032785,0.9677419354838709,0.124,19.38,추천,6.9
강원특별자치도,화천군,전국 주요 지역,폐기물/환경,81,25640078400.0,316544177.7777778,2026-05-07 17:27:31,0.055671537926235214,0.0021187968835026613,0.7894736842105263,0.263,19.38,제외,6.9
전라남도,구례군,전국 주요 지역,전문용역/컨설팅,1,87725000.0,87725000.0,2024-07-10 10:01:05,0.0,7.249254612469163e-06,0.04261363636363637,0.937,19.38,데이터부족,7.0
경기도,경기도,전국 주요 지역,전문용역/컨설팅,180,22183447340.0,123241374.1111111,2026-05-13 14:41:50,0.12456506610995129,0.0018331542656023004,0.9375,0.014,19.37,추천,12.4
서울특별시,송파구,가족주거/대형상권/복합문화,차량/운송,1,49014920.0,49014920.0,2024-05-07 13:50:06,0.0,4.050403361525301e-06,0.0390625,0.939,19.37,데이터부족,9.0
경기도,가평군,전국 주요 지역,IT장비/전산,8,841353970.0,105169246.25,2026-04-07 09:19:10,0.0048712595685455815,6.952623707884573e-05,0.4411764705882353,0.628,19.37,데이터부족,6.1
전라북도,익산시,전국 주요 지역,의료/복지용품,3,120286000.0,40095333.333333336,2026-04-22 10:05:18,0.0013917884481558804,9.939969681567007e-06,0.5660377358490566,0.541,19.37,데이터부족,5.7
서울특별시,중구,도심/관광/명동,조경/녹지관리,1,582300000.0,582300000.0,2024-11-08 15:43:33,0.0,4.8119019217335925e-05,0.051457975986277875,0.93,19.37,데이터부족,5.0
부산광역시,서구,신도시/항만/산업,조경/녹지관리,1,197920000.0,197920000.0,2024-10-29 16:47:37,0.0,1.6355343093757728e-05,0.050590219224283306,0.93,19.36,데이터부족,5.0
서울특별시,성북구,대학/문화/주거,차량/운송,1,162800000.0,162800000.0,2024-04-23 17:45:44,0.0,1.3453162164833055e-05,0.03836317135549872,0.939,19.36,데이터부족,7.0
서울특별시,노원구,주거/교육/대학,조경/녹지관리,1,360000000.0,360000000.0,2024-10-28 13:44:38,0.0,2.974900724410258e-05,0.050505050505050504,0.93,19.36,데이터부족,11.0
울산광역시,울주군,전국 주요 지역,폐기물/환경,225,83668368914.0,371859417.39555556,2026-05-08 13:57:19,0.1558803061934586,0.006914030313680092,0.8108108108108107,0.039,19.35,제외,5.1
서울특별시,금천구,제조/산업단지/중소기업,행사/운영용역,8,1539629200.0,192453650.0,2026-03-11 20:35:52,0.0048712595685455815,0.0001272290006223107,0.31578947368421056,0.721,19.35,데이터부족,9.4
대구광역시,중구,도심/관광/명동,건설/공사,6,2240008000.0,373334666.6666667,2026-01-09 15:36:06,0.003479471120389701,0.0001851055950523548,0.1923076923076923,0.816,19.35,제외,87.5
강원특별자치도,영월군,전국 주요 지역,교육물품/교구,5,209419600.0,41883920.0,2026-04-20 14:17:23,0.0027835768963117608,1.7305625548491846e-05,0.5454545454545454,0.553,19.35,데이터부족,9.8
서울특별시,종로구,공공기관/전통상권/관광,조경/녹지관리,1,295700000.0,295700000.0,2024-10-15 16:25:40,0.0,2.4435504005780926e-05,0.049423393739703454,0.93,19.34,데이터부족,7.0
경기도,과천시,전국 주요 지역,급수/전기/설비,1,109309200.0,109309200.0,2024-05-28 14:35:15,0.0,9.032889396241828e-06,0.040160642570281124,0.937,19.34,데이터부족,6.0
경상남도,함안군,전국 주요 지역,전문용역/컨설팅,1,88599000.0,88599000.0,2024-05-22 15:58:15,0.0,7.321478591167346e-06,0.0398406374501992,0.937,19.34,데이터부족,41.0
서울특별시,광진구,대학/강변/상업,조경/녹지관리,1,320000000.0,320000000.0,2024-10-17 16:12:36,0.0,2.644356199475785e-05,0.04958677685950413,0.93,19.34,데이터부족,5.0
부산광역시,서구,신도시/항만/산업,행사/운영용역,5,620000000.0,124000000.0,2026-02-09 18:05:32,0.0027835768963117608,5.123440136484333e-05,0.24000000000000005,0.781,19.33,데이터부족,20.6
전라남도,장흥군,전국 주요 지역,폐기물/환경,12,1571641840.0,130970153.33333333,2025-10-30 15:02:31,0.007654836464857342,0.0001298744013424853,0.13215859030837004,0.852,19.33,제외,4.4
전라북도,완주군,전국 주요 지역,건설/공사,97,43764650411.0,451181963.0,2026-05-15 13:45:20,0.06680584551148225,0.0036165413947568223,1.0,0.078,19.32,제외,9.0
대구광역시,동구,전국 주요 지역,시설유지보수,19,9922855500.0,522255552.6315789,2026-04-02 17:02:26,0.012526096033402923,0.000819986389310231,0.410958904109589,0.631,19.31,추천,5.6
광주광역시,북구,대학/주거/상업,조경/녹지관리,1,29120000.0,29120000.0,2024-09-10 17:39:32,0.0,2.4063641415229643e-06,0.04672897196261683,0.93,19.3,데이터부족,2.0
경상북도,울릉군,전국 주요 지역,행사/운영용역,2,516000000.0,258000000.0,2025-06-24 16:36:30,0.0006958942240779402,4.264024371654703e-05,0.08450704225352113,0.9,19.3,데이터부족,12.5
전라북도,진안군,전국 주요 지역,경비/보안,1,99442000.0,99442000.0,2025-12-23 13:32:44,0.0,8.21750216213347e-06,0.17341040462427745,0.835,19.3,데이터부족,7.0
충청남도,아산시,전국 주요 지역,조경/녹지관리,1,9800000.0,9800000.0,2024-09-02 15:04:04,0.0,8.098340860894591e-07,0.04615384615384615,0.93,19.29,데이터부족,0.0
충청북도,보은군,전국 주요 지역,급식/식자재,1,21902000.0,21902000.0,2025-11-17 09:53:04,0.0,1.8098965462787075e-06,0.14354066985645933,0.857,19.29,데이터부족,0.0
서울특별시,노원구,주거/교육/대학,IT장비/전산,2,1871146000.0,935573000.0,2024-11-25 10:00:49,0.0006958942240779402,0.0001546242664132599,0.053003533568904596,0.923,19.29,데이터부족,14.5
광주광역시,동구,전국 주요 지역,조경/녹지관리,1,76630000.0,76630000.0,2024-08-27 10:24:12,0.0,6.3324067364321685e-06,0.04573170731707317,0.93,19.29,데이터부족,6.0
전라남도,화순군,전국 주요 지역,IT장비/전산,13,9186970000.0,706690000.0,2026-04-28 16:52:21,0.008350730688935281,0.0007591756585593141,0.6382978723404256,0.468,19.29,추천,21.2
부산광역시,남구,대학/항만/주거,전문용역/컨설팅,8,790000000.0,98750000.0,2026-04-27 17:13:45,0.0048712595685455815,6.528254367455845e-05,0.625,0.486,19.29,데이터부족,12.4
강원특별자치도,속초시,전국 주요 지역,폐기물/환경,68,18170918300.0,267219386.7647059,2026-05-04 09:39:10,0.04662491301322199,0.001501574389274156,0.7317073170731707,0.32,19.28,제외,6.5
충청남도,서산시,전국 주요 지역,건설/공사,36,1236135883.0,34337107.86111111,2026-05-08 10:20:15,0.024356297842727904,0.00010214948705017261,0.8108108108108107,0.307,19.28,제외,1.1
울산광역시,남구,대학/항만/주거,차량/운송,172,13896125250.0,80791425.87209302,2026-05-12 11:47:58,0.11899791231732777,0.0011483220297977966,0.9090909090909091,0.043,19.28,추천,6.2
충청남도,공주시,전국 주요 지역,IT장비/전산,2,15400000.0,7700000.0,2024-11-25 14:33:32,0.0006958942240779402,1.2725964209977214e-06,0.053003533568904596,0.923,19.28,데이터부족,0.0
경기도,과천시,전국 주요 지역,보험/금융,1,69540000.0,69540000.0,2025-01-23 14:36:39,0.0,5.746516565985815e-06,0.0591715976331361,0.919,19.27,데이터부족,12.0
부산광역시,기장군,농어촌/관광/신도시,급수/전기/설비,4,237069000.0,59267250.0,2026-04-02 14:38:45,0.0020876826722338203,1.959046499542265e-05,0.410958904109589,0.651,19.27,데이터부족,7.0
경상남도,함안군,전국 주요 지역,폐기물/환경,17,940875000.0,55345588.23529412,2026-02-09 16:14:36,0.011134307585247043,7.77502699744306e-05,0.24000000000000005,0.761,19.27,제외,3.1
경상북도,영천시,전국 주요 지역,조경/녹지관리,1,15950000.0,15950000.0,2024-07-30 10:35:07,0.0,1.3180462931762115e-06,0.043859649122807015,0.93,19.26,데이터부족,0.0
서울특별시,중랑구,주거/제조/서민,조경/녹지관리,1,1648130000.0,1648130000.0,2024-07-30 17:10:56,0.0,0.0001361950869700633,0.043859649122807015,0.93,19.26,데이터부족,22.0
부산광역시,영도구,전국 주요 지역,조경/녹지관리,1,67490000.0,67490000.0,2024-07-19 10:45:46,0.0,5.577112496956897e-06,0.043165467625899276,0.93,19.25,데이터부족,6.0
경상남도,의령군,전국 주요 지역,기타/미분류,2,126383000.0,63191500.0,2025-11-06 13:15:27,0.0006958942240779402,1.0443802173698379e-05,0.13636363636363638,0.859,19.25,제외,0.0
부산광역시,사하구,공단/항만/주거,보험/금융,1,160000000.0,160000000.0,2025-01-14 10:10:27,0.0,1.3221780997378925e-05,0.05813953488372093,0.919,19.25,데이터부족,6.0
경상북도,칠곡군,전국 주요 지역,건설/공사,8,232103630.0,29012953.75,2026-02-10 17:48:02,0.0048712595685455815,1.918014602847918e-05,0.24193548387096778,0.771,19.24,제외,1.2
전라북도,임실군,전국 주요 지역,폐기물/환경,90,33241419900.0,369349110.0,2026-05-08 09:55:43,0.061934585942936674,0.0027469423372482103,0.8108108108108107,0.226,19.23,제외,6.5
인천광역시,옹진군,전국 주요 지역,방역/소독,1,25430000.0,25430000.0,2025-03-26 14:58:10,0.0,2.101436817270913e-06,0.06741573033707865,0.911,19.23,데이터부족,0.0
강원특별자치도,인제군,전국 주요 지역,청소/환경미화,2,143804000.0,71902000.0,2025-12-08 09:51:58,0.0006958942240779402,1.1883406215919242e-05,0.1595744680851064,0.84,19.22,데이터부족,4.5
서울특별시,마포구,홍대/관광/문화콘텐츠,보험/금융,1,929568970.0,929568970.0,2024-12-25 15:38:08,0.0,7.681598339561937e-05,0.055970149253731345,0.919,19.22,데이터부족,5.0
서울특별시,영등포구,오피스/금융/교통,보험/금융,1,908344940.0,908344940.0,2024-12-26 19:50:51,0.0,7.506211166723313e-05,0.05607476635514019,0.919,19.22,데이터부족,13.0
서울특별시,광진구,대학/강변/상업,보험/금융,1,460000000.0,460000000.0,2024-12-18 09:17:41,0.0,3.801262036746441e-05,0.055248618784530384,0.919,19.21,데이터부족,6.0
경기도,안산시,외국인/공단/주거,폐기물/환경,79,8655307000.0,109560848.10126582,2026-05-06 10:01:58,0.054279749478079335,0.0007152410851192549,0.7692307692307692,0.274,19.21,제외,5.8
서울특별시,관악구,청년/자취생/대학가,보험/금융,1,16577000.0,16577000.0,2024-12-16 13:06:47,0.0,1.3698591474596902e-06,0.055045871559633024,0.919,19.21,데이터부족,9.0
부산광역시,금정구,대학/주거/산,급수/전기/설비,2,110199000.0,55099500.0,2025-12-10 17:31:47,0.0006958942240779402,9.1064190258135e-06,0.16129032258064516,0.838,19.21,데이터부족,5.0
대구광역시,남구,대학/항만/주거,시설유지보수,13,7449582885.0,573044837.3076923,2026-01-21 14:50:58,0.008350730688935281,0.0006156047089205767,0.20833333333333334,0.787,19.21,추천,8.7
광주광역시,남구,대학/항만/주거,시설유지보수,48,2915350015.0,60736458.645833336,2026-05-12 09:02:56,0.032707028531663185,0.00024091324643147103,0.9090909090909091,0.213,19.21,추천,6.1
경상북도,포항시,전국 주요 지역,교육물품/교구,1,21700000.0,21700000.0,2025-02-14 09:34:38,0.0,1.7932040477695167e-06,0.06185567010309279,0.914,19.21,데이터부족,0.0
경상북도,성주군,전국 주요 지역,경비/보안,1,15240000.0,15240000.0,2025-12-16 16:43:01,0.0,1.2593746400003425e-06,0.16666666666666666,0.835,19.2,데이터부족,0.0
강원특별자치도,정선군,전국 주요 지역,청소/환경미화,8,97918730.0,12239841.25,2026-04-24 16:23:45,0.0048712595685455815,8.091625022509235e-06,0.5882352941176471,0.509,19.2,데이터부족,5.2
경기도,가평군,전국 주요 지역,폐기물/환경,32,8301895090.0,259434221.5625,2026-04-07 10:17:48,0.021572720946416143,0.0006860364921449713,0.4411764705882353,0.585,19.2,제외,5.7
대전광역시,유성구,전국 주요 지역,급수/전기/설비,15,2178252947.0,145216863.13333333,2026-05-14 11:27:18,0.009742519137091163,0.00018000239638830777,0.9677419354838709,0.214,19.19,추천,5.9
경상북도,봉화군,전국 주요 지역,건설/공사,66,2892687801.0,43828603.04545455,2026-05-14 16:55:45,0.04523312456506611,0.00023904052874132269,0.9677419354838709,0.143,19.19,제외,3.1
강원특별자치도,양양군,전국 주요 지역,급식/식자재,1,4945000000.0,4945000000.0,2025-11-05 14:45:27,0.0,0.0004086356689502424,0.13574660633484165,0.857,19.19,데이터부족,26.0
경상남도,밀양시,전국 주요 지역,인쇄/홍보물,1,56000000.0,56000000.0,2024-11-12 09:48:04,0.0,4.627623349082623e-06,0.05181347150259067,0.92,19.18,데이터부족,10.0
서울특별시,중랑구,주거/제조/서민,인쇄/홍보물,1,386400000.0,386400000.0,2024-11-12 10:36:11,0.0,3.1930601108670104e-05,0.05181347150259067,0.92,19.18,데이터부족,22.0
인천광역시,부평구,주거/상업/교통,건설/공사,97,201688194066.0,2079259732.6391752,2026-05-14 10:15:46,0.06680584551148225,0.016666732073109446,0.9677419354838709,0.078,19.17,제외,20.5
부산광역시,동구,전국 주요 지역,교육물품/교구,1,64320000.0,64320000.0,2025-01-22 09:21:34,0.0,5.315155960946328e-06,0.05905511811023622,0.914,19.17,데이터부족,20.0
부산광역시,서구,신도시/항만/산업,차량/운송,2,157776000.0,78888000.0,2025-12-09 09:05:44,0.0006958942240779402,1.3037998241515357e-05,0.16042780748663102,0.837,19.17,데이터부족,6.0
경상북도,예천군,전국 주요 지역,전문용역/컨설팅,2,228446000.0,114223000.0,2025-12-15 20:46:54,0.0006958942240779402,1.887789363579516e-05,0.16574585635359115,0.833,19.17,데이터부족,6.5
부산광역시,서구,신도시/항만/산업,청소/환경미화,2,310828200.0,155414100.0,2025-12-03 14:22:13,0.0006958942240779402,2.568563992630935e-05,0.15544041450777202,0.84,19.16,데이터부족,5.0
전라북도,전라북도,전국 주요 지역,교육물품/교구,125,22712271211.0,181698169.688,2026-05-15 15:38:50,0.08629088378566457,0.0018768542244057263,1.0,0.033,19.16,추천,13.3
강원특별자치도,홍천군,전국 주요 지역,시설유지보수,91,29813704442.0,327623125.73626375,2026-05-14 13:56:09,0.06263048016701461,0.00246368919282942,0.9677419354838709,0.104,19.16,추천,6.1
강원특별자치도,동해시,전국 주요 지역,차량/운송,32,1915865000.0,59870781.25,2026-05-12 17:30:07,0.021572720946416143,0.00015831967156589607,0.9090909090909091,0.233,19.16,추천,5.2
전라북도,전라북도,전국 주요 지역,전문용역/컨설팅,145,28584800329.0,197136553.99310344,2026-05-14 11:29:31,0.10020876826722339,0.002362137311274019,0.9677419354838709,0.029,19.16,추천,13.5
충청남도,청양군,전국 주요 지역,보험/금융,1,968000.0,968000.0,2024-11-08 10:46:09,0.0,7.999177503414249e-08,0.051457975986277875,0.919,19.15,데이터부족,0.0
부산광역시,서구,신도시/항만/산업,기타/미분류,11,1429004490.0,129909499.0909091,2026-05-08 17:08:35,0.006958942240779402,0.00011808740256906976,0.8108108108108107,0.335,19.14,제외,13.2
인천광역시,동구,전국 주요 지역,방역/소독,1,38866000.0,38866000.0,2025-02-11 15:15:19,0.0,3.211735876525808e-06,0.06147540983606558,0.911,19.14,데이터부족,5.0
충청남도,아산시,전국 주요 지역,인쇄/홍보물,1,50000000.0,50000000.0,2024-10-15 15:14:30,0.0,4.131806561680914e-06,0.049423393739703454,0.92,19.14,데이터부족,0.0
전라남도,영광군,전국 주요 지역,폐기물/환경,13,1019924000.0,78455692.3076923,2025-11-04 15:27:52,0.008350730688935281,8.428257351231689e-05,0.13513513513513511,0.839,19.14,제외,3.0
인천광역시,남동구,산업단지/주거,교육물품/교구,1,44550000.0,44550000.0,2025-01-09 14:17:19,0.0,3.6814396464576943e-06,0.05758157389635316,0.914,19.14,데이터부족,5.0
광주광역시,광산구,전국 주요 지역,시설유지보수,53,11180144950.0,210946131.13207546,2026-05-13 16:01:56,0.03618649965205289,0.0009238839252990747,0.9375,0.18,19.13,추천,7.4
서울특별시,용산구,외국인/관광/개발,폐기물/환경,35,105808956000.0,3023113028.571429,2026-04-09 16:37:52,0.023660403618649965,0.008743642773708142,0.45454545454545453,0.557,19.12,제외,9.4
인천광역시,인천광역시,전국 주요 지역,인쇄/홍보물,156,23064757540.0,147851009.87179488,2026-05-14 11:08:54,0.10786360473208072,0.0019059823309470266,0.9677419354838709,0.012,19.12,추천,11.3
강원특별자치도,춘천시,전국 주요 지역,경비/보안,1,107690000.0,107690000.0,2025-12-10 10:27:28,0.0,8.899084972548353e-06,0.16129032258064516,0.835,19.12,데이터부족,6.0
서울특별시,강남구,업무지구/고소득/IT,차량/운송,8,733628840.0,91703605.0,2026-04-20 13:53:42,0.0048712595685455815,6.062424909900715e-05,0.5454545454545454,0.537,19.12,데이터부족,6.0
부산광역시,동래구,교육/주거/전통,인쇄/홍보물,1,26400000.0,26400000.0,2024-09-23 11:02:34,0.0,2.1815938645675224e-06,0.04769475357710652,0.92,19.12,데이터부족,3.0
서울특별시,마포구,홍대/관광/문화콘텐츠,교육물품/교구,1,189622000.0,189622000.0,2024-12-17 19:29:31,0.0,1.5669628476781165e-05,0.05514705882352941,0.914,19.11,데이터부족,5.0
강원특별자치도,홍천군,전국 주요 지역,청소/환경미화,19,3917815000.0,206200789.47368422,2026-05-14 13:35:09,0.012526096033402923,0.0003237530744890382,0.9677419354838709,0.204,19.11,추천,8.0
경상북도,영주시,전국 주요 지역,급수/전기/설비,4,72425000.0,18106250.0,2026-03-31 11:17:00,0.0020876826722338203,5.9849218045948034e-06,0.4,0.651,19.1,데이터부족,1.5
강원특별자치도,철원군,전국 주요 지역,인쇄/홍보물,1,28000000.0,28000000.0,2024-09-09 20:59:06,0.0,2.3138116745413116e-06,0.04665629860031104,0.92,19.1,데이터부족,3.0
울산광역시,동구,전국 주요 지역,시설유지보수,12,686823800.0,57235316.666666664,2025-12-11 19:26:21,0.007654836464857342,5.675646167117239e-05,0.16216216216216214,0.818,19.1,추천,4.8
경상북도,경상북도,전국 주요 지역,방역/소독,1,87500000.0,87500000.0,2025-01-17 16:14:52,0.0,7.230661482941599e-06,0.05847953216374269,0.911,19.1,데이터부족,5.0
경상북도,상주시,전국 주요 지역,기타/미분류,5,103329999.0,20665999.8,2026-04-02 15:29:08,0.0027835768963117608,8.538791357733646e-06,0.410958904109589,0.641,19.1,제외,0.0
충청북도,증평군,전국 주요 지역,행사/운영용역,3,45375000.0,15125000.0,2025-11-14 11:27:35,0.0013917884481558804,3.7496144547254293e-06,0.14150943396226415,0.846,19.1,데이터부족,0.0
광주광역시,동구,전국 주요 지역,차량/운송,2,348182000.0,174091000.0,2025-12-02 17:57:13,0.0006958942240779402,2.877241344518368e-05,0.15463917525773196,0.837,19.09,데이터부족,6.5
전라북도,부안군,전국 주요 지역,교육물품/교구,7,536838000.0,76691142.85714285,2026-04-29 08:57:01,0.0041753653444676405,4.436221541919317e-05,0.6521739130434783,0.457,19.09,데이터부족,7.4
울산광역시,울산광역시,전국 주요 지역,전문용역/컨설팅,166,19556205290.0,117808465.60240965,2026-05-13 10:52:36,0.11482254697286012,0.00161604914677602,0.9375,0.019,19.08,추천,9.5
인천광역시,옹진군,전국 주요 지역,차량/운송,2,130722000.0,65361000.0,2025-12-01 17:51:27,0.0006958942240779402,1.0802360347121048e-05,0.15384615384615385,0.837,19.08,데이터부족,3.0
경상북도,봉화군,전국 주요 지역,인쇄/홍보물,1,21900000.0,21900000.0,2024-08-22 18:08:28,0.0,1.8097312740162403e-06,0.0453857791225416,0.92,19.08,데이터부족,0.0
서울특별시,서대문구,대학/의료/주거,교육물품/교구,1,103250000.0,103250000.0,2024-11-19 13:36:47,0.0,8.532180549871087e-06,0.05244755244755245,0.914,19.07,데이터부족,21.0
서울특별시,중랑구,주거/제조/서민,교육물품/교구,1,131648000.0,131648000.0,2024-11-18 11:47:25,0.0,1.0878881404643378e-05,0.05235602094240837,0.914,19.07,데이터부족,11.0
강원특별자치도,고성군,전국 주요 지역,의료/복지용품,3,395850.0,131950.0,2026-04-20 16:07:23,0.0013917884481558804,3.27115125488278e-08,0.5454545454545454,0.541,19.06,데이터부족,39.0
부산광역시,영도구,전국 주요 지역,기타/미분류,2,268339000.0,134169500.0,2025-10-14 10:00:13,0.0006958942240779402,2.2174496819097894e-05,0.1234567901234568,0.859,19.06,제외,7.5
서울특별시,용산구,외국인/관광/개발,교육물품/교구,1,120774800.0,120774800.0,2024-11-11 21:52:29,0.0,9.980362222514001e-06,0.05172413793103449,0.914,19.06,데이터부족,10.0
부산광역시,기장군,농어촌/관광/신도시,의료/복지용품,1,843244000.0,843244000.0,2025-09-02 15:00:02,0.0,6.968242184596121e-05,0.10526315789473684,0.874,19.06,데이터부족,6.0
경상북도,울진군,전국 주요 지역,보험/금융,1,16698000.0,16698000.0,2024-08-07 10:39:08,0.0,1.379858119338958e-06,0.04437869822485207,0.919,19.05,데이터부족,0.0
경기도,평택시,미군기지/항만/산업,행사/운영용역,90,16581706269.0,184241180.76666668,2026-05-13 16:08:17,0.061934585942936674,0.001370248055322395,0.9375,0.124,19.05,추천,32375.1
서울특별시,용산구,외국인/관광/개발,방역/소독,1,33470000.0,33470000.0,2024-12-18 21:28:25,0.0,2.765831312389204e-06,0.055248618784530384,0.911,19.05,데이터부족,5.0
경상북도,김천시,전국 주요 지역,건설/공사,8,483091001.0,60386375.125,2026-02-03 17:54:59,0.0048712595685455815,3.992077135641602e-05,0.22900763358778622,0.771,19.05,제외,5.6
경상남도,사천시,전국 주요 지역,인쇄/홍보물,1,18700000.0,18700000.0,2024-07-09 09:28:01,0.0,1.5452956540686617e-06,0.0425531914893617,0.92,19.04,데이터부족,0.0
인천광역시,강화군,전국 주요 지역,행사/운영용역,47,20667650078.0,439737235.70212764,2026-05-11 18:06:52,0.032011134307585246,0.001707894644136109,0.8823529411764706,0.224,19.04,추천,13.7
인천광역시,남동구,산업단지/주거,인쇄/홍보물,1,500000000.0,500000000.0,2024-07-05 16:04:51,0.0,4.131806561680914e-05,0.042313117066290554,0.92,19.04,데이터부족,13.0
대전광역시,서구,신도시/항만/산업,폐기물/환경,56,61097615360.0,1091028845.7142856,2026-04-29 16:22:50,0.038274182324286705,0.0050488705609500915,0.6521739130434783,0.38,19.04,제외,5.8
전라남도,고흥군,전국 주요 지역,인쇄/홍보물,1,51407000.0,51407000.0,2024-06-28 13:52:46,0.0,4.248075598326615e-06,0.04189944134078212,0.92,19.03,데이터부족,0.0
충청북도,진천군,전국 주요 지역,IT장비/전산,3,274297000.0,91432333.33333333,2025-09-04 10:27:00,0.0013917884481558804,2.2666842888987793e-05,0.10600706713780919,0.869,19.03,데이터부족,15.7
전라북도,부안군,전국 주요 지역,청소/환경미화,8,1337816000.0,167227000.0,2026-04-23 11:07:42,0.0048712595685455815,0.00011055193854243427,0.5769230769230769,0.509,19.03,데이터부족,12.9
경기도,안성시,전국 주요 지역,행사/운영용역,62,9865515200.0,159121212.9032258,2026-05-12 11:26:15,0.04244954766875435,0.0008152480087544559,0.9090909090909091,0.184,19.03,추천,9.2
서울특별시,관악구,청년/자취생/대학가,방역/소독,1,400000000.0,400000000.0,2024-11-25 20:04:15,0.0,3.305445249344731e-05,0.053003533568904596,0.911,19.02,데이터부족,10.0
서울특별시,강동구,주거/강변/문화,방역/소독,1,107557000.0,107557000.0,2024-11-25 17:42:12,0.0,8.888094367094282e-06,0.053003533568904596,0.911,19.02,데이터부족,3.0
경기도,양평군,전국 주요 지역,방역/소독,11,513686530.0,46698775.45454545,2026-05-13 14:03:21,0.006958942240779402,4.244906750602199e-05,0.9375,0.234,19.02,추천,4.9
부산광역시,강서구,공항/산업단지/주거,교육물품/교구,1,175466120.0,175466120.0,2024-10-02 13:06:47,0.0,1.4499841319373814e-05,0.04838709677419355,0.914,19.01,데이터부족,18.0
경상북도,김천시,전국 주요 지역,교육물품/교구,1,1.0,1.0,2024-10-04 15:53:05,0.0,8.263613123361828e-14,0.04854368932038835,0.914,19.01,데이터부족,10.0
서울특별시,구로구,산업/디지털/제조,인쇄/홍보물,1,195000000.0,195000000.0,2024-05-28 16:21:38,0.0,1.6114045590555564e-05,0.040160642570281124,0.92,19.0,데이터부족,21.0
부산광역시,북구,대학/주거/상업,인쇄/홍보물,1,300000000.0,300000000.0,2024-05-22 14:37:15,0.0,2.4790839370085483e-05,0.0398406374501992,0.92,19.0,데이터부족,21.0
전라남도,담양군,전국 주요 지역,인쇄/홍보물,1,18700000.0,18700000.0,2024-05-30 11:54:23,0.0,1.5452956540686617e-06,0.04026845637583893,0.92,19.0,데이터부족,0.0
경기도,가평군,전국 주요 지역,기타/미분류,15,1729678000.0,115311866.66666667,2026-05-13 09:49:05,0.009742519137091163,0.0001429338981999024,0.9375,0.227,19.0,제외,7.7
전라남도,나주시,전국 주요 지역,폐기물/환경,17,302814000.0,17812588.23529412,2026-01-30 10:18:31,0.011134307585247043,2.5023377443376884e-05,0.2222222222222222,0.761,19.0,제외,0.2
경상남도,남해군,전국 주요 지역,보험/금융,1,10692000.0,10692000.0,2024-06-13 10:57:45,0.0,8.835455151498466e-07,0.04103967168262654,0.919,19.0,데이터부족,0.0
서울특별시,동작구,대학/주거/공원,방역/소독,1,94400000.0,94400000.0,2024-11-05 16:13:31,0.0,7.800850788453565e-06,0.051194539249146756,0.911,18.99,데이터부족,13.0
경상북도,칠곡군,전국 주요 지역,보험/금융,1,60540829.0,60540829.0,2024-06-04 16:04:01,0.0,5.0028598902360435e-06,0.040540540540540536,0.919,18.99,데이터부족,5.0
충청남도,논산시,전국 주요 지역,보험/금융,1,30866000.0,30866000.0,2024-05-31 14:05:23,0.0,2.5506468266568618e-06,0.04032258064516129,0.919,18.98,데이터부족,6.0
충청남도,서산시,전국 주요 지역,급수/전기/설비,2,27176000.0,13588000.0,2025-11-20 13:52:21,0.0006958942240779402,2.2457195024048103e-06,0.14563106796116507,0.838,18.97,데이터부족,0.0
광주광역시,서구,신도시/항만/산업,교육물품/교구,2,46499450.0,23249725.0,2026-01-14 17:45:31,0.0006958942240779402,3.8425346524910716e-06,0.19867549668874174,0.798,18.97,데이터부족,5.5
경상남도,창원시,전국 주요 지역,교육물품/교구,1,21200000.0,21200000.0,2024-08-23 11:29:23,0.0,1.7518859821527074e-06,0.045454545454545456,0.914,18.96,데이터부족,0.0
경기도,구리시,전국 주요 지역,IT장비/전산,18,3438668520.0,191037140.0,2026-05-06 17:11:06,0.011830201809324982,0.00028415826308763193,0.7692307692307692,0.347,18.96,추천,7.8
충청남도,보령시,전국 주요 지역,시설유지보수,25,488579800.0,19543192.0,2026-04-21 14:17:43,0.016701461377870562,4.0374344470894975e-05,0.5555555555555556,0.498,18.96,추천,1.1
전라남도,고흥군,전국 주요 지역,급식/식자재,1,848400000.0,848400000.0,2025-10-10 18:08:44,0.0,7.010849373860175e-05,0.12145748987854249,0.857,18.96,데이터부족,12.0
경기도,의정부시,교통/주거/군부대,IT장비/전산,18,3215619600.0,178645533.33333334,2026-05-06 18:06:27,0.011830201809324982,0.00026572636326299513,0.7692307692307692,0.347,18.96,추천,7.8
대구광역시,달서구,주거/산업/신시가지,보험/금융,2,279600000.0,139800000.0,2026-02-04 14:22:17,0.0006958942240779402,2.310506229291967e-05,0.23076923076923073,0.773,18.95,데이터부족,7.0
경기도,과천시,전국 주요 지역,경비/보안,1,157520000.0,157520000.0,2025-11-25 17:32:45,0.0,1.301684339191955e-05,0.14925373134328357,0.835,18.94,데이터부족,7.0
전라북도,부안군,전국 주요 지역,행사/운영용역,36,5272303780.0,146452882.7777778,2026-05-08 10:45:12,0.024356297842727904,0.0004356827870675817,0.8108108108108107,0.289,18.93,추천,9.2
강원특별자치도,양양군,전국 주요 지역,교육물품/교구,1,43871000.0,43871000.0,2024-07-11 09:03:12,0.0,3.6253297133500676e-06,0.04267425320056899,0.914,18.92,데이터부족,14.0
제주특별자치도,제주시,전국 주요 지역,조경/녹지관리,153,25566560656.0,167101703.63398692,2026-05-14 13:28:17,0.1057759220598469,0.0021127216615614776,0.9677419354838709,0.006,18.92,추천,8.8
인천광역시,부평구,주거/상업/교통,시설유지보수,66,35373489378.0,535961960.27272725,2026-05-13 15:43:55,0.04523312456506611,0.0029231283104314103,0.9375,0.149,18.92,추천,9.0
충청남도,보령시,전국 주요 지역,건설/공사,53,2490221420.0,46985309.81132075,2026-05-12 09:51:35,0.03618649965205289,0.00020578226406388727,0.9090909090909091,0.191,18.91,제외,2.8
부산광역시,기장군,농어촌/관광/신도시,교육물품/교구,1,117610000.0,117610000.0,2024-07-05 09:27:13,0.0,9.718835394385845e-06,0.042313117066290554,0.914,18.91,데이터부족,6.0
서울특별시,서대문구,대학/의료/주거,건설/공사,21,26678435528.0,1270401691.8095238,2026-04-21 16:28:43,0.013917884481558803,0.0022046026993994324,0.5555555555555556,0.498,18.91,제외,10.5
서울특별시,은평구,주거/문화/뉴타운,의료/복지용품,1,300400000.0,300400000.0,2025-08-01 10:27:13,0.0,2.4823893822578932e-05,0.09463722397476342,0.874,18.9,데이터부족,32.0
강원특별자치도,평창군,전국 주요 지역,시설유지보수,50,21298824760.0,425976495.2,2026-05-12 17:17:50,0.03409881697981907,0.0017600524779891984,0.9090909090909091,0.193,18.9,추천,7.9
부산광역시,사상구,공단/제조/교통,교육물품/교구,1,2061389000.0,2061389000.0,2024-06-18 16:29:24,0.0,0.00017034521192753715,0.04132231404958678,0.914,18.9,데이터부족,23.0
부산광역시,금정구,대학/주거/산,의료/복지용품,1,84440000.0,84440000.0,2025-07-30 15:40:08,0.0,6.977794921366727e-06,0.09404388714733543,0.874,18.89,데이터부족,5.0
광주광역시,북구,대학/주거/상업,시설유지보수,66,11314374469.0,171429916.1969697,2026-05-13 17:03:49,0.04523312456506611,0.0009349761334465841,0.9375,0.149,18.88,추천,6.7
광주광역시,동구,전국 주요 지역,건설/공사,13,10872475550.0,836344273.0769231,2026-03-30 18:45:06,0.008350730688935281,0.0008984593163841061,0.39473684210526316,0.63,18.88,제외,13.2
서울특별시,강남구,업무지구/고소득/IT,경비/보안,1,1410466560.0,1410466560.0,2025-11-18 15:34:03,0.0,0.00011655549975279013,0.14423076923076922,0.835,18.87,데이터부족,7.0
부산광역시,수영구,해변/문화/청년,시설유지보수,20,14974575879.0,748728793.95,2026-04-01 17:06:51,0.013221990257480862,0.0012374410175048187,0.4054054054054054,0.611,18.86,추천,7.8
인천광역시,연수구,신도시/IT/주거,행사/운영용역,84,14899045221.0,177369585.9642857,2026-05-11 23:48:08,0.05775922059846903,0.0012311994561381692,0.9090909090909091,0.144,18.86,추천,13.4
충청남도,부여군,전국 주요 지역,IT장비/전산,11,1688015000.0,153455909.0909091,2026-04-20 10:18:24,0.006958942240779402,0.00013949102906431616,0.5454545454545454,0.52,18.86,추천,11.4
경기도,부천시,제조/주거/교통,조경/녹지관리,2,190375000.0,95187500.0,2025-12-30 16:27:59,0.0006958942240779402,1.573185348360008e-05,0.18072289156626506,0.806,18.86,데이터부족,7.0
부산광역시,중구,도심/관광/명동,행사/운영용역,7,2802000000.0,400285714.28571427,2026-02-11 16:50:31,0.0041753653444676405,0.00023154643971659843,0.24390243902439027,0.751,18.85,데이터부족,14.0
경상북도,구미시,전국 주요 지역,방역/소독,1,1000000.0,1000000.0,2024-06-27 14:52:31,0.0,8.263613123361828e-08,0.041841004184100423,0.911,18.85,데이터부족,0.0
경상남도,남해군,전국 주요 지역,기타/미분류,3,508000000.0,169333333.33333334,2026-01-19 14:28:12,0.0013917884481558804,4.1979154666678085e-05,0.2054794520547945,0.785,18.84,제외,7.7
전라북도,완주군,전국 주요 지역,IT장비/전산,19,9891234350.0,520591281.57894737,2026-05-07 11:26:11,0.012526096033402923,0.000817373339809073,0.7894736842105263,0.324,18.84,추천,17.1
경상남도,의령군,전국 주요 지역,IT장비/전산,9,292023000.0,32447000.0,2026-04-08 13:29:07,0.0055671537926235215,2.413165095123491e-05,0.44776119402985076,0.595,18.84,데이터부족,0.8
광주광역시,서구,신도시/항만/산업,방역/소독,1,42740000.0,42740000.0,2024-06-04 16:50:22,0.0,3.5318682489248452e-06,0.040540540540540536,0.911,18.83,데이터부족,6.0
부산광역시,남구,대학/항만/주거,IT장비/전산,4,396819320.0,99204830.0,2025-12-15 08:54:55,0.0020876826722338203,3.279161340355517e-05,0.16574585635359115,0.813,18.83,데이터부족,6.0
울산광역시,울주군,전국 주요 지역,건설/공사,107,52189287977.0,487750354.92523366,2026-05-14 17:09:35,0.07376478775226165,0.0043127208502564685,0.9677419354838709,0.063,18.83,제외,13.9
전라남도,전라남도,전국 주요 지역,건설/공사,111,97481272119.0,878209658.7297298,2026-05-14 14:22:40,0.07654836464857341,0.008055475195645739,0.9677419354838709,0.052,18.82,제외,6.9
충청남도,부여군,전국 주요 지역,행사/운영용역,3,1212500000.0,404166666.6666667,2025-10-12 17:41:24,0.0013917884481558804,0.00010019630912076216,0.12244897959183672,0.846,18.81,데이터부족,8.7
대전광역시,대전광역시,전국 주요 지역,기타/미분류,178,35084347921.0,197103078.20786518,2026-05-11 17:44:57,0.12317327766179541,0.0028992347790456788,0.8823529411764706,0.029,18.81,제외,7.7
경기도,포천시,전국 주요 지역,의료/복지용품,1,37440000.0,37440000.0,2025-07-07 09:09:32,0.0,3.0938967533866685e-06,0.08771929824561403,0.874,18.8,데이터부족,3.0
경기도,수원시,행정/산업/대학,행사/운영용역,87,12842490703.0,147614835.66666666,2026-05-12 10:10:52,0.059846903270702856,0.0010612537470996307,0.9090909090909091,0.137,18.8,추천,11.1
서울특별시,중구,도심/관광/명동,방역/소독,1,83484770.0,83484770.0,2024-04-26 10:10:44,0.0,6.8988584097284385e-06,0.038510911424903725,0.911,18.8,데이터부족,7.0
서울특별시,중랑구,주거/제조/서민,차량/운송,5,536151550.0,107230310.0,2026-03-20 10:59:51,0.0027835768963117608,4.430548984690785e-05,0.3488372093023256,0.672,18.79,데이터부족,5.8
경기도,포천시,전국 주요 지역,시설유지보수,14,1138722600.0,81337328.57142857,2026-01-29 09:19:06,0.009046624913013222,9.409963021228701e-05,0.22058823529411764,0.756,18.79,추천,10.4
경기도,파주시,출판/DMZ/신도시,청소/환경미화,2,100.0,50.0,2025-10-27 18:07:07,0.0006958942240779402,8.263613123361829e-12,0.13043478260869565,0.84,18.78,데이터부족,8.0
충청북도,청주시,전국 주요 지역,기타/미분류,18,1390416500.0,77245361.1111111,2026-05-14 19:06:44,0.011830201809324982,0.00011489864036338821,0.9677419354838709,0.189,18.77,제외,8.1
전라남도,전라남도,전국 주요 지역,IT장비/전산,77,49934353800.0,648498101.2987013,2026-05-15 11:51:45,0.05288796102992345,0.0041263818136827255,1.0,0.077,18.76,추천,13.3
부산광역시,중구,도심/관광/명동,IT장비/전산,4,198976960.0,49744240.0,2025-12-10 10:27:59,0.0020876826722338203,1.6442686179026416e-05,0.16129032258064516,0.813,18.76,데이터부족,10.8
전라남도,보성군,전국 주요 지역,시설유지보수,20,342668434.0,17133421.7,2026-03-31 09:51:12,0.013221990257480862,2.8316793681642463e-05,0.4,0.611,18.75,추천,0.0
전라남도,강진군,전국 주요 지역,행사/운영용역,2,17300000.0,8650000.0,2024-10-02 09:33:14,0.0006958942240779402,1.4296050703415961e-06,0.04838709677419355,0.9,18.75,데이터부족,0.5
울산광역시,북구,대학/주거/상업,시설유지보수,152,15591375090.0,102574836.11842105,2026-05-12 14:53:41,0.10508002783576896,0.001288410918049807,0.9090909090909091,0.044,18.75,추천,4.9
경기도,양평군,전국 주요 지역,전문용역/컨설팅,9,3609504000.0,401056000.0,2026-04-28 17:42:18,0.0055671537926235215,0.00029827544623227013,0.6382978723404256,0.447,18.74,데이터부족,19.9
강원특별자치도,화천군,전국 주요 지역,전문용역/컨설팅,9,914660000.0,101628888.8888889,2026-04-28 11:22:53,0.0055671537926235215,7.55839637941413e-05,0.6382978723404256,0.447,18.74,데이터부족,3.2
충청북도,음성군,전국 주요 지역,시설유지보수,15,298389350.0,19892623.333333332,2026-02-20 09:52:42,0.009742519137091163,2.4657741485314058e-05,0.2631578947368421,0.72,18.74,추천,1.2
대구광역시,북구,대학/주거/상업,조경/녹지관리,4,456801000.0,114200250.0,2026-04-07 10:01:24,0.0020876826722338203,3.7748267383648065e-05,0.4411764705882353,0.601,18.72,데이터부족,5.5
울산광역시,남구,대학/항만/주거,기타/미분류,14,2141750680.0,152982191.42857143,2026-05-11 11:07:07,0.009046624913013222,0.00017698599026217117,0.8823529411764706,0.256,18.72,제외,7.2
전라남도,강진군,전국 주요 지역,IT장비/전산,3,9625000.0,3208333.3333333335,2025-06-25 15:36:33,0.0013917884481558804,7.953727631235759e-07,0.0847457627118644,0.869,18.71,데이터부족,1.0
대구광역시,남구,대학/항만/주거,행사/운영용역,8,2380000000.0,297500000.0,2026-02-24 16:17:55,0.0048712595685455815,0.0001966739923360115,0.27272727272727276,0.721,18.71,데이터부족,18.5
부산광역시,영도구,전국 주요 지역,폐기물/환경,45,32232888956.0,716286421.2444445,2026-04-21 13:55:38,0.030619345859429367,0.0026636012418066613,0.5555555555555556,0.454,18.7,제외,5.5
서울특별시,도봉구,주거/자연/교육,행사/운영용역,2,550000000.0,275000000.0,2024-08-16 09:27:51,0.0006958942240779402,4.544987217849005e-05,0.04497751124437781,0.9,18.7,데이터부족,9.0
강원특별자치도,원주시,전국 주요 지역,보험/금융,9,1082147340.0,120238593.33333333,2026-05-13 16:05:45,0.0055671537926235215,8.942446960235093e-05,0.9375,0.22,18.69,데이터부족,5.0
광주광역시,서구,신도시/항만/산업,폐기물/환경,46,11421048730.0,248283668.04347825,2026-04-22 16:30:55,0.031315240083507306,0.0009437912816778294,0.5660377358490566,0.446,18.69,제외,7.9
광주광역시,광산구,전국 주요 지역,보험/금융,9,1973485860.0,219276206.66666666,2026-05-13 16:04:44,0.0055671537926235215,0.00016308123651465002,0.9375,0.22,18.69,데이터부족,6.3
경상남도,진주시,전국 주요 지역,급수/전기/설비,6,74764400.0,12460733.333333334,2026-04-22 16:32:08,0.003479471120389701,6.178240770002731e-06,0.5660377358490566,0.503,18.69,데이터부족,0.3
전라남도,신안군,전국 주요 지역,급수/전기/설비,2,10648000.0,5324000.0,2025-10-20 17:11:53,0.0006958942240779402,8.799095253755674e-07,0.12658227848101264,0.838,18.69,데이터부족,0.0
경기도,연천군,전국 주요 지역,건설/공사,4,131329000.0,32832250.0,2025-06-04 15:17:52,0.0020876826722338203,1.0852520478779855e-05,0.08,0.87,18.68,제외,6.0
부산광역시,서구,신도시/항만/산업,전문용역/컨설팅,2,100000000.0,50000000.0,2025-10-31 16:31:46,0.0006958942240779402,8.263613123361828e-06,0.13274336283185842,0.833,18.68,데이터부족,15.5
경상북도,안동시,전국 주요 지역,시설유지보수,28,498152000.0,17791142.85714286,2026-04-27 10:45:01,0.018789144050104383,4.1165354046289414e-05,0.625,0.427,18.67,추천,2.8
충청남도,홍성군,전국 주요 지역,행사/운영용역,2,180000000.0,90000000.0,2024-07-12 14:38:56,0.0006958942240779402,1.487450362205129e-05,0.042735042735042736,0.9,18.67,데이터부족,9.5
강원특별자치도,화천군,전국 주요 지역,청소/환경미화,2,301452000.0,150726000.0,2025-10-13 11:37:19,0.0006958942240779402,2.4910827032636697e-05,0.12295081967213116,0.84,18.67,데이터부족,8.5
경상북도,영양군,전국 주요 지역,시설유지보수,28,756386560.0,27013805.714285713,2026-04-27 11:09:54,0.018789144050104383,6.250485903550508e-05,0.625,0.427,18.67,추천,2.1
서울특별시,마포구,홍대/관광/문화콘텐츠,시설유지보수,22,4822277610.0,219194436.8181818,2026-04-07 09:37:23,0.014613778705636743,0.0003984943654248991,0.4411764705882353,0.573,18.67,추천,14.6
강원특별자치도,홍천군,전국 주요 지역,건설/공사,111,21882477000.0,197139432.43243244,2026-05-14 13:52:17,0.07654836464857341,0.0018082832410886336,0.9677419354838709,0.052,18.66,제외,8.6
인천광역시,동구,전국 주요 지역,급식/식자재,1,6600.0,6600.0,2025-08-22 15:48:58,0.0,5.453984661418806e-10,0.10135135135135134,0.857,18.66,데이터부족,30.0
강원특별자치도,강릉시,전국 주요 지역,행사/운영용역,116,23045366251.0,198666950.43965518,2026-05-11 17:11:35,0.08002783576896312,0.0019043799098444336,0.8823529411764706,0.109,18.66,추천,6.8
부산광역시,연제구,행정/주거/교육,기타/미분류,2,186194500.0,93097250.0,2025-08-06 15:23:42,0.0006958942240779402,1.538639313697794e-05,0.09615384615384615,0.859,18.65,제외,8.5
부산광역시,해운대구,관광/해변/고소득,폐기물/환경,44,3049708580.0,69311558.63636364,2026-04-20 17:59:43,0.029923451635351428,0.00025201611844117167,0.5454545454545454,0.463,18.65,제외,5.2
경기도,광명시,전국 주요 지역,행사/운영용역,36,18757813423.0,521050372.8611111,2026-05-07 10:29:25,0.024356297842727904,0.0015500731316787544,0.7894736842105263,0.289,18.64,추천,14.0
대구광역시,달서구,주거/산업/신시가지,시설유지보수,14,15145181713.0,1081798693.7857144,2026-01-21 10:39:11,0.009046624913013222,0.0012515392235924636,0.20833333333333334,0.756,18.64,추천,11.8
서울특별시,성북구,대학/문화/주거,전문용역/컨설팅,2,240000000.0,120000000.0,2025-10-27 17:12:10,0.0006958942240779402,1.9832671496068388e-05,0.13043478260869565,0.833,18.64,데이터부족,16.5
인천광역시,동구,전국 주요 지역,전문용역/컨설팅,5,557990000.0,111598000.0,2026-03-30 17:16:20,0.0027835768963117608,4.6110134867046666e-05,0.39473684210526316,0.63,18.63,데이터부족,8.4
경상북도,영천시,전국 주요 지역,기타/미분류,2,13909200.0,6954600.0,2025-07-31 15:04:46,0.0006958942240779402,1.1494024765546434e-06,0.09433962264150944,0.859,18.62,제외,0.0
강원특별자치도,정선군,전국 주요 지역,인쇄/홍보물,2,193147000.0,96573500.0,2026-02-02 13:41:24,0.0006958942240779402,1.596092083937967e-05,0.22727272727272727,0.759,18.62,데이터부족,12.0
대구광역시,동구,전국 주요 지역,전문용역/컨설팅,2,332516000.0,166258000.0,2025-10-24 16:32:29,0.0006958942240779402,2.7477835813277816e-05,0.12875536480686695,0.833,18.62,데이터부족,24.5
경상남도,경상남도,전국 주요 지역,IT장비/전산,142,27431669000.0,193180767.6056338,2026-05-12 15:40:10,0.09812108559498957,0.002266846999441178,0.9090909090909091,0.05,18.62,추천,13.3
전라남도,보성군,전국 주요 지역,기타/미분류,2,52960000.0,26480000.0,2025-07-29 13:32:34,0.0006958942240779402,4.376409510132424e-06,0.09375,0.859,18.61,제외,0.0
전라북도,익산시,전국 주요 지역,시설유지보수,60,19225577490.0,320426291.5,2026-05-12 16:20:37,0.04105775922059847,0.0015887273445057376,0.9090909090909091,0.164,18.6,추천,7.9
경기도,여주시,전국 주요 지역,건설/공사,4,177620400.0,44405100.0,2025-04-28 10:44:29,0.0020876826722338203,1.4677862684167771e-05,0.07281553398058253,0.87,18.58,제외,11.0
경상북도,영양군,전국 주요 지역,급식/식자재,1,59000000.0,59000000.0,2025-08-05 16:13:58,0.0,4.875531742783479e-06,0.09584664536741214,0.857,18.58,데이터부족,13.0
부산광역시,영도구,전국 주요 지역,건설/공사,4,355447000.0,88861750.0,2025-04-28 14:14:18,0.0020876826722338203,2.9372764938595917e-05,0.07281553398058253,0.87,18.58,제외,6.8
강원특별자치도,태백시,전국 주요 지역,의료/복지용품,1,3260081000.0,3260081000.0,2025-04-24 11:25:13,0.0,0.00026940048134822554,0.07211538461538461,0.874,18.57,데이터부족,28.0
부산광역시,연제구,행정/주거/교육,급식/식자재,1,5736000.0,5736000.0,2025-07-31 13:48:12,0.0,4.7400084875603444e-07,0.09433962264150944,0.857,18.56,데이터부족,5.0
대전광역시,유성구,전국 주요 지역,행사/운영용역,66,18794585470.0,284766446.5151515,2026-05-11 15:43:22,0.04523312456506611,0.0015531118313803752,0.8823529411764706,0.174,18.56,추천,11.6
부산광역시,강서구,공항/산업단지/주거,급식/식자재,1,5505000.0,5505000.0,2025-08-01 20:38:26,0.0,4.5491190244106864e-07,0.09463722397476342,0.857,18.56,데이터부족,6.0
서울특별시,동대문구,전통시장/패션/대학,폐기물/환경,31,61940821000.0,1998091000.0,2026-03-25 20:31:14,0.020876826722338204,0.005118549812874059,0.37037037037037035,0.602,18.56,제외,7.8
경기도,파주시,출판/DMZ/신도시,폐기물/환경,107,223621726392.0,2089922676.5607476,2026-05-06 16:10:16,0.07376478775226165,0.018479234328817592,0.7692307692307692,0.18,18.55,제외,5.9
부산광역시,동구,전국 주요 지역,인쇄/홍보물,10,1289000000.0,128900000.0,2026-05-12 15:03:28,0.006263048016701462,0.00010651797316013396,0.9090909090909091,0.232,18.53,추천,13.6
경기도,포천시,전국 주요 지역,급식/식자재,1,124248000.0,124248000.0,2025-07-23 11:03:01,0.0,1.0267374033514603e-05,0.09202453987730061,0.857,18.52,데이터부족,11.0
강원특별자치도,속초시,전국 주요 지역,IT장비/전산,41,4414052003.0,107659804.95121951,2026-05-14 09:45:25,0.027835768963117607,0.00036476018059192363,0.9677419354838709,0.144,18.52,추천,6.7
인천광역시,계양구,주거/교통,방역/소독,3,340321800.0,113440600.0,2026-04-09 17:51:31,0.0013917884481558804,2.8122876926461194e-05,0.45454545454545453,0.582,18.51,데이터부족,6.3
경기도,광명시,전국 주요 지역,폐기물/환경,38,17484025870.0,460105943.94736844,2026-04-10 09:53:06,0.025748086290883786,0.001444812256285297,0.46153846153846145,0.526,18.51,제외,6.8
강원특별자치도,철원군,전국 주요 지역,행사/운영용역,15,3014448000.0,200963200.0,2026-04-08 15:10:23,0.009742519137091163,0.00024910232052491815,0.44776119402985076,0.57,18.51,추천,13.7
경상북도,상주시,전국 주요 지역,의료/복지용품,3,544832000.0,181610666.66666666,2026-04-16 10:13:49,0.0013917884481558804,4.5022808652274716e-05,0.5084745762711864,0.541,18.5,데이터부족,7.7
경상북도,경주시,전국 주요 지역,IT장비/전산,3,37230000.0,12410000.0,2025-04-17 14:34:08,0.0013917884481558804,3.0765431658276087e-06,0.07092198581560284,0.869,18.5,데이터부족,0.0
경상북도,경상북도,전국 주요 지역,기타/미분류,91,17587386560.0,193267984.17582417,2026-05-15 14:37:27,0.06263048016701461,0.0014533535838285342,1.0,0.048,18.5,제외,7.3
서울특별시,광진구,대학/강변/상업,폐기물/환경,28,17202541000.0,614376464.2857143,2026-03-18 14:58:32,0.018789144050104383,0.001421551435627699,0.3409090909090909,0.63,18.5,제외,5.5
전라남도,영광군,전국 주요 지역,의료/복지용품,1,8250000.0,8250000.0,2025-03-25 19:55:13,0.0,6.817480826773508e-07,0.06726457399103139,0.874,18.49,데이터부족,0.0
울산광역시,중구,도심/관광/명동,폐기물/환경,85,84426318290.0,993250803.4117647,2026-05-04 16:58:31,0.05845511482254697,0.006976664317783667,0.7317073170731707,0.25,18.49,제외,5.1
서울특별시,서대문구,대학/의료/주거,폐기물/환경,36,14854762001.0,412632277.8055556,2026-04-06 17:24:52,0.024356297842727904,0.001227540062158802,0.4347826086956522,0.548,18.49,제외,4.5
강원특별자치도,고성군,전국 주요 지역,건설/공사,59,26680221608.0,452207145.89830506,2026-05-11 15:08:20,0.04036186499652053,0.0022047502941407063,0.8823529411764706,0.179,18.48,제외,12.3
서울특별시,관악구,청년/자취생/대학가,시설유지보수,26,6848272720.0,263395104.6153846,2026-04-22 11:12:54,0.017397355601948505,0.000565914763213528,0.5660377358490566,0.464,18.48,추천,11.1
강원특별자치도,원주시,전국 주요 지역,시설유지보수,101,15636222680.0,154814085.94059405,2026-05-13 13:34:32,0.06958942240779402,0.0012921169493825585,0.9375,0.08,18.48,추천,4.9
경기도,양주시,전국 주요 지역,인쇄/홍보물,2,328337000.0,164168500.0,2026-01-27 15:41:32,0.0006958942240779402,2.7132499420852523e-05,0.2173913043478261,0.759,18.47,데이터부족,9.0
경기도,오산시,전국 주요 지역,인쇄/홍보물,2,222200000.0,111100000.0,2026-01-27 09:41:14,0.0006958942240779402,1.836174836010998e-05,0.2173913043478261,0.759,18.47,데이터부족,6.5
대구광역시,달서구,주거/산업/신시가지,조경/녹지관리,2,200119600.0,100059800.0,2025-12-02 12:52:12,0.0006958942240779402,1.6537109528019197e-05,0.15463917525773196,0.806,18.47,데이터부족,6.0
부산광역시,남구,대학/항만/주거,보험/금융,2,487200000.0,243600000.0,2026-01-14 14:04:11,0.0006958942240779402,4.026032313701882e-05,0.19867549668874174,0.773,18.47,데이터부족,5.0
부산광역시,북구,대학/주거/상업,보험/금융,2,355000000.0,177500000.0,2026-01-13 18:01:50,0.0006958942240779402,2.933582658793449e-05,0.19736842105263158,0.773,18.45,데이터부족,6.0
전라북도,고창군,전국 주요 지역,IT장비/전산,12,2179660000.0,181638333.33333334,2026-04-20 18:12:26,0.007654836464857342,0.0001801186698046684,0.5454545454545454,0.498,18.45,추천,8.7
경상북도,경산시,전국 주요 지역,행사/운영용역,7,1306912000.0,186701714.2857143,2026-01-26 13:16:05,0.0041753653444676405,0.00010799815154279053,0.21582733812949642,0.751,18.43,데이터부족,9.9
경상남도,양산시,전국 주요 지역,건설/공사,9,221049180.0,24561020.0,2026-02-10 11:13:22,0.0055671537926235215,1.826664904756371e-05,0.24193548387096778,0.729,18.43,제외,2.8
전라남도,장흥군,전국 주요 지역,건설/공사,6,546442710.0,91073785.0,2025-10-28 16:22:54,0.003479471120389701,4.5155911495214014e-05,0.13100436681222707,0.816,18.43,제외,8.3
광주광역시,북구,대학/주거/상업,보험/금융,10,1442816670.0,144281667.0,2026-05-14 16:51:24,0.006263048016701462,0.00011922878768817211,0.9677419354838709,0.183,18.43,추천,3.7
경상북도,영천시,전국 주요 지역,건설/공사,27,7083146000.0,262338740.74074075,2026-04-29 09:19:11,0.018093249826026444,0.0005853237824028784,0.6521739130434783,0.395,18.42,제외,4.2
경상북도,고령군,전국 주요 지역,시설유지보수,15,146647140.0,9776476.0,2026-02-10 14:44:41,0.009742519137091163,1.2118352306074792e-05,0.24193548387096778,0.72,18.42,추천,0.0
경상남도,양산시,전국 주요 지역,IT장비/전산,6,505137000.0,84189500.0,2026-02-20 11:21:59,0.003479471120389701,4.174256742295624e-05,0.2631578947368421,0.716,18.41,데이터부족,4.5
인천광역시,인천광역시,전국 주요 지역,청소/환경미화,185,23320902996.0,126058935.11351351,2026-05-11 15:45:45,0.12804453723034098,0.0019271492004639377,0.8823529411764706,0.0,18.41,추천,11.6
경기도,부천시,제조/주거/교통,시설유지보수,10,1940692420.0,194069242.0,2025-04-24 17:17:38,0.006263048016701462,0.00016037131350320823,0.07211538461538461,0.853,18.4,추천,6.8
대구광역시,남구,대학/항만/주거,차량/운송,3,98449120.0,32816373.333333332,2026-01-12 11:05:48,0.0013917884481558804,8.135454400154234e-06,0.19607843137254904,0.77,18.4,데이터부족,3.3
전라남도,곡성군,전국 주요 지역,폐기물/환경,20,1296415110.0,64820755.5,2026-02-09 15:48:56,0.013221990257480862,0.00010713072916320567,0.24000000000000005,0.713,18.39,제외,2.0
대전광역시,유성구,전국 주요 지역,시설유지보수,41,4648923520.0,113388378.53658536,2026-05-07 16:26:13,0.027835768963117607,0.0003841690540937746,0.7894736842105263,0.271,18.39,추천,5.9
전라남도,영광군,전국 주요 지역,행사/운영용역,3,1114482000.0,371494000.0,2025-07-30 09:29:53,0.0013917884481558804,9.209648080950536e-05,0.09404388714733543,0.846,18.39,데이터부족,3.7
충청북도,영동군,전국 주요 지역,폐기물/환경,14,947869500.0,67704964.28571428,2025-08-20 18:04:05,0.009046624913013222,7.832826839434414e-05,0.10067114093959731,0.826,18.39,제외,7.0
경기도,의왕시,전국 주요 지역,기타/미분류,2,68688000.0,34344000.0,2025-05-27 15:00:59,0.0006958942240779402,5.676110582174772e-06,0.07832898172323759,0.859,18.38,제외,5.0
경기도,경기도,전국 주요 지역,차량/운송,119,23287004222.0,195689111.1092437,2026-05-13 13:57:52,0.08211551844119694,0.001924347936927015,0.9375,0.049,18.38,추천,7.5
대구광역시,북구,대학/주거/상업,IT장비/전산,14,3435083550.0,245363110.7142857,2026-04-27 10:07:14,0.009046624913013222,0.00028386201503624337,0.625,0.432,18.38,추천,12.6
경상북도,봉화군,전국 주요 지역,IT장비/전산,4,261538000.0,65384500.0,2025-11-05 09:28:01,0.0020876826722338203,2.1612488490578058e-05,0.13574660633484165,0.813,18.38,데이터부족,4.0
경기도,안양시,전국 주요 지역,행사/운영용역,15,26928960200.0,1795264013.3333333,2026-04-06 11:01:27,0.009742519137091163,0.0022253050890720834,0.4347826086956522,0.57,18.37,추천,10.4
인천광역시,서구,신도시/항만/산업,의료/복지용품,1,2980230000.0,2980230000.0,2025-01-21 17:47:47,0.0,0.0002462746773863662,0.058939096267190565,0.874,18.37,데이터부족,37.0
대구광역시,달성군,농촌/산업단지,폐기물/환경,121,68228456033.0,563871537.4628099,2026-05-07 16:36:33,0.08350730688935282,0.005638135646610143,0.7894736842105263,0.152,18.36,제외,5.9
경기도,고양시,신도시/주거/교통,차량/운송,23,3253893591.0,141473634.39130434,2026-05-06 10:30:32,0.015309672929714684,0.0002688891778061054,0.7692307692307692,0.31,18.36,추천,7.4
서울특별시,강서구,공항/산업단지/주거,보험/금융,2,1096538500.0,548269250.0,2026-01-08 17:23:24,0.0006958942240779402,9.061369938871493e-05,0.19108280254777069,0.773,18.36,데이터부족,6.0
충청북도,제천시,전국 주요 지역,급식/식자재,1,35000000.0,35000000.0,2025-06-10 19:47:32,0.0,2.89226459317664e-06,0.08130081300813008,0.857,18.36,데이터부족,12.0
경기도,안양시,전국 주요 지역,건설/공사,5,1129855000.0,225971000.0,2025-08-28 18:45:43,0.0027835768963117608,9.336684605495977e-05,0.10344827586206898,0.834,18.35,제외,9.4
강원특별자치도,원주시,전국 주요 지역,의료/복지용품,1,41823000.0,41823000.0,2025-01-14 14:47:33,0.0,3.4560909165836175e-06,0.05813953488372093,0.874,18.35,데이터부족,5.0
경상남도,경상남도,전국 주요 지역,시설유지보수,74,7289173270.0,98502341.48648648,2026-05-12 15:03:52,0.05080027835768963,0.0006023490789243025,0.9090909090909091,0.133,18.34,추천,3.9
인천광역시,연수구,신도시/IT/주거,건설/공사,24,10390459000.0,432935791.6666667,2026-04-23 10:30:30,0.016005567153792623,0.0008586273335015301,0.5769230769230769,0.451,18.34,제외,11.6
강원특별자치도,춘천시,전국 주요 지역,IT장비/전산,47,13205438090.0,280966767.87234044,2026-05-14 16:19:05,0.032011134307585246,0.0010912463150026615,0.9677419354838709,0.126,18.34,추천,10.4
강원특별자치도,평창군,전국 주요 지역,급식/식자재,1,55372000.0,55372000.0,2025-06-04 15:34:00,0.0,4.575727858667911e-06,0.08,0.857,18.34,데이터부족,6.0
대구광역시,달성군,농촌/산업단지,시설유지보수,76,17359842818.0,228418984.4473684,2026-05-12 13:26:13,0.05219206680584551,0.0014345502493032338,0.9090909090909091,0.129,18.34,추천,5.5
강원특별자치도,태백시,전국 주요 지역,폐기물/환경,103,15397256400.0,149487926.21359223,2026-05-06 15:47:32,0.0709812108559499,0.0012723697005080688,0.7692307692307692,0.196,18.33,제외,5.9
충청북도,청주시,전국 주요 지역,IT장비/전산,47,5259727210.0,111909089.57446809,2026-05-14 19:07:04,0.032011134307585246,0.0004346435079785929,0.9677419354838709,0.126,18.33,추천,12.9
경기도,성남시,IT/판교/주거,의료/복지용품,8,959211000.0,119901375.0,2026-05-13 16:25:24,0.0048712595685455815,7.926548607673022e-05,0.9375,0.203,18.32,데이터부족,6.9
서울특별시,중랑구,주거/제조/서민,IT장비/전산,4,2817493410.0,704373352.5,2025-10-29 17:33:38,0.0020876826722338203,0.00023282675517861468,0.13157894736842105,0.813,18.32,데이터부족,17.5
경기도,화성시,산업단지/신도시,전문용역/컨설팅,20,2825318390.0,141265919.5,2026-05-13 18:15:52,0.013221990257480862,0.00023347338125279511,0.9375,0.186,18.32,추천,8.8
서울특별시,관악구,청년/자취생/대학가,건설/공사,4,876353600.0,219088400.0,2024-12-17 19:49:54,0.0020876826722338203,7.241847109665382e-05,0.05514705882352941,0.87,18.31,제외,-0.2
대구광역시,서구,신도시/항만/산업,폐기물/환경,20,14166077450.0,708303872.5,2026-02-05 13:17:22,0.013221990257480862,0.0011706298352238006,0.23255813953488372,0.713,18.31,제외,9.0
경상북도,봉화군,전국 주요 지역,급수/전기/설비,15,236032000.0,15735466.666666666,2026-05-12 13:45:31,0.009742519137091163,1.950477132733339e-05,0.9090909090909091,0.214,18.31,추천,0.0
경상남도,통영시,전국 주요 지역,의료/복지용품,1,5500000.0,5500000.0,2024-12-18 17:54:00,0.0,4.544987217849005e-07,0.055248618784530384,0.874,18.31,데이터부족,0.0
경기도,여주시,전국 주요 지역,행사/운영용역,14,2988753240.0,213482374.2857143,2026-03-31 10:48:27,0.009046624913013222,0.00024697900496554185,0.4,0.597,18.31,추천,10.4
전라남도,화순군,전국 주요 지역,청소/환경미화,2,2208000000.0,1104000000.0,2025-08-12 08:55:11,0.0006958942240779402,0.00018246057776382917,0.09803921568627452,0.84,18.3,데이터부족,34.5
경상남도,합천군,전국 주요 지역,전문용역/컨설팅,6,1128650000.0,188108333.33333334,2026-04-07 16:33:04,0.003479471120389701,9.326726951682327e-05,0.4411764705882353,0.577,18.3,데이터부족,19.0
부산광역시,금정구,대학/주거/산,시설유지보수,22,1692744668.0,76942939.45454545,2026-04-03 15:40:36,0.014613778705636743,0.0001398818705298556,0.4166666666666667,0.573,18.3,추천,6.9
경기도,성남시,IT/판교/주거,IT장비/전산,30,8201248390.0,273374946.3333333,2026-05-12 09:04:23,0.020180932498260265,0.0006777194382355407,0.9090909090909091,0.191,18.28,추천,12.7
전라북도,남원시,전국 주요 지역,의료/복지용품,1,23760000.0,23760000.0,2024-11-21 16:24:37,0.0,1.9634344781107704e-06,0.05263157894736842,0.874,18.27,데이터부족,5.0
서울특별시,양천구,교육/주거/신도시,의료/복지용품,1,450524000.0,450524000.0,2024-11-22 15:19:55,0.0,3.722956038789464e-05,0.05272407732864675,0.874,18.27,데이터부족,9.0
서울특별시,송파구,가족주거/대형상권/복합문화,의료/복지용품,1,20000000.0,20000000.0,2024-11-18 09:56:08,0.0,1.6527226246723656e-06,0.05235602094240837,0.874,18.27,데이터부족,11.0
경상북도,김천시,전국 주요 지역,급수/전기/설비,3,36813000.0,12271000.0,2026-01-20 11:32:00,0.0013917884481558804,3.0420838991031896e-06,0.2068965517241379,0.755,18.26,데이터부족,0.0
강원특별자치도,양구군,전국 주요 지역,폐기물/환경,87,16137429880.0,185487699.77011493,2026-05-04 14:57:11,0.059846903270702856,0.001333534773336993,0.7317073170731707,0.243,18.26,제외,5.0
서울특별시,송파구,가족주거/대형상권/복합문화,건설/공사,4,1068700000.0,267175000.0,2024-11-08 09:33:42,0.0020876826722338203,8.831323344936785e-05,0.051457975986277875,0.87,18.26,제외,13.2
전라북도,무주군,전국 주요 지역,의료/복지용품,1,692681000.0,692681000.0,2024-11-04 09:25:08,0.0,5.724047801903394e-05,0.05110732538330494,0.874,18.25,데이터부족,24.0
강원특별자치도,양양군,전국 주요 지역,기타/미분류,17,3111996320.0,183058607.05882353,2026-05-12 09:32:10,0.011134307585247043,0.00025716333629805714,0.9090909090909091,0.208,18.25,제외,10.6
전라북도,임실군,전국 주요 지역,의료/복지용품,1,766637000.0,766637000.0,2024-10-28 18:40:02,0.0,6.335191574054742e-05,0.050505050505050504,0.874,18.24,데이터부족,20.0
부산광역시,동구,전국 주요 지역,시설유지보수,23,15759066863.0,685176820.1304348,2026-04-07 20:26:19,0.015309672929714684,0.0013022683174102332,0.4411764705882353,0.549,18.24,추천,7.4
부산광역시,동구,전국 주요 지역,건설/공사,4,1530996000.0,382749000.0,2024-10-21 17:19:38,0.0020876826722338203,0.00012651558637414464,0.04991680532445923,0.87,18.24,제외,23.0
전라북도,전라북도,전국 주요 지역,건설/공사,133,60174917899.0,452442991.7218045,2026-05-12 09:20:15,0.0918580375782881,0.004972622412473969,0.9090909090909091,0.04,18.24,제외,10.2
대구광역시,달서구,주거/산업/신시가지,기타/미분류,6,1018527020.0,169754503.33333334,2026-04-08 11:16:52,0.003479471120389701,8.416713248970615e-05,0.44776119402985076,0.569,18.24,제외,7.7
인천광역시,계양구,주거/교통,급수/전기/설비,8,3686605988.0,460825748.5,2026-04-29 17:22:44,0.0048712595685455815,0.00030464685623101095,0.6521739130434783,0.412,18.23,데이터부족,8.0
경기도,김포시,신도시/공항/주거,의료/복지용품,1,110000000.0,110000000.0,2024-10-24 09:28:21,0.0,9.08997443569801e-06,0.05016722408026756,0.874,18.23,데이터부족,20.0
경기도,양주시,전국 주요 지역,방역/소독,3,96196170.0,32065390.0,2026-04-06 17:46:03,0.0013917884481558804,7.949279328291454e-06,0.4347826086956522,0.582,18.22,데이터부족,3.0
경상남도,진주시,전국 주요 지역,IT장비/전산,4,53625000.0,13406250.0,2025-10-17 09:51:08,0.0020876826722338203,4.43136253740278e-06,0.125,0.813,18.22,데이터부족,-1.8
서울특별시,금천구,제조/산업단지/중소기업,IT장비/전산,3,1226047000.0,408682333.3333333,2024-11-18 15:22:28,0.0013917884481558804,0.00010131578079058399,0.05235602094240837,0.869,18.22,데이터부족,12.7
충청북도,충청북도,전국 주요 지역,건설/공사,90,15781536155.0,175350401.7222222,2026-05-12 17:46:51,0.061934585942936674,0.0013041250927726717,0.9090909090909091,0.103,18.21,제외,6.4
강원특별자치도,횡성군,전국 주요 지역,의료/복지용품,1,29700000.0,29700000.0,2024-10-07 17:17:54,0.0,2.4542930976384627e-06,0.04878048780487805,0.874,18.21,데이터부족,6.0
강원특별자치도,영월군,전국 주요 지역,IT장비/전산,15,1795073034.0,119671535.6,2026-04-29 17:40:39,0.009742519137091163,0.00014833789081155333,0.6521739130434783,0.401,18.2,추천,7.3
인천광역시,인천광역시,전국 주요 지역,경비/보안,111,412346462621.0,3714832996.5855856,2026-05-13 09:22:40,0.07654836464857341,0.03407471639886723,0.9375,0.011,18.2,추천,11.6
경상남도,합천군,전국 주요 지역,IT장비/전산,10,2310378874.0,231037887.4,2026-04-09 09:32:45,0.006263048016701462,0.00019092077183124323,0.45454545454545453,0.556,18.19,추천,3.9
충청북도,제천시,전국 주요 지역,폐기물/환경,19,3776594000.0,198768105.2631579,2026-01-21 13:49:02,0.012526096033402923,0.0003120831174000954,0.20833333333333334,0.728,18.19,제외,8.1
경상남도,의령군,전국 주요 지역,시설유지보수,31,723305940.0,23332449.677419353,2026-04-28 14:01:29,0.020876826722338204,5.977120457989563e-05,0.6382978723404256,0.389,18.19,추천,0.5
부산광역시,북구,대학/주거/상업,기타/미분류,3,177416000.0,59138666.666666664,2025-12-11 10:32:59,0.0013917884481558804,1.4660971858943621e-05,0.16216216216216214,0.785,18.19,제외,3.7
대전광역시,유성구,전국 주요 지역,폐기물/환경,72,29825702030.0,414245861.5277778,2026-04-30 14:55:20,0.049408489909533754,0.002464680627085875,0.6666666666666666,0.307,18.18,제외,5.6
경기도,양주시,전국 주요 지역,차량/운송,3,172926420.0,57642140.0,2025-12-31 15:01:31,0.0013917884481558804,1.4289970336879792e-05,0.18181818181818182,0.77,18.18,데이터부족,10.7
전라북도,장수군,전국 주요 지역,전문용역/컨설팅,30,7914931000.0,263831033.33333334,2026-05-15 11:24:17,0.020180932498260265,0.0006540592768210336,1.0,0.118,18.18,추천,16.8
강원특별자치도,화천군,전국 주요 지역,차량/운송,58,3596826270.0,62014246.03448276,2026-05-12 13:41:44,0.03966597077244259,0.0002972278076722457,0.9090909090909091,0.147,18.17,추천,5.9
경기도,파주시,출판/DMZ/신도시,기타/미분류,12,2709062080.0,225755173.33333334,2026-05-07 15:44:17,0.007654836464857342,0.0002238664095628989,0.7894736842105263,0.301,18.17,제외,9.4
경상북도,예천군,전국 주요 지역,급식/식자재,1,109638000.0,109638000.0,2025-04-03 09:36:45,0.0,9.060060156191441e-06,0.06864988558352403,0.857,18.17,데이터부족,11.0
강원특별자치도,동해시,전국 주요 지역,전문용역/컨설팅,13,1634805200.0,125754246.15384616,2026-05-08 18:19:18,0.008350730688935281,0.0001350939770486016,0.8108108108108107,0.283,18.16,추천,22.7
경기도,경기도,전국 주요 지역,기타/미분류,191,131992748769.0,691061511.8795811,2026-05-08 17:56:08,0.13221990257480862,0.010907370109161091,0.8108108108108107,0.022,18.16,제외,11.5
경상북도,안동시,전국 주요 지역,전문용역/컨설팅,13,1569194434.0,120707264.15384616,2026-05-08 10:59:14,0.008350730688935281,0.00012967215717908735,0.8108108108108107,0.283,18.16,추천,8.6
충청남도,부여군,전국 주요 지역,시설유지보수,63,1117506492.0,17738198.285714287,2026-05-11 14:53:20,0.04314544189283229,9.234641312733239e-05,0.8823529411764706,0.16,18.16,추천,0.1
충청북도,충청북도,전국 주요 지역,시설유지보수,65,8589857390.0,132151652.15384616,2026-05-11 15:11:32,0.04453723034098817,0.0007098325825581058,0.8823529411764706,0.156,18.15,추천,6.7
강원특별자치도,강원특별자치도,전국 주요 지역,차량/운송,107,15935578180.0,148930637.19626167,2026-05-13 15:43:08,0.07376478775226165,0.0013168545297660638,0.9375,0.055,18.15,추천,7.2
경상북도,구미시,전국 주요 지역,급식/식자재,1,116380000.0,116380000.0,2025-03-24 16:56:39,0.0,9.617192952968495e-06,0.06711409395973154,0.857,18.15,데이터부족,7.0
전라북도,김제시,전국 주요 지역,의료/복지용품,3,1915329240.0,638443080.0,2026-04-13 12:32:57,0.0013917884481558804,0.00015827539843222635,0.48387096774193555,0.541,18.14,데이터부족,19.7
경기도,시흥시,전국 주요 지역,보험/금융,2,1492674220.0,746337110.0,2025-12-26 18:10:26,0.0006958942240779402,0.0001233488227329588,0.1764705882352941,0.773,18.14,데이터부족,7.0
대구광역시,남구,대학/항만/주거,청소/환경미화,3,191114420.0,63704806.666666664,2026-01-12 11:03:29,0.0013917884481558804,1.5792956291756842e-05,0.19607843137254904,0.756,18.12,데이터부족,5.7
대구광역시,서구,신도시/항만/산업,청소/환경미화,2,113905000.0,56952500.0,2025-07-01 16:06:35,0.0006958942240779402,9.41266852816529e-06,0.08620689655172414,0.84,18.12,데이터부족,5.0
부산광역시,사상구,공단/제조/교통,조경/녹지관리,2,3901500000.0,1950750000.0,2025-10-27 15:44:17,0.0006958942240779402,0.0003224048660079617,0.13043478260869565,0.806,18.11,데이터부족,18.0
부산광역시,중구,도심/관광/명동,의료/복지용품,1,350000000.0,350000000.0,2024-06-24 17:26:03,0.0,2.8922645931766396e-05,0.041666666666666664,0.874,18.11,데이터부족,60.0
서울특별시,동대문구,전통시장/패션/대학,조경/녹지관리,2,750000000.0,375000000.0,2025-10-28 15:51:21,0.0006958942240779402,6.19770984252137e-05,0.13100436681222707,0.806,18.11,데이터부족,10.0
경상북도,영양군,전국 주요 지역,기타/미분류,3,25590370.0,8530123.333333334,2025-12-05 11:22:40,0.0013917884481558804,2.1146891736368483e-06,0.15706806282722513,0.785,18.11,제외,0.0
광주광역시,동구,전국 주요 지역,의료/복지용품,1,27490000.0,27490000.0,2024-06-14 11:00:27,0.0,2.2716672476121665e-06,0.04109589041095891,0.874,18.1,데이터부족,5.0
인천광역시,옹진군,전국 주요 지역,의료/복지용품,1,291324000.0,291324000.0,2024-06-18 10:53:03,0.0,2.4073888295502613e-05,0.04132231404958678,0.874,18.1,데이터부족,6.0
서울특별시,도봉구,주거/자연/교육,폐기물/환경,16,76877293472.0,4804830842.0,2025-10-10 14:55:02,0.010438413361169102,0.006352842112237578,0.12145748987854249,0.785,18.1,제외,15.2
제주특별자치도,서귀포시,전국 주요 지역,시설유지보수,98,41739556400.0,425913840.81632656,2026-05-12 16:55:34,0.0675017397355602,0.0034491954603034117,0.9090909090909091,0.084,18.1,추천,6.0
대구광역시,동구,전국 주요 지역,청소/환경미화,2,101433000.0,50716500.0,2025-06-24 16:24:59,0.0006958942240779402,8.382030699419603e-06,0.08450704225352113,0.84,18.1,데이터부족,5.5
전라남도,함평군,전국 주요 지역,급수/전기/설비,2,15620000.0,7810000.0,2025-07-02 14:35:03,0.0006958942240779402,1.2907763698691176e-06,0.08645533141210375,0.838,18.08,데이터부족,0.0
대전광역시,대덕구,전국 주요 지역,급식/식자재,1,81638000.0,81638000.0,2025-02-17 18:08:23,0.0,6.746248481650129e-06,0.06224066390041494,0.857,18.07,데이터부족,10.0
전라북도,정읍시,전국 주요 지역,폐기물/환경,155,56667147270.0,365594498.516129,2026-05-07 19:08:09,0.10716771050800278,0.004682753818438494,0.7894736842105263,0.091,18.07,제외,5.7
강원특별자치도,강원특별자치도,전국 주요 지역,기타/미분류,162,24957978990.0,154061598.7037037,2026-05-10 07:55:22,0.11203897007654837,0.002062430827143528,0.8571428571428571,0.033,18.05,제외,10.4
경상북도,칠곡군,전국 주요 지역,행사/운영용역,6,4215401600.0,702566933.3333334,2025-12-22 09:13:44,0.003479471120389701,0.00034834447982000447,0.1724137931034483,0.766,18.05,데이터부족,10.3
강원특별자치도,화천군,전국 주요 지역,IT장비/전산,12,5520682000.0,460056833.3333333,2026-04-17 15:59:22,0.007654836464857342,0.0004562078022510742,0.5172413793103449,0.498,18.04,추천,6.1
울산광역시,울산광역시,전국 주요 지역,인쇄/홍보물,96,15661188761.0,163137382.92708334,2026-05-14 14:33:20,0.06610995128740431,0.0012941800497284636,0.9677419354838709,0.042,18.03,추천,9.4
경기도,여주시,전국 주요 지역,급식/식자재,1,7500.0,7500.0,2025-01-23 14:07:29,0.0,6.197709842521371e-10,0.0591715976331361,0.857,18.03,데이터부족,11.0
울산광역시,울산광역시,전국 주요 지역,급수/전기/설비,140,36066261813.0,257616155.80714285,2026-05-12 15:28:05,0.09672929714683368,0.0029803763442851033,0.9090909090909091,0.022,18.02,추천,7.4
전라남도,여수시,전국 주요 지역,폐기물/환경,21,1409677258.0,67127488.47619048,2026-02-04 14:25:17,0.013917884481558803,0.00011649027488913517,0.23076923076923073,0.7,18.02,제외,2.0
경기도,수원시,행정/산업/대학,IT장비/전산,45,18031261740.0,400694705.3333333,2026-05-13 10:14:38,0.030619345859429367,0.0014900337114543603,0.9375,0.135,18.02,추천,15.4
울산광역시,동구,전국 주요 지역,전문용역/컨설팅,3,140030000.0,46676666.666666664,2026-01-14 14:54:52,0.0013917884481558804,1.1571537456643567e-05,0.19867549668874174,0.749,18.02,데이터부족,5.0
충청북도,충청북도,전국 주요 지역,IT장비/전산,68,10059156884.0,147928777.70588234,2026-05-14 15:01:15,0.04662491301322199,0.0008312498083657788,0.9677419354838709,0.081,18.02,추천,14.6
경상북도,의성군,전국 주요 지역,기타/미분류,9,121367400.0,13485266.666666666,2026-04-28 18:03:48,0.0055671537926235215,1.0029332393883043e-05,0.6382978723404256,0.411,18.02,제외,0.0
인천광역시,강화군,전국 주요 지역,시설유지보수,102,20441042933.0,200402381.69607842,2026-05-12 09:38:51,0.07028531663187196,0.0016891687063634135,0.9090909090909091,0.076,18.01,추천,6.1
충청남도,당진시,전국 주요 지역,청소/환경미화,7,331607440.0,47372491.428571425,2026-04-08 15:16:54,0.0041753653444676405,2.74027559298842e-05,0.44776119402985076,0.556,18.0,데이터부족,2.7
전라남도,고흥군,전국 주요 지역,시설유지보수,24,1923129360.0,80130390.0,2026-04-09 10:13:51,0.016005567153792623,0.00015891997017218433,0.45454545454545453,0.527,18.0,추천,0.9
충청남도,청양군,전국 주요 지역,전문용역/컨설팅,9,5952500000.0,661388888.8888888,2026-04-24 13:43:46,0.0055671537926235215,0.0004918915711681127,0.5882352941176471,0.447,18.0,데이터부족,31.1
전라남도,나주시,전국 주요 지역,기타/미분류,2,15800000.0,7900000.0,2024-11-21 15:32:54,0.0006958942240779402,1.3056508734911688e-06,0.05263157894736842,0.859,18.0,제외,0.0
강원특별자치도,철원군,전국 주요 지역,급수/전기/설비,2,1356200000.0,678100000.0,2025-06-05 17:40:01,0.0006958942240779402,0.00011207112117903311,0.08021390374331551,0.838,17.99,데이터부족,6.0
경기도,평택시,미군기지/항만/산업,경비/보안,1,63600000.0,63600000.0,2025-07-01 17:17:28,0.0,5.255657946458123e-06,0.08620689655172414,0.835,17.99,데이터부족,12.0
서울특별시,성동구,성수/브랜드/라이프스타일,급식/식자재,1,87127000.0,87127000.0,2024-12-16 19:16:47,0.0,7.199838205991459e-06,0.055045871559633024,0.857,17.97,데이터부족,6.0
서울특별시,구로구,산업/디지털/제조,시설유지보수,11,34082000520.0,3098363683.6363635,2024-12-05 14:34:24,0.006958942240779402,0.0028164046676749663,0.0539568345323741,0.84,17.96,추천,10.5
세종특별자치시,세종시,전국 주요 지역,건설/공사,83,43492953135.0,524011483.55421686,2026-05-11 17:55:30,0.05706332637439109,0.0035940893830014695,0.8823529411764706,0.117,17.95,제외,9.4
경기도,의왕시,전국 주요 지역,방역/소독,3,175500000.0,58500000.0,2026-04-03 14:01:46,0.0013917884481558804,1.4502641031500008e-05,0.4166666666666667,0.582,17.95,데이터부족,4.7
강원특별자치도,원주시,전국 주요 지역,건설/공사,89,50857024425.7,571427240.7382022,2026-05-11 11:37:17,0.061238691718858734,0.004202627744593475,0.8823529411764706,0.108,17.95,제외,9.2
부산광역시,기장군,농어촌/관광/신도시,시설유지보수,84,22496450740.0,267814889.76190478,2026-05-11 13:15:07,0.05775922059846903,0.001859019655641269,0.8823529411764706,0.118,17.95,추천,7.2
서울특별시,강서구,공항/산업단지/주거,급식/식자재,1,29000000.0,29000000.0,2024-12-06 11:04:45,0.0,2.3964478057749302e-06,0.05405405405405406,0.857,17.95,데이터부족,10.0
부산광역시,수영구,해변/문화/청년,폐기물/환경,38,73919817738.0,1945258361.5263157,2026-04-03 10:54:34,0.025748086290883786,0.0061084477593625125,0.4166666666666667,0.526,17.95,제외,9.8
강원특별자치도,강릉시,전국 주요 지역,IT장비/전산,96,75929754460.0,790934942.2916666,2026-05-13 10:03:08,0.06610995128740431,0.0062745411540929726,0.9375,0.054,17.94,추천,9.3
충청북도,제천시,전국 주요 지역,경비/보안,1,4510000.0,4510000.0,2025-06-13 11:26:26,0.0,3.726889518636184e-07,0.0819672131147541,0.835,17.93,데이터부족,0.0
서울특별시,강남구,업무지구/고소득/IT,급식/식자재,1,450000000.0,450000000.0,2024-11-22 19:18:24,0.0,3.7186259055128226e-05,0.05272407732864675,0.857,17.93,데이터부족,19.0
제주특별자치도,제주시,전국 주요 지역,인쇄/홍보물,101,13780142087.0,136437050.36633664,2026-05-14 18:04:24,0.06958942240779402,0.0011387376299192384,0.9677419354838709,0.03,17.93,추천,10.8
충청북도,보은군,전국 주요 지역,IT장비/전산,4,208634000.0,52158500.0,2025-09-02 14:52:05,0.0020876826722338203,1.7240706603794716e-05,0.10526315789473684,0.813,17.92,데이터부족,7.0
전라북도,군산시,전국 주요 지역,기타/미분류,30,8516652000.0,283888400.0,2026-05-15 16:16:22,0.020180932498260265,0.0007037831723430576,1.0,0.105,17.92,제외,9.3
경기도,성남시,IT/판교/주거,전문용역/컨설팅,23,4658510000.0,202543913.04347825,2026-05-13 14:59:31,0.015309672929714684,0.0003849612437131231,0.9375,0.162,17.92,추천,8.7
인천광역시,계양구,주거/교통,교육물품/교구,6,970683000.0,161780500.0,2026-04-16 15:44:37,0.003479471120389701,8.021348777424229e-05,0.5084745762711864,0.507,17.91,데이터부족,6.0
경기도,양평군,전국 주요 지역,IT장비/전산,10,4207887010.0,420788701.0,2026-04-06 15:03:16,0.006263048016701462,0.0003477235031745976,0.4347826086956522,0.556,17.9,추천,14.4
서울특별시,용산구,외국인/관광/개발,시설유지보수,25,5863079000.0,234523160.0,2026-04-13 10:35:39,0.016701461377870562,0.00048450216567707144,0.48387096774193555,0.498,17.9,추천,14.8
경상남도,경상남도,전국 주요 지역,차량/운송,56,3909852427.0,69818793.33928572,2026-05-11 14:39:16,0.038274182324286705,0.00032309507826165293,0.8823529411764706,0.156,17.89,추천,6.6
전라북도,부안군,전국 주요 지역,기타/미분류,18,1969248002.0,109402666.77777778,2026-05-12 13:30:03,0.011830201809324982,0.0001627310363248126,0.9090909090909091,0.189,17.89,제외,8.1
대전광역시,대전광역시,전국 주요 지역,전문용역/컨설팅,149,19950067205.0,133893068.48993288,2026-05-11 13:51:39,0.10299234516353514,0.0016485963716718842,0.8823529411764706,0.024,17.88,추천,9.1
제주특별자치도,서귀포시,전국 주요 지역,급수/전기/설비,21,1555301000.0,74061952.38095239,2026-05-14 09:15:16,0.013917884481558803,0.00012852405754377774,0.9677419354838709,0.14,17.88,추천,7.4
강원특별자치도,강원특별자치도,전국 주요 지역,교육물품/교구,83,10747884310.0,129492582.04819277,2026-05-14 13:28:30,0.05706332637439109,0.0008881635783249068,0.9677419354838709,0.053,17.88,추천,14.1
전라남도,해남군,전국 주요 지역,기타/미분류,12,2065096000.0,172091333.33333334,2026-05-06 11:43:40,0.007654836464857342,0.00017065154406602017,0.7692307692307692,0.301,17.87,제외,17.3
강원특별자치도,동해시,전국 주요 지역,급식/식자재,1,196563000.0,196563000.0,2024-10-04 09:24:11,0.0,1.624320586367371e-05,0.04854368932038835,0.857,17.87,데이터부족,31.0
경기도,안양시,전국 주요 지역,방역/소독,2,295000000.0,147500000.0,2026-01-28 16:22:59,0.0006958942240779402,2.4377658713917393e-05,0.21897810218978103,0.728,17.87,데이터부족,7.0
광주광역시,동구,전국 주요 지역,전문용역/컨설팅,2,550000000.0,275000000.0,2025-05-26 11:18:12,0.0006958942240779402,4.544987217849005e-05,0.078125,0.833,17.86,데이터부족,24.0
강원특별자치도,정선군,전국 주요 지역,방역/소독,2,62698690.0,31349345.0,2026-01-27 14:22:00,0.0006958942240779402,5.18117717501595e-06,0.2173913043478261,0.728,17.85,데이터부족,6.0
전라북도,고창군,전국 주요 지역,기타/미분류,17,3649661000.0,214685941.17647058,2026-05-11 17:54:19,0.011134307585247043,0.0003015938653542185,0.8823529411764706,0.208,17.85,제외,8.5
전라남도,여수시,전국 주요 지역,기타/미분류,8,357430000.0,44678750.0,2026-04-23 18:08:19,0.0048712595685455815,2.953663238683218e-05,0.5769230769230769,0.45,17.85,제외,5.1
울산광역시,울산광역시,전국 주요 지역,조경/녹지관리,90,15223649328.0,169151659.2,2026-05-15 10:19:09,0.061934585942936674,0.0012580234837231926,1.0,0.017,17.85,추천,8.3
전라북도,군산시,전국 주요 지역,건설/공사,84,30114346796.0,358504128.52380955,2026-05-11 18:18:50,0.05775922059846903,0.0024885331138489483,0.8823529411764706,0.112,17.85,제외,11.6
강원특별자치도,강릉시,전국 주요 지역,시설유지보수,92,48122060181.0,523065871.5326087,2026-05-11 14:54:08,0.06332637439109255,0.003976620880349192,0.8823529411764706,0.098,17.83,추천,5.6
충청북도,영동군,전국 주요 지역,경비/보안,1,41194230.0,41194230.0,2025-05-13 16:31:09,0.0,3.404131796347855e-06,0.07556675062972293,0.835,17.83,데이터부족,8.0
충청남도,당진시,전국 주요 지역,기타/미분류,2,27951000.0,13975500.0,2024-06-13 10:16:49,0.0006958942240779402,2.3097625041108646e-06,0.04103967168262654,0.859,17.82,제외,0.0
경상북도,울진군,전국 주요 지역,급수/전기/설비,2,11979000.0,5989500.0,2025-04-01 17:00:56,0.0006958942240779402,9.898982160475134e-07,0.0683371298405467,0.838,17.81,데이터부족,0.0
서울특별시,강서구,공항/산업단지/주거,건설/공사,9,11005090000.0,1222787777.7777777,2026-01-14 13:04:13,0.0055671537926235215,0.0009094180614777802,0.19867549668874174,0.729,17.81,제외,17.8
경상북도,영주시,전국 주요 지역,기타/미분류,2,66088000.0,33044000.0,2024-05-22 16:22:38,0.0006958942240779402,5.461256640967365e-06,0.0398406374501992,0.859,17.81,제외,0.0
강원특별자치도,양양군,전국 주요 지역,차량/운송,2,96848000.0,48424000.0,2025-04-08 14:35:46,0.0006958942240779402,8.003144037713463e-06,0.06944444444444445,0.837,17.81,데이터부족,6.0
경상남도,창원시,전국 주요 지역,기타/미분류,22,507079177.0,23049053.5,2026-05-13 14:07:38,0.014613778705636743,4.190306141640715e-05,0.9375,0.158,17.81,제외,3.4
경상북도,김천시,전국 주요 지역,차량/운송,4,0.0,0.0,2026-02-05 09:13:40,0.0020876826722338203,0.0,0.23255813953488372,0.712,17.81,데이터부족,7.8
서울특별시,양천구,교육/주거/신도시,청소/환경미화,7,1652467930.0,236066847.14285713,2026-04-06 16:03:28,0.0041753653444676405,0.00013655355672282553,0.4347826086956522,0.556,17.81,데이터부족,6.0
서울특별시,동작구,대학/주거/공원,기타/미분류,2,520000000.0,260000000.0,2024-05-17 21:11:57,0.0006958942240779402,4.29707882414815e-05,0.0395778364116095,0.859,17.8,제외,24.0
전라남도,무안군,전국 주요 지역,건설/공사,7,1974459000.0,282065571.4285714,2025-09-17 16:12:54,0.0041753653444676405,0.0001631616530393987,0.1111111111111111,0.798,17.8,제외,11.4
강원특별자치도,홍천군,전국 주요 지역,급식/식자재,1,130000000.0,130000000.0,2024-07-22 11:35:01,0.0,1.0742697060370376e-05,0.04335260115606936,0.857,17.79,데이터부족,11.0
충청남도,아산시,전국 주요 지역,전문용역/컨설팅,2,2315569000.0,1157784500.0,2025-04-30 10:27:44,0.0006958942240779402,0.00019134966376449825,0.07317073170731708,0.833,17.79,데이터부족,20.5
경상남도,창원시,전국 주요 지역,급수/전기/설비,7,48892000.0,6984571.428571428,2026-04-22 14:58:39,0.0041753653444676405,4.040245728274065e-06,0.5660377358490566,0.456,17.78,데이터부족,0.0
충청북도,진천군,전국 주요 지역,행사/운영용역,4,230100000.0,57525000.0,2025-08-13 09:59:56,0.0020876826722338203,1.9014573796855565e-05,0.09836065573770493,0.811,17.78,데이터부족,7.8
경기도,고양시,신도시/주거/교통,건설/공사,18,13154569160.0,730809397.7777778,2026-04-06 10:48:17,0.011830201809324982,0.0010870427034274678,0.4347826086956522,0.538,17.78,제외,7.6
경상북도,포항시,전국 주요 지역,경비/보안,1,17472000.0,17472000.0,2025-04-18 11:47:09,0.0,1.4438184849137785e-06,0.07109004739336493,0.835,17.77,데이터부족,0.0
인천광역시,옹진군,전국 주요 지역,청소/환경미화,2,5950758000.0,2975379000.0,2025-02-17 18:02:45,0.0006958942240779402,0.0004917476190275038,0.06224066390041494,0.84,17.77,데이터부족,3.0
경기도,평택시,미군기지/항만/산업,급식/식자재,1,188377000.0,188377000.0,2024-07-02 13:15:44,0.0,1.556674649339531e-05,0.042134831460674156,0.857,17.77,데이터부족,13.0
충청북도,충청북도,전국 주요 지역,교육물품/교구,13,1201694155.0,92438011.92307693,2026-05-06 14:18:57,0.008350730688935281,9.930335589525202e-05,0.7692307692307692,0.295,17.77,추천,16.2
경기도,과천시,전국 주요 지역,폐기물/환경,39,22721570680.0,582604376.4102564,2026-04-06 17:35:31,0.026443980514961725,0.0018776226965464132,0.4347826086956522,0.507,17.77,제외,7.1
대전광역시,서구,신도시/항만/산업,급수/전기/설비,22,2903049902.0,131956813.72727273,2026-05-14 10:31:18,0.014613778705636743,0.00023989681267941467,0.9677419354838709,0.132,17.75,추천,7.5
경상북도,칠곡군,전국 주요 지역,청소/환경미화,2,5911800000.0,2955900000.0,2025-02-07 15:41:02,0.0006958942240779402,0.0004885282806269045,0.06097560975609757,0.84,17.75,데이터부족,8.0
서울특별시,마포구,홍대/관광/문화콘텐츠,폐기물/환경,14,13777270590.0,984090756.4285715,2024-12-16 13:10:59,0.009046624913013222,0.0011385003405163096,0.055045871559633024,0.826,17.74,제외,6.5
대구광역시,동구,전국 주요 지역,행사/운영용역,36,6585456560.0,182929348.8888889,2026-05-04 15:05:14,0.024356297842727904,0.0005441966525254523,0.7317073170731707,0.289,17.74,추천,19.7
경기도,김포시,신도시/공항/주거,급식/식자재,1,357061200.0,357061200.0,2024-05-30 10:30:40,0.0,2.9506156181633224e-05,0.04026845637583893,0.857,17.74,데이터부족,43.0
부산광역시,수영구,해변/문화/청년,보험/금융,2,220000000.0,110000000.0,2025-11-26 10:00:24,0.0006958942240779402,1.817994887139602e-05,0.15,0.773,17.74,데이터부족,6.0
전라남도,목포시,전국 주요 지역,IT장비/전산,6,107490000.0,17915000.0,2026-01-27 17:04:29,0.003479471120389701,8.882557746301629e-06,0.2173913043478261,0.716,17.72,데이터부족,0.0
서울특별시,서초구,법조/교육/고소득,폐기물/환경,14,6505338830.0,464667059.28571427,2024-12-17 16:37:48,0.009046624913013222,0.0005375760332750328,0.05514705882352941,0.826,17.72,제외,5.9
강원특별자치도,홍천군,전국 주요 지역,IT장비/전산,40,6971025180.0,174275629.5,2026-05-12 14:23:42,0.027139874739039668,0.0005760585516073374,0.9090909090909091,0.149,17.72,추천,7.0
경상남도,창원시,전국 주요 지역,행사/운영용역,8,1228262000.0,153532750.0,2026-01-20 14:57:40,0.0048712595685455815,0.00010149881982126645,0.2068965517241379,0.721,17.72,데이터부족,13.2
서울특별시,강북구,주거/서민/교육,시설유지보수,24,5458828788.0,227451199.5,2026-04-06 10:49:02,0.016005567153792623,0.0004510964921070214,0.4347826086956522,0.527,17.71,추천,10.4
제주특별자치도,서귀포시,전국 주요 지역,교육물품/교구,15,1208742000.0,80582800.0,2026-05-08 15:08:57,0.009742519137091163,9.988576253958623e-05,0.8108108108108107,0.258,17.71,추천,6.7
광주광역시,북구,대학/주거/상업,전문용역/컨설팅,7,417000000.0,59571428.571428575,2026-04-10 17:05:50,0.0041753653444676405,3.445926672441882e-05,0.46153846153846145,0.531,17.71,데이터부족,3.3
서울특별시,양천구,교육/주거/신도시,건설/공사,5,2717151000.0,543430200.0,2025-02-07 11:24:46,0.0027835768963117608,0.00022453484661755715,0.06097560975609757,0.834,17.71,제외,44.8
부산광역시,금정구,대학/주거/산,전문용역/컨설팅,2,95000000.0,47500000.0,2025-03-27 19:10:09,0.0006958942240779402,7.850432467193737e-06,0.06756756756756756,0.833,17.7,데이터부족,15.5
대전광역시,중구,도심/관광/명동,급수/전기/설비,6,889245886.0,148207647.66666666,2026-04-15 17:50:59,0.003479471120389701,7.348383973445117e-05,0.5,0.503,17.7,데이터부족,4.8
강원특별자치도,영월군,전국 주요 지역,폐기물/환경,132,34562632600.0,261838125.75757575,2026-05-06 15:20:30,0.09116214335421016,0.002856122243312933,0.7692307692307692,0.122,17.7,제외,5.9
경상남도,고성군,전국 주요 지역,조경/녹지관리,2,52984000.0,26492000.0,2025-08-26 22:18:42,0.0006958942240779402,4.3783927772820305e-06,0.10273972602739727,0.806,17.69,데이터부족,0.0
경기도,부천시,제조/주거/교통,기타/미분류,6,360139000.0,60023166.666666664,2026-04-02 16:35:55,0.003479471120389701,2.9760493666344053e-05,0.410958904109589,0.569,17.68,제외,6.3
광주광역시,서구,신도시/항만/산업,의료/복지용품,4,2309444000.0,577361000.0,2026-04-27 15:13:34,0.0020876826722338203,0.00019084351746069233,0.625,0.411,17.68,데이터부족,10.5
경기도,안성시,전국 주요 지역,기타/미분류,28,5014129820.0,179076065.0,2026-05-14 14:25:02,0.018789144050104383,0.0004143482898279188,0.9677419354838709,0.12,17.68,제외,10.0
경상남도,통영시,전국 주요 지역,급수/전기/설비,13,128165200.0,9858861.538461538,2026-05-07 14:07:59,0.008350730688935281,1.0591076286782934e-05,0.7894736842105263,0.275,17.68,추천,0.2
경상남도,합천군,전국 주요 지역,시설유지보수,47,2340418120.0,49796130.212765954,2026-05-07 10:46:11,0.032011134307585246,0.00019340309890585817,0.7894736842105263,0.227,17.67,추천,2.6
경상남도,경상남도,전국 주요 지역,기타/미분류,69,12019048744.0,174189112.23188406,2026-05-14 15:15:19,0.04732080723729993,0.000993207689312439,0.9677419354838709,0.062,17.67,제외,9.9
부산광역시,남구,대학/항만/주거,건설/공사,8,6568539034.0,821067379.25,2025-11-05 17:02:16,0.0048712595685455815,0.0005427986536267682,0.13574660633484165,0.771,17.66,제외,45.9
서울특별시,송파구,가족주거/대형상권/복합문화,청소/환경미화,2,185160000.0,92580000.0,2024-12-19 17:34:13,0.0006958942240779402,1.5300906059216762e-05,0.055350553505535055,0.84,17.66,데이터부족,6.5
서울특별시,중랑구,주거/제조/서민,시설유지보수,21,79701092030.0,3795290096.6666665,2026-03-18 22:36:29,0.013917884481558803,0.006586189900453768,0.3409090909090909,0.591,17.66,추천,10.8
경상남도,창원시,전국 주요 지역,IT장비/전산,4,72489000.0,18122250.0,2025-07-07 15:17:19,0.0020876826722338203,5.9902105169937554e-06,0.08771929824561403,0.813,17.66,데이터부족,5.5
서울특별시,광진구,대학/강변/상업,청소/환경미화,2,99953420.0,49976710.0,2024-12-16 15:04:24,0.0006958942240779402,8.259763932368966e-06,0.055045871559633024,0.84,17.65,데이터부족,3.0
서울특별시,동대문구,전통시장/패션/대학,시설유지보수,26,11471745161.0,441220967.7307692,2026-04-16 14:36:20,0.017397355601948505,0.0009479806386030214,0.5084745762711864,0.464,17.63,추천,9.3
광주광역시,동구,전국 주요 지역,인쇄/홍보물,13,4272041000.0,328618538.46153843,2026-05-13 15:29:48,0.008350730688935281,0.00035302494071139784,0.9375,0.161,17.63,추천,13.5
전라남도,고흥군,전국 주요 지역,청소/환경미화,2,28850000.0,14425000.0,2024-11-27 09:50:45,0.0006958942240779402,2.384052386089887e-06,0.05319148936170213,0.84,17.63,데이터부족,0.0
경상남도,김해시,전국 주요 지역,청소/환경미화,2,595302000.0,297651000.0,2024-11-28 11:29:55,0.0006958942240779402,4.919345419563543e-05,0.05328596802841919,0.84,17.63,데이터부족,6.5
인천광역시,미추홀구,전국 주요 지역,차량/운송,2,582916290.0,291458145.0,2025-01-07 14:31:36,0.0006958942240779402,4.816994703865389e-05,0.05736137667304015,0.837,17.63,데이터부족,11.0
경기도,여주시,전국 주요 지역,급수/전기/설비,2,241700000.0,120850000.0,2024-12-18 19:24:59,0.0006958942240779402,1.9973152919165537e-05,0.055248618784530384,0.838,17.62,데이터부족,8.0
부산광역시,부산진구,상업/교통/중심가,청소/환경미화,3,206247830.0,68749276.66666667,2025-12-12 09:40:26,0.0013917884481558804,1.7043522746528992e-05,0.16304347826086957,0.756,17.62,데이터부족,5.0
부산광역시,북구,대학/주거/상업,차량/운송,3,122997180.0,40999060.0,2025-11-18 16:33:07,0.0013917884481558804,1.016401110784497e-05,0.14423076923076922,0.77,17.62,데이터부족,5.0
서울특별시,서초구,법조/교육/고소득,차량/운송,2,276000000.0,138000000.0,2024-12-24 11:09:37,0.0006958942240779402,2.2807572220478646e-05,0.0558659217877095,0.837,17.61,데이터부족,7.0
경기도,용인시,주거/산업/반도체,교육물품/교구,10,1802241620.0,180224162.0,2026-04-30 16:43:12,0.006263048016701462,0.00014893027502500881,0.6666666666666666,0.368,17.61,추천,16.5
부산광역시,해운대구,관광/해변/고소득,경비/보안,1,39240700.0,39240700.0,2025-02-04 08:37:02,0.0,3.2426996348990446e-06,0.06060606060606061,0.835,17.61,데이터부족,7.0
대전광역시,유성구,전국 주요 지역,차량/운송,4,282126590.0,70531647.5,2026-01-28 15:45:05,0.0020876826722338203,2.331384991573322e-05,0.21897810218978103,0.712,17.61,데이터부족,3.8
부산광역시,부산진구,상업/교통/중심가,건설/공사,8,23512132034.0,2939016504.25,2025-10-23 10:10:59,0.0048712595685455815,0.0019429516283437842,0.12820512820512822,0.771,17.59,제외,15.8
서울특별시,동대문구,전통시장/패션/대학,행사/운영용역,12,3295043000.0,274586916.6666667,2026-03-09 11:07:11,0.007654836464857342,0.0002722896057684153,0.30927835051546393,0.632,17.59,추천,11.2
세종특별자치시,세종시,전국 주요 지역,교육물품/교구,37,6869269873.0,185655942.5135135,2026-05-14 14:23:03,0.025052192066805846,0.0005676498867043684,0.9677419354838709,0.103,17.59,추천,8.4
경상북도,안동시,전국 주요 지역,급수/전기/설비,2,47641010.0,23820505.0,2024-12-03 16:51:35,0.0006958942240779402,3.93686875446212e-06,0.05376344086021505,0.838,17.59,데이터부족,1.0
대구광역시,동구,전국 주요 지역,교육물품/교구,3,398210580.0,132736860.0,2026-01-28 13:06:53,0.0013917884481558804,3.290658174749525e-05,0.21897810218978103,0.712,17.58,데이터부족,7.3
부산광역시,동래구,교육/주거/전통,청소/환경미화,3,156396400.0,52132133.333333336,2025-12-09 12:34:24,0.0013917884481558804,1.2923993434865458e-05,0.16042780748663102,0.756,17.58,데이터부족,11.0
부산광역시,강서구,공항/산업단지/주거,행사/운영용역,8,1215295000.0,151911875.0,2026-01-13 10:17:18,0.0048712595685455815,0.00010042727710756013,0.19736842105263158,0.721,17.58,데이터부족,10.1
서울특별시,구로구,산업/디지털/제조,차량/운송,2,253300000.0,126650000.0,2024-12-05 17:25:21,0.0006958942240779402,2.093173204147551e-05,0.0539568345323741,0.837,17.58,데이터부족,10.5
강원특별자치도,삼척시,전국 주요 지역,교육물품/교구,37,2899624910.0,78368240.8108108,2026-05-14 10:30:07,0.025052192066805846,0.00023961378459102858,0.9677419354838709,0.103,17.58,추천,8.0
경상남도,남해군,전국 주요 지역,IT장비/전산,4,115107915.0,28776978.75,2025-06-16 14:43:44,0.0020876826722338203,9.512072769968179e-06,0.08264462809917356,0.813,17.58,데이터부족,2.5
경기도,여주시,전국 주요 지역,기타/미분류,13,2331005000.0,179308076.92307693,2026-05-06 18:06:56,0.008350730688935281,0.00019262523508622038,0.7692307692307692,0.285,17.58,제외,7.0
경상남도,함안군,전국 주요 지역,IT장비/전산,5,941007000.0,188201400.0,2025-11-28 09:24:21,0.0027835768963117608,7.776117794375343e-05,0.15151515151515152,0.759,17.57,데이터부족,3.4
경기도,수원시,행정/산업/대학,의료/복지용품,10,475440001.0,47544000.1,2026-05-13 10:49:54,0.006263048016701462,3.9288522316347604e-05,0.9375,0.163,17.57,추천,13.3
서울특별시,용산구,외국인/관광/개발,경비/보안,1,199514000.0,199514000.0,2025-01-10 15:28:42,0.0,1.6487065086944118e-05,0.057692307692307696,0.835,17.57,데이터부족,10.0
부산광역시,동래구,교육/주거/전통,급수/전기/설비,16,6191331730.0,386958233.125,2026-05-11 10:16:22,0.010438413361169102,0.0005116277013511449,0.8823529411764706,0.195,17.57,추천,5.9
전라북도,남원시,전국 주요 지역,전문용역/컨설팅,78,20630426000.0,264492641.02564102,2026-05-14 17:37:20,0.05358385525400139,0.0017048185903414505,0.9677419354838709,0.043,17.56,추천,10.6
충청북도,진천군,전국 주요 지역,시설유지보수,17,233562480.0,13738969.411764706,2026-02-19 10:49:11,0.011134307585247043,1.9300699748529345e-05,0.2608695652173913,0.66,17.56,추천,0.0
경기도,화성시,산업단지/신도시,행사/운영용역,124,34544816410.0,278587229.11290324,2026-05-08 17:47:49,0.08559498956158663,0.00285464998229801,0.8108108108108107,0.095,17.56,추천,17.3
부산광역시,강서구,공항/산업단지/주거,시설유지보수,49,10872635779.0,221890526.10204083,2026-05-08 21:11:08,0.033402922755741124,0.0008984725570887775,0.8108108108108107,0.202,17.56,추천,6.9
대구광역시,대구광역시,전국 주요 지역,조경/녹지관리,75,28678916920.0,382385558.93333334,2026-05-15 09:32:39,0.05149617258176757,0.002369914742239156,1.0,0.022,17.56,추천,11.7
전라남도,전라남도,전국 주요 지역,조경/녹지관리,2,2128474480.0,1064237240.0,2025-07-29 16:29:22,0.0006958942240779402,0.00017588889645668741,0.09375,0.806,17.56,데이터부족,11.0
서울특별시,동작구,대학/주거/공원,차량/운송,2,152000000.0,76000000.0,2024-11-20 14:54:58,0.0006958942240779402,1.2560691947509978e-05,0.052539404553415055,0.837,17.56,데이터부족,13.5
울산광역시,중구,도심/관광/명동,인쇄/홍보물,2,297143000.0,148571500.0,2025-12-04 18:20:38,0.0006958942240779402,2.4554747943151037e-05,0.15625,0.759,17.55,데이터부족,6.0
전라북도,무주군,전국 주요 지역,IT장비/전산,6,1246487870.0,207747978.33333334,2026-01-19 17:29:58,0.003479471120389701,0.00010300493520643332,0.2054794520547945,0.716,17.54,데이터부족,10.8
경기도,과천시,전국 주요 지역,청소/환경미화,7,1315911650.0,187987378.57142857,2026-04-03 15:29:31,0.0041753653444676405,0.00010874184780124717,0.4166666666666667,0.556,17.54,데이터부족,7.0
서울특별시,동대문구,전통시장/패션/대학,경비/보안,1,46020000.0,46020000.0,2024-12-16 20:01:37,0.0,3.802914759371113e-06,0.055045871559633024,0.835,17.53,데이터부족,3.0
대구광역시,군위군,전국 주요 지역,경비/보안,1,50400000.0,50400000.0,2024-12-20 10:26:49,0.0,4.164861014174361e-06,0.055452865064695,0.835,17.53,데이터부족,7.0
충청남도,천안시,전국 주요 지역,시설유지보수,16,584170480.0,36510655.0,2026-02-03 15:00:31,0.010438413361169102,4.827358844808578e-05,0.22900763358778622,0.684,17.53,추천,1.1
서울특별시,마포구,홍대/관광/문화콘텐츠,경비/보안,1,802700000.0,802700000.0,2024-12-19 17:36:10,0.0,6.63320225412254e-05,0.055350553505535055,0.835,17.53,데이터부족,6.0
경기도,김포시,신도시/공항/주거,경비/보안,1,686025800.0,686025800.0,2024-12-19 18:02:15,0.0,5.669051803844797e-05,0.055350553505535055,0.835,17.53,데이터부족,3.0
경상북도,예천군,전국 주요 지역,급수/전기/설비,2,63280000.0,31640000.0,2024-10-07 10:20:25,0.0006958942240779402,5.229214384463365e-06,0.04878048780487805,0.838,17.52,데이터부족,0.5
전라북도,김제시,전국 주요 지역,행사/운영용역,64,10554902590.0,164920352.96875,2026-05-08 15:06:46,0.04384133611691023,0.0008722163155852975,0.8108108108108107,0.179,17.52,추천,12.2
경상북도,영양군,전국 주요 지역,폐기물/환경,25,1293663500.0,51746540.0,2026-02-10 17:35:43,0.016701461377870562,0.00010690334675814194,0.24193548387096778,0.661,17.52,제외,2.5
울산광역시,남구,대학/항만/주거,IT장비/전산,34,10313165560.0,303328398.8235294,2026-05-11 18:19:09,0.022964509394572025,0.0008522401026501924,0.8823529411764706,0.167,17.52,추천,11.1
서울특별시,서대문구,대학/의료/주거,경비/보안,1,91872000.0,91872000.0,2024-12-09 18:30:49,0.0,7.591946648694979e-06,0.05434782608695653,0.835,17.52,데이터부족,3.0
강원특별자치도,인제군,전국 주요 지역,기타/미분류,6,861700000.0,143616666.66666666,2026-03-31 20:18:01,0.003479471120389701,7.120755428400887e-05,0.4,0.569,17.52,제외,9.2
강원특별자치도,삼척시,전국 주요 지역,경비/보안,1,280842840.0,280842840.0,2024-12-09 12:49:41,0.0,2.320776578226206e-05,0.05434782608695653,0.835,17.52,데이터부족,8.0
강원특별자치도,강원특별자치도,전국 주요 지역,청소/환경미화,30,137780180443.0,4592672681.433333,2026-05-12 10:17:44,0.020180932498260265,0.011385621072479354,0.9090909090909091,0.139,17.51,추천,7.5
부산광역시,사상구,공단/제조/교통,경비/보안,1,43111680.0,43111680.0,2024-12-06 14:11:09,0.0,3.5625824461817564e-06,0.05405405405405406,0.835,17.51,데이터부족,5.0
경기도,평택시,미군기지/항만/산업,급수/전기/설비,2,198000000.0,99000000.0,2024-09-26 17:53:19,0.0006958942240779402,1.636195398425642e-05,0.04792332268370607,0.838,17.51,데이터부족,6.5
대전광역시,중구,도심/관광/명동,건설/공사,26,25181747336.0,968528743.6923077,2026-04-22 22:01:36,0.017397355601948505,0.0020809221775495135,0.5660377358490566,0.413,17.5,제외,9.2
서울특별시,광진구,대학/강변/상업,경비/보안,1,30000000.0,30000000.0,2024-11-26 09:33:58,0.0,2.4790839370085484e-06,0.05309734513274337,0.835,17.5,데이터부족,6.0
서울특별시,영등포구,오피스/금융/교통,경비/보안,1,142259200.0,142259200.0,2024-11-26 18:05:43,0.0,1.175574992038955e-05,0.05309734513274337,0.835,17.5,데이터부족,7.0
서울특별시,강동구,주거/강변/문화,폐기물/환경,15,69850637810.0,4656709187.333333,2024-12-11 16:45:04,0.009742519137091163,0.0057721864728190984,0.05454545454545455,0.807,17.49,제외,19.3
경상북도,경상북도,전국 주요 지역,건설/공사,99,41263576920.364,416803807.276404,2026-05-11 18:38:29,0.06819763395963814,0.003409862357559702,0.8823529411764706,0.072,17.49,제외,12.4
부산광역시,기장군,농어촌/관광/신도시,조경/녹지관리,18,12545250000.0,696958333.3333334,2026-05-11 10:03:32,0.011830201809324982,0.0010366909253585496,0.8823529411764706,0.188,17.49,추천,7.1
서울특별시,성동구,성수/브랜드/라이프스타일,차량/운송,2,1093586630.0,546793315.0,2024-09-06 18:39:37,0.0006958942240779402,9.036976827201036e-05,0.04643962848297213,0.837,17.47,데이터부족,4.0
경상북도,경주시,전국 주요 지역,시설유지보수,30,601943260.0,20064775.333333332,2026-04-23 18:43:08,0.020180932498260265,4.974226222855201e-05,0.5769230769230769,0.4,17.46,추천,0.0
전라남도,화순군,전국 주요 지역,교육물품/교구,2,129720000.0,64860000.0,2025-08-13 15:07:53,0.0006958942240779402,1.0719558943624963e-05,0.09836065573770493,0.798,17.46,데이터부족,7.5
전라남도,보성군,전국 주요 지역,폐기물/환경,23,1934255000.0,84098043.47826087,2026-01-22 15:06:12,0.015309672929714684,0.00015983935001928233,0.2097902097902098,0.685,17.46,제외,1.8
인천광역시,중구,도심/관광/명동,차량/운송,8,1791103690.0,223887961.25,2026-04-06 18:05:31,0.0048712595685455815,0.00014800987957985795,0.4347826086956522,0.537,17.46,데이터부족,6.8
부산광역시,수영구,해변/문화/청년,전문용역/컨설팅,2,180000000.0,90000000.0,2024-11-01 18:33:41,0.0006958942240779402,1.487450362205129e-05,0.05084745762711864,0.833,17.45,데이터부족,5.5
경기도,군포시,전국 주요 지역,경비/보안,1,212600780.0,212600780.0,2024-10-24 13:34:28,0.0,1.7568505956449607e-05,0.05016722408026756,0.835,17.45,데이터부족,21.0
대전광역시,동구,전국 주요 지역,행사/운영용역,24,5530554000.0,230439750.0,2026-04-22 16:25:10,0.016005567153792623,0.0004570235861386125,0.5660377358490566,0.415,17.44,추천,8.7
전라북도,전주시,전국 주요 지역,전문용역/컨설팅,36,6777971900.0,188276997.2222222,2026-05-14 16:24:11,0.024356297842727904,0.000560105375426177,0.9677419354838709,0.097,17.44,추천,7.6
강원특별자치도,춘천시,전국 주요 지역,전문용역/컨설팅,36,3543833000.0,98439805.55555555,2026-05-14 14:47:04,0.024356297842727904,0.00029284864885802716,0.9677419354838709,0.097,17.44,추천,11.2
경기도,동두천시,전국 주요 지역,청소/환경미화,3,77398600.0,25799533.333333332,2025-11-27 13:45:14,0.0013917884481558804,6.395920866898328e-06,0.1507537688442211,0.756,17.44,데이터부족,4.3
전라남도,광양시,전국 주요 지역,차량/운송,3,484026000.0,161342000.0,2025-10-30 13:53:35,0.0013917884481558804,3.999803605648332e-05,0.13215859030837004,0.77,17.44,데이터부족,11.0
부산광역시,북구,대학/주거/상업,폐기물/환경,19,12183931224.0,641259538.1052631,2025-12-04 16:16:57,0.012526096033402923,0.0010068329395678435,0.15625,0.728,17.43,제외,10.7
전라남도,여수시,전국 주요 지역,차량/운송,2,85408000.0,42704000.0,2024-08-08 16:45:26,0.0006958942240779402,7.05778669640087e-06,0.044444444444444446,0.837,17.43,데이터부족,5.5
전라남도,여수시,전국 주요 지역,행사/운영용역,7,496000000.0,70857142.85714285,2025-11-25 14:22:49,0.0041753653444676405,4.0987521091874666e-05,0.14925373134328357,0.751,17.43,데이터부족,10.3
서울특별시,송파구,가족주거/대형상권/복합문화,경비/보안,1,120790000.0,120790000.0,2024-10-07 19:24:14,0.0,9.981618291708752e-06,0.04878048780487805,0.835,17.43,데이터부족,7.0
서울특별시,관악구,청년/자취생/대학가,전문용역/컨설팅,2,600000000.0,300000000.0,2024-09-25 14:19:51,0.0006958942240779402,4.9581678740170965e-05,0.04784688995215311,0.833,17.41,데이터부족,11.0
경기도,오산시,전국 주요 지역,전문용역/컨설팅,2,602381590.0,301190795.0,2024-09-26 11:50:59,0.0006958942240779402,4.977848412395564e-05,0.04792332268370607,0.833,17.41,데이터부족,15.5
강원특별자치도,동해시,전국 주요 지역,조경/녹지관리,8,297798000.0,37224750.0,2026-04-24 16:35:57,0.0048712595685455815,2.4608874609109056e-05,0.5882352941176471,0.419,17.4,데이터부족,4.1
서울특별시,금천구,제조/산업단지/중소기업,폐기물/환경,15,18535017720.0,1235667848.0,2024-12-20 12:33:11,0.009742519137091163,0.0015316621567273603,0.055452865064695,0.807,17.4,제외,10.1
강원특별자치도,동해시,전국 주요 지역,교육물품/교구,2,132154500.0,66077250.0,2025-07-29 08:13:17,0.0006958942240779402,1.0920736605113206e-05,0.09375,0.798,17.39,데이터부족,6.5
전라북도,장수군,전국 주요 지역,IT장비/전산,10,2875180000.0,287518000.0,2026-03-31 09:06:38,0.006263048016701462,0.0002375937518002746,0.4,0.556,17.38,추천,6.5
광주광역시,서구,신도시/항만/산업,행사/운영용역,10,1157366000.0,115736600.0,2026-02-12 15:37:00,0.006263048016701462,9.564024866132786e-05,0.24590163934426232,0.672,17.38,추천,16.6
경상남도,사천시,전국 주요 지역,시설유지보수,16,264803050.0,16550190.625,2026-01-28 09:44:37,0.010438413361169102,2.1882299590862384e-05,0.21897810218978103,0.684,17.38,추천,0.2
대전광역시,중구,도심/관광/명동,폐기물/환경,48,6369128900.0,132690185.41666667,2026-04-15 18:09:02,0.032707028531663185,0.0005263201716242308,0.5,0.428,17.38,제외,5.4
충청남도,부여군,전국 주요 지역,건설/공사,46,1495105500.0,32502293.47826087,2026-05-06 15:39:47,0.031315240083507306,0.00012354973430610448,0.7692307692307692,0.229,17.37,제외,2.1
강원특별자치도,철원군,전국 주요 지역,시설유지보수,35,7385555841.0,211015881.17142856,2026-04-30 17:37:03,0.023660403618649965,0.000610313761710092,0.6666666666666666,0.32,17.36,추천,4.3
서울특별시,중구,도심/관광/명동,차량/운송,2,123408000.0,61704000.0,2024-05-13 21:24:51,0.0006958942240779402,1.0197959683278364e-05,0.03937007874015748,0.837,17.36,데이터부족,7.0
대전광역시,대전광역시,전국 주요 지역,인쇄/홍보물,132,57219706011.0,433482621.29545456,2026-05-11 10:48:17,0.09116214335421016,0.004728415135074052,0.8823529411764706,0.018,17.36,추천,11.4
전라북도,고창군,전국 주요 지역,행사/운영용역,21,7615332660.0,362634888.5714286,2026-04-16 13:23:20,0.013917884481558803,0.0006293016290794194,0.5084745762711864,0.458,17.36,추천,16.9
서울특별시,동작구,대학/주거/공원,행사/운영용역,21,3158146000.0,150387904.76190478,2026-04-16 16:38:38,0.013917884481558803,0.0002609769673109266,0.5084745762711864,0.458,17.35,추천,15.9
충청남도,예산군,전국 주요 지역,시설유지보수,25,295597740.0,11823909.6,2026-04-08 09:59:59,0.016701461377870562,2.4427053635000977e-05,0.44776119402985076,0.498,17.35,추천,0.2
경상북도,문경시,전국 주요 지역,경비/보안,1,17400000.0,17400000.0,2024-07-22 15:29:03,0.0,1.437868683464958e-06,0.04335260115606936,0.835,17.35,데이터부족,0.0
대전광역시,대덕구,전국 주요 지역,조경/녹지관리,2,128382000.0,64191000.0,2025-06-04 10:29:34,0.0006958942240779402,1.0608991800034382e-05,0.08,0.806,17.35,데이터부족,3.0
세종특별자치시,세종시,전국 주요 지역,기타/미분류,80,16003998921.0,200049986.5125,2026-05-13 13:11:35,0.054975643702157274,0.0013225085550984414,0.9375,0.053,17.35,제외,10.5
경기도,부천시,제조/주거/교통,전문용역/컨설팅,2,110000000.0,55000000.0,2024-08-01 14:19:34,0.0006958942240779402,9.08997443569801e-06,0.0439882697947214,0.833,17.35,데이터부족,14.0
서울특별시,은평구,주거/문화/뉴타운,경비/보안,1,75517500.0,75517500.0,2024-07-11 15:32:58,0.0,6.240474040434768e-06,0.04267425320056899,0.835,17.34,데이터부족,5.0
경상남도,함양군,전국 주요 지역,행사/운영용역,4,85704999.0,21426249.75,2025-04-01 15:43:34,0.0020876826722338203,7.082329544741124e-06,0.0683371298405467,0.811,17.33,데이터부족,0.0
전라남도,진도군,전국 주요 지역,보험/금융,2,2728000.0,1364000.0,2025-10-13 14:16:08,0.0006958942240779402,2.2543136600531066e-07,0.12295081967213116,0.773,17.33,데이터부족,0.0
대구광역시,중구,도심/관광/명동,차량/운송,4,374948440.0,93737110.0,2026-01-15 20:18:48,0.0020876826722338203,3.098428849368045e-05,0.2,0.712,17.32,데이터부족,5.0
경상남도,경상남도,전국 주요 지역,전문용역/컨설팅,55,19707159000.0,358311981.8181818,2026-05-14 15:39:51,0.037578288100208766,0.0016285233773657816,0.9677419354838709,0.063,17.32,추천,13.2
충청남도,충청남도,전국 주요 지역,전문용역/컨설팅,63,9122109000.0,144795380.95238096,2026-05-14 15:43:59,0.04314544189283229,0.0007538157964513704,0.9677419354838709,0.053,17.32,추천,13.0
강원특별자치도,영월군,전국 주요 지역,건설/공사,47,30776853000.0,654826659.5744681,2026-05-06 17:02:29,0.032011134307585246,0.0025432800634657784,0.7692307692307692,0.222,17.32,제외,7.7
경기도,양평군,전국 주요 지역,조경/녹지관리,2,164120000.0,82060000.0,2025-05-23 17:32:51,0.0006958942240779402,1.3562241858061432e-05,0.07751937984496124,0.806,17.31,데이터부족,5.0
경상북도,성주군,전국 주요 지역,조경/녹지관리,5,53504000.0,10700800.0,2026-04-06 13:42:18,0.0027835768963117608,4.4213635655235125e-06,0.4347826086956522,0.534,17.31,데이터부족,0.0
강원특별자치도,춘천시,전국 주요 지역,행사/운영용역,103,15324473510.0,148781296.21359223,2026-05-08 19:53:11,0.0709812108559499,0.001266355204058467,0.8108108108108107,0.114,17.31,추천,9.4
경기도,오산시,전국 주요 지역,IT장비/전산,5,1270514560.0,254102912.0,2025-11-03 16:41:23,0.0027835768963117608,0.00010499040791438278,0.13452914798206278,0.759,17.31,데이터부족,15.8
경기도,화성시,산업단지/신도시,조경/녹지관리,2,204783000.0,102391500.0,2025-05-22 11:08:25,0.0006958942240779402,1.692247486241405e-05,0.07731958762886598,0.806,17.31,데이터부족,8.5
경기도,의정부시,교통/주거/군부대,전문용역/컨설팅,2,67202000.0,33601000.0,2024-06-17 14:34:05,0.0006958942240779402,5.5533132911616155e-06,0.04126547455295736,0.833,17.31,데이터부족,4.5
전라북도,전라북도,전국 주요 지역,인쇄/홍보물,66,5093082555.0,77167917.5,2026-05-14 11:00:46,0.04523312456506611,0.0004208726383986319,0.9677419354838709,0.048,17.3,추천,8.4
강원특별자치도,강릉시,전국 주요 지역,기타/미분류,42,9493213776.0,226028899.42857143,2026-05-14 16:08:32,0.028531663187195546,0.0007844824594223289,0.9677419354838709,0.081,17.3,제외,4.8
경기도,군포시,전국 주요 지역,행사/운영용역,17,2130912660.0,125347803.52941176,2026-04-03 13:55:12,0.011134307585247043,0.0001760903782191386,0.4166666666666667,0.53,17.3,추천,13.3
서울특별시,종로구,공공기관/전통상권/관광,경비/보안,1,160000000.0,160000000.0,2024-05-16 13:52:36,0.0,1.3221780997378925e-05,0.039525691699604744,0.835,17.29,데이터부족,28.0
경기도,의왕시,전국 주요 지역,폐기물/환경,39,5664238000.0,145236871.7948718,2026-04-01 15:22:08,0.026443980514961725,0.0004680707147064475,0.4054054054054054,0.507,17.29,제외,7.1
서울특별시,강서구,공항/산업단지/주거,폐기물/환경,66,270557314000.0,4099353242.4242425,2026-04-20 17:27:13,0.04523312456506611,0.022357809705919267,0.5454545454545454,0.337,17.29,제외,8.7
충청남도,논산시,전국 주요 지역,시설유지보수,32,501186947.0,15662092.09375,2026-04-24 10:21:29,0.021572720946416143,4.141615032486849e-05,0.5882352941176471,0.38,17.29,추천,0.3
강원특별자치도,양구군,전국 주요 지역,보험/금융,7,397400000.0,56771428.571428575,2026-05-04 11:52:20,0.0041753653444676405,3.2839598552239906e-05,0.7317073170731707,0.307,17.28,데이터부족,6.1
경상북도,성주군,전국 주요 지역,건설/공사,10,227808000.0,22780800.0,2026-01-21 13:17:12,0.006263048016701462,1.8825171784068114e-05,0.20833333333333334,0.695,17.28,제외,0.7
충청남도,충청남도,전국 주요 지역,의료/복지용품,18,2369510000.0,131639444.44444445,2026-05-15 11:08:37,0.011830201809324982,0.00019580713931937084,1.0,0.089,17.26,추천,10.2
경상북도,영천시,전국 주요 지역,폐기물/환경,24,2048179570.0,85340815.41666667,2026-01-23 13:43:48,0.016005567153792623,0.00016925363573653586,0.2112676056338028,0.672,17.25,제외,2.7
강원특별자치도,양구군,전국 주요 지역,전문용역/컨설팅,11,1592710000.0,144791818.1818182,2026-04-30 17:31:45,0.006958942240779402,0.00013161539257709618,0.6666666666666666,0.348,17.24,추천,7.9
부산광역시,금정구,대학/주거/산,조경/녹지관리,6,486816400.0,81136066.66666667,2026-04-15 14:06:43,0.003479471120389701,4.022862391707761e-05,0.5,0.48,17.24,데이터부족,6.2
경상남도,고성군,전국 주요 지역,기타/미분류,3,37350000.0,12450000.0,2025-08-13 14:07:08,0.0013917884481558804,3.0864595015756427e-06,0.09836065573770493,0.785,17.23,제외,-0.3
강원특별자치도,원주시,전국 주요 지역,급수/전기/설비,40,17786325967.0,444658149.175,2026-05-15 10:17:04,0.027139874739039668,0.0014697931667729245,1.0,0.055,17.22,추천,7.2
경상북도,문경시,전국 주요 지역,행사/운영용역,4,924414400.0,231103600.0,2025-02-03 16:53:26,0.0020876826722338203,7.639002967264651e-05,0.060483870967741944,0.811,17.21,데이터부족,11.2
강원특별자치도,동해시,전국 주요 지역,청소/환경미화,3,445885000.0,148628333.33333334,2025-11-04 21:57:34,0.0013917884481558804,3.684621137510188e-05,0.13513513513513511,0.756,17.2,데이터부족,6.3
부산광역시,남구,대학/항만/주거,급수/전기/설비,5,4996582104.0,999316420.8,2026-03-30 15:07:09,0.0027835768963117608,0.0004128982144656925,0.39473684210526316,0.558,17.2,데이터부족,7.4
서울특별시,동작구,대학/주거/공원,교육물품/교구,2,350000000.0,175000000.0,2025-06-02 13:47:13,0.0006958942240779402,2.8922645931766396e-05,0.07957559681697612,0.798,17.18,데이터부족,16.5
충청남도,공주시,전국 주요 지역,급수/전기/설비,4,47744740.0,11936185.0,2026-02-23 15:10:18,0.0020876826722338203,3.945440600354984e-06,0.27027027027027023,0.651,17.16,데이터부족,0.0
경상북도,문경시,전국 주요 지역,기타/미분류,4,19437000.0,4859250.0,2026-01-13 09:41:12,0.0020876826722338203,1.6061984827878384e-06,0.19736842105263158,0.706,17.16,제외,0.0
경기도,고양시,신도시/주거/교통,청소/환경미화,14,9234103060.0,659578790.0,2026-05-04 15:35:22,0.009046624913013222,0.0007630705522909161,0.7317073170731707,0.29,17.16,추천,5.9
세종특별자치시,세종시,전국 주요 지역,차량/운송,75,13295148780.0,177268650.4,2026-05-11 14:53:59,0.05149617258176757,0.00109865965935456,0.8823529411764706,0.092,17.16,추천,5.6
경상북도,의성군,전국 주요 지역,보험/금융,4,35897000.0,8974250.0,2026-04-01 14:49:57,0.0020876826722338203,2.9663892028931955e-06,0.4054054054054054,0.55,17.16,데이터부족,0.0
인천광역시,남동구,산업단지/주거,시설유지보수,56,17632538080.0,314866751.4285714,2026-05-08 13:35:24,0.038274182324286705,0.0014570847307606516,0.8108108108108107,0.171,17.15,추천,7.3
경기도,구리시,전국 주요 지역,보험/금융,10,2836974000.0,283697400.0,2026-05-11 09:11:26,0.006263048016701462,0.00023443655577036298,0.8823529411764706,0.183,17.15,추천,2.9
충청남도,충청남도,전국 주요 지역,IT장비/전산,93,37424031799.0,402408944.0752688,2026-05-11 14:15:06,0.06402226861517049,0.0030925772030332677,0.8823529411764706,0.063,17.13,추천,13.3
경기도,경기도,전국 주요 지역,인쇄/홍보물,98,36286759412.0,370273055.2244898,2026-05-12 14:57:55,0.0675017397355602,0.0029985974128127653,0.9090909090909091,0.036,17.13,추천,16.7
전라북도,전주시,전국 주요 지역,보험/금융,3,1108568650.0,369522883.3333333,2026-02-19 10:48:45,0.0013917884481558804,9.160782444287505e-05,0.2608695652173913,0.658,17.13,데이터부족,5.7
전라북도,진안군,전국 주요 지역,의료/복지용품,4,1848652000.0,462163000.0,2026-04-24 14:28:44,0.0020876826722338203,0.0001527654492772909,0.5882352941176471,0.411,17.13,데이터부족,23.2
서울특별시,영등포구,오피스/금융/교통,급수/전기/설비,3,1428996000.0,476332000.0,2025-10-28 18:24:36,0.0013917884481558804,0.00011808670098831559,0.13100436681222707,0.755,17.12,데이터부족,11.3
경상북도,칠곡군,전국 주요 지역,기타/미분류,3,121858411.0,40619470.333333336,2025-07-18 13:56:17,0.0013917884481558804,1.0069907643316193e-05,0.09063444108761329,0.785,17.12,제외,2.7
경기도,광명시,전국 주요 지역,전문용역/컨설팅,4,203600000.0,50900000.0,2026-01-29 11:43:12,0.0020876826722338203,1.6824716319164683e-05,0.22058823529411764,0.686,17.11,데이터부족,13.0
강원특별자치도,홍천군,전국 주요 지역,행사/운영용역,33,10165478000.0,308044787.8787879,2026-04-29 16:56:09,0.022268615170494086,0.0008400357740604594,0.6521739130434783,0.321,17.11,추천,9.2
대구광역시,달서구,주거/산업/신시가지,교육물품/교구,6,874576220.0,145762703.33333334,2026-04-09 09:26:50,0.003479471120389701,7.227159528972181e-05,0.45454545454545453,0.507,17.1,데이터부족,13.7
서울특별시,광진구,대학/강변/상업,교육물품/교구,5,745066000.0,149013200.0,2026-03-30 14:29:21,0.0027835768963117608,6.156937175370703e-05,0.39473684210526316,0.553,17.09,데이터부족,13.0
강원특별자치도,원주시,전국 주요 지역,IT장비/전산,95,21008582780.0,221142976.63157895,2026-05-11 14:47:42,0.06541405706332637,0.0017360680036404132,0.8823529411764706,0.059,17.08,추천,10.3
서울특별시,강남구,업무지구/고소득/IT,기타/미분류,6,645550000.0,107591666.66666667,2026-03-25 10:06:35,0.003479471120389701,5.334575451786228e-05,0.37037037037037035,0.569,17.08,제외,9.3
강원특별자치도,철원군,전국 주요 지역,폐기물/환경,89,14793176000.0,166215460.6741573,2026-04-30 17:23:37,0.061238691718858734,0.0012224508332980123,0.6666666666666666,0.23,17.08,제외,4.9
전라북도,군산시,전국 주요 지역,급수/전기/설비,26,8329399794.0,320361530.53846157,2026-05-13 11:12:07,0.017397355601948505,0.0006883093744742571,0.9375,0.115,17.08,추천,8.7
강원특별자치도,철원군,전국 주요 지역,건설/공사,59,21534187900.0,364986235.59322035,2026-05-07 09:59:48,0.04036186499652053,0.0017795019773137947,0.7894736842105263,0.179,17.08,제외,6.5
충청남도,금산군,전국 주요 지역,행사/운영용역,4,188000000.0,47000000.0,2024-10-23 09:17:40,0.0020876826722338203,1.5535592671920238e-05,0.05008347245409015,0.811,17.06,데이터부족,10.8
부산광역시,북구,대학/주거/상업,전문용역/컨설팅,3,561836000.0,187278666.66666666,2025-11-04 15:24:12,0.0013917884481558804,4.642795342777116e-05,0.13513513513513511,0.749,17.06,데이터부족,16.0
전라남도,진도군,전국 주요 지역,건설/공사,13,431343000.0,33180230.769230768,2026-02-25 13:55:02,0.008350730688935281,3.5644516754702606e-05,0.27522935779816515,0.63,17.06,제외,0.6
경기도,군포시,전국 주요 지역,의료/복지용품,2,195800000.0,97900000.0,2026-01-28 17:44:25,0.0006958942240779402,1.618015449554246e-05,0.21897810218978103,0.687,17.05,데이터부족,15.0
광주광역시,남구,대학/항만/주거,건설/공사,21,2192517140.0,104405578.09523809,2026-04-06 17:22:51,0.013917884481558803,0.0001811811341129974,0.4347826086956522,0.498,17.04,제외,10.9
경기도,하남시,전국 주요 지역,시설유지보수,15,1787687940.0,119179196.0,2025-11-25 09:18:52,0.009742519137091163,0.00014772761521459672,0.14925373134328357,0.72,17.03,추천,6.6
대구광역시,서구,신도시/항만/산업,건설/공사,11,378638000.0,34421636.36363637,2026-01-26 14:40:38,0.006958942240779402,3.1289179458034755e-05,0.21582733812949642,0.675,17.02,제외,7.0
전라북도,완주군,전국 주요 지역,방역/소독,2,166342000.0,83171000.0,2025-12-11 16:17:56,0.0006958942240779402,1.3745859341662531e-05,0.16216216216216214,0.728,17.02,데이터부족,5.0
충청남도,예산군,전국 주요 지역,차량/운송,3,105439100.0,35146366.666666664,2025-08-28 10:18:00,0.0013917884481558804,8.713079304754601e-06,0.10344827586206898,0.77,17.01,데이터부족,0.0
서울특별시,강동구,주거/강변/문화,행사/운영용역,25,5932438000.0,237297520.0,2026-04-21 13:06:54,0.016701461377870562,0.000490233725103304,0.5555555555555556,0.4,17.01,추천,39.8
광주광역시,남구,대학/항만/주거,행사/운영용역,26,2139596450.0,82292171.15384616,2026-04-23 17:54:56,0.017397355601948505,0.0001768079730291838,0.5769230769230769,0.383,17.01,추천,18.9
강원특별자치도,화천군,전국 주요 지역,건설/공사,44,14914389330.0,338963393.8636364,2026-05-04 13:01:14,0.029923451635351428,0.0012324674339431563,0.7317073170731707,0.24,17.0,제외,11.8
강원특별자치도,속초시,전국 주요 지역,조경/녹지관리,19,2127223000.0,111959105.26315789,2026-05-11 17:08:26,0.012526096033402923,0.0001757854789911712,0.8823529411764706,0.163,17.0,추천,5.8
경상남도,경상남도,전국 주요 지역,교육물품/교구,17,4422953160.0,260173715.29411766,2026-05-07 15:10:20,0.011134307585247043,0.00036549573776990666,0.7894736842105263,0.235,17.0,추천,16.5
경상북도,경상북도,전국 주요 지역,인쇄/홍보물,65,36780545617.0,565854547.9538461,2026-05-13 09:02:17,0.04453723034098817,0.0030394019944504956,0.9375,0.054,17.0,추천,10.1
전라남도,목포시,전국 주요 지역,보험/금융,4,16412000.0,4103000.0,2026-03-30 16:11:06,0.0020876826722338203,1.3562241858061433e-06,0.39473684210526316,0.55,17.0,데이터부족,0.5
부산광역시,영도구,전국 주요 지역,급수/전기/설비,3,223812000.0,74604000.0,2025-10-13 08:13:05,0.0013917884481558804,1.8494957803658573e-05,0.12295081967213116,0.755,17.0,데이터부족,5.3
경기도,여주시,전국 주요 지역,청소/환경미화,8,438402554.0,54800319.25,2026-04-07 14:41:36,0.0048712595685455815,3.622789098549742e-05,0.4411764705882353,0.509,16.99,데이터부족,7.9
강원특별자치도,횡성군,전국 주요 지역,전문용역/컨설팅,24,7642477000.0,318436541.6666667,2026-05-11 13:25:32,0.016005567153792623,0.0006315447323219093,0.8823529411764706,0.155,16.99,추천,19.4
서울특별시,강북구,주거/서민/교육,행사/운영용역,21,3054550000.0,145454761.9047619,2026-04-13 16:43:51,0.013917884481558803,0.0002524161946596487,0.48387096774193555,0.458,16.98,추천,9.1
강원특별자치도,횡성군,전국 주요 지역,행사/운영용역,21,2000368320.0,95255634.28571428,2026-04-13 18:04:47,0.013917884481558803,0.00016530269900709253,0.48387096774193555,0.458,16.98,추천,11.1
경상북도,성주군,전국 주요 지역,행사/운영용역,4,826112000.0,206528000.0,2024-07-23 15:18:39,0.0020876826722338203,6.826669964566687e-05,0.04341534008683068,0.811,16.96,데이터부족,11.2
경기도,오산시,전국 주요 지역,기타/미분류,4,108000000.0,27000000.0,2026-01-02 10:27:26,0.0020876826722338203,8.924702173230774e-06,0.18404907975460122,0.706,16.96,제외,0.0
부산광역시,기장군,농어촌/관광/신도시,전문용역/컨설팅,7,2110000000.0,301428571.4285714,2026-04-02 10:42:54,0.0041753653444676405,0.00017436223690293456,0.410958904109589,0.531,16.96,데이터부족,17.7
경기도,시흥시,전국 주요 지역,기타/미분류,3,637190000.0,212396666.66666666,2025-06-02 18:21:20,0.0013917884481558804,5.265491646074923e-05,0.07957559681697612,0.785,16.95,제외,6.0
대구광역시,군위군,전국 주요 지역,행사/운영용역,10,847936240.0,84793624.0,2026-01-27 11:42:52,0.006263048016701462,7.007017040638084e-05,0.2173913043478261,0.672,16.95,추천,9.2
대구광역시,달서구,주거/산업/신시가지,급식/식자재,2,106738000.0,53369000.0,2026-02-20 13:37:41,0.0006958942240779402,8.820415375613947e-06,0.2631578947368421,0.648,16.94,데이터부족,4.0
충청북도,충주시,전국 주요 지역,전문용역/컨설팅,3,636347000.0,212115666.66666666,2025-10-21 11:38:30,0.0013917884481558804,5.2585254202119294e-05,0.1271186440677966,0.749,16.94,데이터부족,20.7
강원특별자치도,인제군,전국 주요 지역,차량/운송,36,2425573890.0,67377052.5,2026-05-06 16:26:35,0.024356297842727904,0.000200440042290878,0.7692307692307692,0.221,16.94,추천,6.1
전라남도,목포시,전국 주요 지역,기타/미분류,3,28788000.0,9596000.0,2025-05-28 10:41:56,0.0013917884481558804,2.378928945953403e-06,0.07853403141361257,0.785,16.93,제외,0.0
인천광역시,동구,전국 주요 지역,시설유지보수,17,2058182700.0,121069570.58823529,2026-01-28 10:20:13,0.011134307585247043,0.0001700802556999628,0.21897810218978103,0.66,16.93,추천,6.8
서울특별시,강서구,공항/산업단지/주거,조경/녹지관리,2,515460000.0,257730000.0,2024-11-01 16:38:26,0.0006958942240779402,4.259562020568088e-05,0.05084745762711864,0.806,16.91,데이터부족,10.0
강원특별자치도,영월군,전국 주요 지역,전문용역/컨설팅,15,2736587000.0,182439133.33333334,2026-05-06 14:59:48,0.009742519137091163,0.00022614096246421374,0.7692307692307692,0.249,16.91,추천,12.0
경상남도,밀양시,전국 주요 지역,건설/공사,9,225913600.0,25101511.111111112,2025-11-11 15:49:42,0.0055671537926235215,1.8668625897059148e-05,0.13953488372093023,0.729,16.9,제외,0.6
대구광역시,달서구,주거/산업/신시가지,건설/공사,12,3852932000.0,321077666.6666667,2026-02-05 13:50:43,0.007654836464857342,0.00031839139438620735,0.23255813953488372,0.655,16.9,제외,9.4
전라남도,영암군,전국 주요 지역,IT장비/전산,7,117024110.0,16717730.0,2026-01-29 14:02:14,0.0041753653444676405,9.67041971145738e-06,0.22058823529411764,0.671,16.9,데이터부족,0.7
인천광역시,인천광역시,전국 주요 지역,조경/녹지관리,93,27943189860.0,300464407.0967742,2026-05-13 16:39:23,0.06402226861517049,0.0023091171043568715,0.9375,0.011,16.9,추천,10.3
강원특별자치도,철원군,전국 주요 지역,의료/복지용품,7,312930000.0,44704285.71428572,2026-05-07 10:14:53,0.0041753653444676405,2.5859324546936168e-05,0.7894736842105263,0.244,16.89,데이터부족,7.0
경상북도,영양군,전국 주요 지역,보험/금융,2,7030000.0,3515000.0,2025-07-28 17:14:54,0.0006958942240779402,5.809320025723365e-07,0.09345794392523366,0.773,16.89,데이터부족,0.0
경상남도,진주시,전국 주요 지역,건설/공사,60,1763838000.0,29397300.0,2026-05-07 16:36:41,0.04105775922059847,0.0001457567484428428,0.7894736842105263,0.17,16.89,제외,1.6
인천광역시,옹진군,전국 주요 지역,기타/미분류,26,8120567710.0,312329527.3076923,2026-05-12 18:08:59,0.017397355601948505,0.0006710522989750431,0.9090909090909091,0.127,16.89,제외,6.5
대구광역시,중구,도심/관광/명동,급수/전기/설비,3,465000000.0,155000000.0,2025-09-26 18:15:51,0.0013917884481558804,3.84258010236325e-05,0.1149425287356322,0.755,16.88,데이터부족,22.0
경기도,군포시,전국 주요 지역,차량/운송,9,376416600.0,41824066.666666664,2026-04-06 14:05:13,0.0055671537926235215,3.11056115561124e-05,0.4347826086956522,0.506,16.87,데이터부족,5.8
경상북도,영주시,전국 주요 지역,건설/공사,12,573056600.0,47754716.666666664,2026-02-04 09:40:22,0.007654836464857342,4.7355180401891094e-05,0.23076923076923073,0.655,16.87,제외,4.2
경상남도,함양군,전국 주요 지역,조경/녹지관리,2,102029000.0,51014500.0,2024-09-24 13:36:13,0.0006958942240779402,8.431281833634839e-06,0.04777070063694267,0.806,16.86,데이터부족,1.0
강원특별자치도,삼척시,전국 주요 지역,급식/식자재,6,624335000.0,104055833.33333333,2026-04-27 09:56:31,0.003479471120389701,5.159262899374107e-05,0.625,0.367,16.86,데이터부족,9.3
전라남도,여수시,전국 주요 지역,시설유지보수,27,1285646280.0,47616528.88888889,2026-04-13 13:37:54,0.018093249826026444,0.00010624083471409315,0.48387096774193555,0.444,16.86,추천,3.3
울산광역시,중구,도심/관광/명동,행사/운영용역,11,1003554800.0,91232254.54545455,2026-02-09 18:12:11,0.006958942240779402,8.292988615292755e-05,0.24000000000000005,0.649,16.86,추천,11.1
서울특별시,송파구,가족주거/대형상권/복합문화,조경/녹지관리,2,807186700.0,403593350.0,2024-09-19 18:21:50,0.0006958942240779402,6.670278607123127e-05,0.04739336492890995,0.806,16.86,데이터부족,5.0
전라남도,담양군,전국 주요 지역,기타/미분류,3,39730000.0,13243333.333333334,2025-04-28 09:29:28,0.0013917884481558804,3.283133493911654e-06,0.07281553398058253,0.785,16.85,제외,0.0
충청남도,천안시,전국 주요 지역,기타/미분류,3,210733000.0,70244333.33333333,2025-04-23 17:33:22,0.0013917884481558804,1.741415984325408e-05,0.07194244604316546,0.785,16.84,제외,14.7
경기도,이천시,전국 주요 지역,인쇄/홍보물,18,925795090.0,51433060.55555555,2026-05-14 09:45:16,0.011830201809324982,7.650412455267945e-05,0.9677419354838709,0.092,16.83,추천,3.7
충청북도,청주시,전국 주요 지역,급수/전기/설비,3,132882400.0,44294133.333333336,2025-09-18 18:34:07,0.0013917884481558804,1.0980887445038157e-05,0.11152416356877323,0.755,16.83,데이터부족,11.0
부산광역시,부산진구,상업/교통/중심가,차량/운송,11,639550550.0,58140959.09090909,2026-04-17 14:07:54,0.006958942240779402,5.284998318033275e-05,0.5172413793103449,0.439,16.82,추천,7.1
경상북도,경상북도,전국 주요 지역,보험/금융,3,163215620.0,54405206.666666664,2026-02-09 10:17:06,0.0013917884481558804,1.3487507393696372e-05,0.24000000000000005,0.658,16.82,데이터부족,4.7
서울특별시,영등포구,오피스/금융/교통,조경/녹지관리,2,240000000.0,120000000.0,2024-08-12 15:57:46,0.0006958942240779402,1.9832671496068388e-05,0.044709388971684055,0.806,16.82,데이터부족,7.0
전라북도,남원시,전국 주요 지역,IT장비/전산,66,25263403242.0,382778837.0,2026-05-11 21:25:47,0.04523312456506611,0.0020876699057137296,0.8823529411764706,0.086,16.82,추천,8.5
강원특별자치도,강원특별자치도,전국 주요 지역,전문용역/컨설팅,86,15923023693.0,185151438.29069766,2026-05-12 17:49:45,0.05915100904662491,0.001315817075530761,0.9090909090909091,0.039,16.82,추천,11.4
충청북도,영동군,전국 주요 지역,IT장비/전산,5,211820000.0,42364000.0,2025-08-21 10:49:11,0.0027835768963117608,1.7503985317905024e-05,0.10101010101010101,0.759,16.81,데이터부족,2.6
전라북도,순창군,전국 주요 지역,행사/운영용역,27,6322857920.0,234179922.96296296,2026-04-23 14:52:15,0.018093249826026444,0.0005224965168486427,0.5769230769230769,0.371,16.81,추천,13.1
충청북도,충청북도,전국 주요 지역,급수/전기/설비,13,903694800.0,69514984.61538461,2026-05-04 15:54:10,0.008350730688935281,7.467784208793842e-05,0.7317073170731707,0.275,16.81,추천,4.5
서울특별시,성북구,대학/문화/주거,교육물품/교구,2,262220000.0,131110000.0,2024-12-09 17:16:32,0.0006958942240779402,2.1668846332079386e-05,0.05434782608695653,0.798,16.8,데이터부족,7.0
전라남도,화순군,전국 주요 지역,기타/미분류,3,84150000.0,28050000.0,2025-04-04 13:28:32,0.0013917884481558804,6.953830443308978e-06,0.06880733944954129,0.785,16.79,제외,5.0
서울특별시,동작구,대학/주거/공원,건설/공사,8,20940035517.0,2617504439.625,2025-05-08 09:50:40,0.0048712595685455815,0.0017304035230194398,0.07462686567164178,0.771,16.78,제외,10.9
서울특별시,중구,도심/관광/명동,교육물품/교구,2,143970000.0,71985000.0,2024-11-18 10:31:49,0.0006958942240779402,1.1897123813704023e-05,0.05235602094240837,0.798,16.77,데이터부족,11.0
서울특별시,금천구,제조/산업단지/중소기업,교육물품/교구,2,265273000.0,132636500.0,2024-11-18 09:04:35,0.0006958942240779402,2.1921134440735622e-05,0.05235602094240837,0.798,16.77,데이터부족,9.0
부산광역시,사상구,공단/제조/교통,시설유지보수,15,925986000.0,61732400.0,2025-10-29 14:46:38,0.009742519137091163,7.651990061649325e-05,0.13157894736842105,0.72,16.77,추천,6.4
충청북도,보은군,전국 주요 지역,시설유지보수,17,197934000.0,11643176.470588235,2026-01-21 13:47:29,0.011134307585247043,1.6356499999595e-05,0.20833333333333334,0.66,16.77,추천,0.0
제주특별자치도,제주시,전국 주요 지역,경비/보안,57,8727338342.0,153111198.98245615,2026-05-14 15:36:00,0.03897007654836465,0.0007211934765497006,0.9677419354838709,0.034,16.77,추천,6.6
서울특별시,강동구,주거/강변/문화,건설/공사,7,4704163043.0,672023291.8571428,2024-06-25 16:55:53,0.0041753653444676405,0.0003887338345656851,0.04172461752433936,0.798,16.76,제외,12.1
대구광역시,북구,대학/주거/상업,기타/미분류,11,1927891440.0,175262858.1818182,2026-04-29 13:25:03,0.006958942240779402,0.00015931349004000931,0.6521739130434783,0.335,16.76,제외,7.5
대전광역시,서구,신도시/항만/산업,청소/환경미화,9,4615647000.0,512849666.6666667,2026-04-13 13:42:10,0.0055671537926235215,0.0003814192112200565,0.48387096774193555,0.463,16.75,데이터부족,4.9
강원특별자치도,화천군,전국 주요 지역,급수/전기/설비,14,4512432220.0,322316587.14285713,2026-05-06 11:55:33,0.009046624913013222,0.0003728899411147275,0.7692307692307692,0.242,16.75,추천,6.9
서울특별시,강서구,공항/산업단지/주거,IT장비/전산,7,2622553300.0,374650471.4285714,2026-01-22 13:52:22,0.0041753653444676405,0.0002167176586659587,0.2097902097902098,0.671,16.74,데이터부족,15.9
인천광역시,연수구,신도시/IT/주거,전문용역/컨설팅,8,452214900.0,56526862.5,2026-04-09 14:36:10,0.0048712595685455815,3.7369289822197567e-05,0.45454545454545453,0.486,16.73,데이터부족,5.5
인천광역시,옹진군,전국 주요 지역,보험/금융,3,226039360.0,75346453.33333333,2026-02-06 15:46:47,0.0013917884481558804,1.8679018216923086e-05,0.234375,0.658,16.73,데이터부족,5.0
울산광역시,남구,대학/항만/주거,폐기물/환경,98,45765266130.0,466992511.53061223,2026-04-29 19:18:32,0.0675017397355602,0.0037818645378601455,0.6521739130434783,0.207,16.72,제외,5.5
강원특별자치도,횡성군,전국 주요 지역,보험/금융,3,544000000.0,181333333.33333334,2026-02-05 16:31:26,0.0013917884481558804,4.4954055391088346e-05,0.23255813953488372,0.658,16.71,데이터부족,7.0
울산광역시,중구,도심/관광/명동,기타/미분류,4,918173000.0,229543250.0,2025-12-15 12:33:59,0.0020876826722338203,7.5874264523165e-05,0.16574585635359115,0.706,16.69,제외,12.2
전라북도,무주군,전국 주요 지역,보험/금융,5,1085808410.0,217161682.0,2026-04-17 13:20:42,0.0027835768963117608,8.97270062633264e-05,0.5172413793103449,0.441,16.69,데이터부족,6.4
강원특별자치도,원주시,전국 주요 지역,전문용역/컨설팅,34,8894008020.0,261588471.17647058,2026-05-12 17:44:32,0.022964509394572025,0.0007349664139335735,0.9090909090909091,0.106,16.69,추천,10.6
대전광역시,동구,전국 주요 지역,교육물품/교구,3,191016000.0,63672000.0,2025-12-08 19:21:47,0.0013917884481558804,1.578482324372083e-05,0.1595744680851064,0.712,16.69,데이터부족,3.7
강원특별자치도,춘천시,전국 주요 지역,건설/공사,63,29401904001.0,466696888.9047619,2026-05-07 09:02:33,0.04314544189283229,0.0024296595975448823,0.7894736842105263,0.152,16.67,제외,17.1
광주광역시,서구,신도시/항만/산업,차량/운송,6,301342980.0,50223830.0,2026-02-20 15:11:53,0.003479471120389701,2.4901818041609608e-05,0.2631578947368421,0.629,16.67,데이터부족,5.0
전라남도,여수시,전국 주요 지역,보험/금융,2,2112000.0,1056000.0,2025-05-28 17:33:11,0.0006958942240779402,1.745275091654018e-07,0.07853403141361257,0.773,16.67,데이터부족,0.0
충청북도,보은군,전국 주요 지역,급수/전기/설비,3,22267800.0,7422600.0,2025-08-18 10:29:22,0.0013917884481558804,1.840124843083965e-06,0.1,0.755,16.66,데이터부족,0.0
전라남도,여수시,전국 주요 지역,급수/전기/설비,7,58837000.0,8405285.714285715,2026-04-14 15:20:57,0.0041753653444676405,4.862062053392399e-06,0.49180327868852464,0.456,16.66,데이터부족,0.0
경기도,파주시,출판/DMZ/신도시,건설/공사,9,422617930.0,46957547.777777776,2025-10-15 17:52:20,0.0055671537926235215,3.4923510725160105e-05,0.12396694214876033,0.729,16.66,제외,3.4
강원특별자치도,홍천군,전국 주요 지역,기타/미분류,29,3112743410.0,107335979.65517241,2026-05-12 14:59:36,0.019485038274182326,0.00025722507292534044,0.9090909090909091,0.112,16.66,제외,7.1
경기도,군포시,전국 주요 지역,교육물품/교구,2,208165600.0,104082800.0,2024-07-31 11:00:28,0.0006958942240779402,1.720199983992489e-05,0.043923865300146414,0.798,16.65,데이터부족,27.0
부산광역시,수영구,해변/문화/청년,교육물품/교구,3,283086600.0,94362200.0,2025-12-04 17:08:02,0.0013917884481558804,2.3393181428078803e-05,0.15625,0.712,16.64,데이터부족,10.7
인천광역시,부평구,주거/상업/교통,교육물품/교구,24,24575693637.0,1023987234.875,2026-05-08 10:08:18,0.016005567153792623,0.0020308402445443296,0.8108108108108107,0.189,16.63,추천,14.2
경상북도,의성군,전국 주요 지역,급수/전기/설비,8,258006000.0,32250750.0,2026-04-20 18:15:34,0.0048712595685455815,2.132061767506092e-05,0.5454545454545454,0.412,16.62,데이터부족,1.0
부산광역시,강서구,공항/산업단지/주거,폐기물/환경,105,161707106520.0,1540067681.142857,2026-04-28 17:36:38,0.07237299930410578,0.01336284967579541,0.6382978723404256,0.191,16.62,제외,9.8
경상남도,진주시,전국 주요 지역,청소/환경미화,3,954222170.0,318074056.6666667,2025-08-07 10:48:43,0.0013917884481558804,7.885322846614802e-05,0.09646302250803858,0.756,16.62,데이터부족,4.7
인천광역시,동구,전국 주요 지역,교육물품/교구,2,2443540000.0,1221770000.0,2024-06-26 18:34:58,0.0006958942240779402,0.00020192469211459562,0.04178272980501393,0.798,16.62,데이터부족,6.5
대구광역시,달성군,농촌/산업단지,청소/환경미화,12,2250113280.0,187509440.0,2026-04-28 16:18:08,0.007654836464857342,0.00018594065629658728,0.6382978723404256,0.336,16.61,추천,5.2
충청남도,충청남도,전국 주요 지역,차량/운송,45,6192207121.0,137604602.68888888,2026-05-06 10:50:33,0.030619345859429367,0.0005117000402767016,0.7692307692307692,0.19,16.58,추천,6.8
서울특별시,성동구,성수/브랜드/라이프스타일,시설유지보수,14,7099973540.0,507140967.14285713,2025-04-22 15:19:39,0.009046624913013222,0.0005867143452066573,0.07177033492822966,0.756,16.57,추천,14.3
강원특별자치도,강릉시,전국 주요 지역,폐기물/환경,207,152929501510.0,738789862.3671497,2026-04-27 17:50:41,0.14335421016005567,0.012637502356272185,0.625,0.057,16.57,제외,5.9
서울특별시,중구,도심/관광/명동,기타/미분류,3,392508000.0,130836000.0,2024-12-02 10:10:22,0.0013917884481558804,3.2435342598245045e-05,0.053667262969588556,0.785,16.56,제외,7.3
서울특별시,은평구,주거/문화/뉴타운,기타/미분류,3,844378000.0,281459333.3333333,2024-11-28 10:55:50,0.0013917884481558804,6.977613121878014e-05,0.05328596802841919,0.785,16.56,제외,16.3
충청남도,서산시,전국 주요 지역,청소/환경미화,3,18000000.0,6000000.0,2025-07-24 10:58:41,0.0013917884481558804,1.487450362205129e-06,0.0923076923076923,0.756,16.56,데이터부족,0.3
충청남도,공주시,전국 주요 지역,전문용역/컨설팅,9,523600000.0,58177777.777777776,2026-04-14 14:43:34,0.0055671537926235215,4.326827831392253e-05,0.49180327868852464,0.447,16.54,데이터부족,1.3
제주특별자치도,제주시,전국 주요 지역,의료/복지용품,62,4727551360.0,76250828.38709678,2026-05-14 17:16:38,0.04244954766875435,0.00039066655459863055,0.9677419354838709,0.016,16.54,추천,7.9
경기도,파주시,출판/DMZ/신도시,보험/금융,3,1643000000.0,547666666.6666666,2026-01-29 15:17:18,0.0013917884481558804,0.00013577116361683484,0.22058823529411764,0.658,16.53,데이터부족,5.3
강원특별자치도,정선군,전국 주요 지역,건설/공사,21,6589936300.0,313806490.47619045,2026-03-31 09:40:15,0.013917884481558803,0.0005445668409079849,0.4,0.498,16.53,제외,16.0
경상북도,경상북도,전국 주요 지역,시설유지보수,113,5682435667.0,50287041.300884955,2026-05-08 14:58:34,0.0779401530967293,0.0004695744995048052,0.8108108108108107,0.062,16.53,추천,4.8
경기도,포천시,전국 주요 지역,행사/운영용역,38,4689329530.0,123403408.68421052,2026-04-30 10:23:52,0.025748086290883786,0.0003875080504387615,0.6666666666666666,0.274,16.52,추천,9.3
울산광역시,울산광역시,전국 주요 지역,경비/보안,56,11852442211.0,211650753.76785713,2026-05-13 13:14:58,0.038274182324286705,0.0009794399699870728,0.9375,0.045,16.52,추천,7.9
대구광역시,달성군,농촌/산업단지,IT장비/전산,33,3857437564.0,116892047.39393939,2026-05-08 16:32:26,0.022268615170494086,0.0003187637167641928,0.8108108108108107,0.173,16.52,추천,10.4
서울특별시,송파구,가족주거/대형상권/복합문화,기타/미분류,3,7198000000.0,2399333333.3333335,2024-10-18 13:29:57,0.0013917884481558804,0.0005948148726195844,0.049668874172185434,0.785,16.52,제외,31.7
전라남도,구례군,전국 주요 지역,건설/공사,14,1006682000.0,71905857.14285715,2026-02-25 14:08:59,0.009046624913013222,8.318830586252132e-05,0.27522935779816515,0.601,16.51,제외,2.8
서울특별시,영등포구,오피스/금융/교통,행사/운영용역,8,635000000.0,79375000.0,2025-10-20 11:01:37,0.0048712595685455815,5.2473943333347604e-05,0.12658227848101264,0.721,16.51,데이터부족,11.6
부산광역시,영도구,전국 주요 지역,전문용역/컨설팅,3,140310000.0,46770000.0,2025-08-11 16:14:09,0.0013917884481558804,1.159467557338898e-05,0.09771986970684039,0.749,16.5,데이터부족,7.3
서울특별시,송파구,가족주거/대형상권/복합문화,폐기물/환경,17,8744303000.0,514370764.7058824,2024-12-13 17:25:43,0.011134307585247043,0.0007225953702545221,0.05474452554744526,0.761,16.5,제외,10.6
경기도,김포시,신도시/공항/주거,보험/금융,2,1307048280.0,653524140.0,2025-03-26 08:50:11,0.0006958942240779402,0.00010800941319475505,0.06741573033707865,0.773,16.5,데이터부족,6.0
경기도,광명시,전국 주요 지역,보험/금융,3,875342590.0,291780863.3333333,2026-01-27 17:54:58,0.0013917884481558804,7.233492514161532e-05,0.2173913043478261,0.658,16.48,데이터부족,8.7
제주특별자치도,제주시,전국 주요 지역,급식/식자재,66,9262905827.0,140347057.9848485,2026-05-12 14:43:53,0.04523312456506611,0.0007654507015246194,0.9090909090909091,0.051,16.48,추천,11.1
경기도,화성시,산업단지/신도시,급수/전기/설비,3,98723000.0,32907666.666666668,2025-07-08 10:31:28,0.0013917884481558804,8.158086783776497e-06,0.0879765395894428,0.755,16.48,데이터부족,5.7
서울특별시,관악구,청년/자취생/대학가,폐기물/환경,38,142720168680.0,3755793912.631579,2026-03-09 10:08:35,0.025748086290883786,0.011793842588724616,0.30927835051546393,0.526,16.48,제외,8.9
인천광역시,부평구,주거/상업/교통,급수/전기/설비,33,22403809306.0,678903312.3030303,2026-05-13 15:18:40,0.022268615170494086,0.0018513641259435745,0.9375,0.074,16.48,추천,14.4
전라북도,장수군,전국 주요 지역,인쇄/홍보물,2,6823065000.0,3411532500.0,2025-06-19 18:19:30,0.0006958942240779402,0.0005638316947555077,0.08333333333333333,0.759,16.47,데이터부족,45.0
강원특별자치도,양양군,전국 주요 지역,조경/녹지관리,7,182396000.0,26056571.42857143,2026-04-13 13:32:33,0.0041753653444676405,1.507249979248704e-05,0.48387096774193555,0.452,16.47,데이터부족,6.0
경기도,군포시,전국 주요 지역,보험/금융,3,1213984640.0,404661546.6666667,2026-01-26 15:33:52,0.0013917884481558804,0.00010031899402663684,0.21582733812949642,0.658,16.46,데이터부족,8.0
강원특별자치도,원주시,전국 주요 지역,조경/녹지관리,39,1696778360.0,43507137.43589743,2026-05-13 13:58:41,0.026443980514961725,0.0001402151992313236,0.9375,0.067,16.46,추천,4.9
광주광역시,서구,신도시/항만/산업,건설/공사,14,8529320001.0,609237142.9285715,2026-02-23 08:22:19,0.009046624913013222,0.0007048300069361612,0.27027027027027023,0.601,16.45,제외,12.5
충청북도,충청북도,전국 주요 지역,기타/미분류,46,7141278380.0,155245182.17391303,2026-05-12 13:42:40,0.031315240083507306,0.0005901276173854809,0.9090909090909091,0.077,16.44,제외,8.9
부산광역시,부산진구,상업/교통/중심가,폐기물/환경,63,45206399540.0,717561897.4603175,2026-04-17 13:30:43,0.04314544189283229,0.003735681964986821,0.5172413793103449,0.343,16.44,제외,5.5
충청북도,괴산군,전국 주요 지역,IT장비/전산,6,2543862000.0,423977000.0,2025-10-28 17:43:21,0.003479471120389701,0.00021021491407221467,0.13100436681222707,0.716,16.43,데이터부족,12.3
서울특별시,종로구,공공기관/전통상권/관광,기타/미분류,3,320071000.0,106690333.33333333,2024-08-16 17:19:38,0.0013917884481558804,2.6449429160075435e-05,0.04497751124437781,0.785,16.43,제외,8.3
인천광역시,남동구,산업단지/주거,전문용역/컨설팅,3,329740000.0,109913333.33333333,2025-07-25 10:45:12,0.0013917884481558804,2.7248437912973293e-05,0.09259259259259259,0.749,16.43,데이터부족,10.3
부산광역시,금정구,대학/주거/산,행사/운영용역,25,2653711006.0,106148440.24,2026-04-17 15:58:00,0.016701461377870562,0.00021929241094791318,0.5172413793103449,0.4,16.43,추천,13.5
서울특별시,강남구,업무지구/고소득/IT,보험/금융,5,1108540804.0,221708160.8,2026-04-15 08:47:30,0.0027835768963117608,9.160552335716472e-05,0.5,0.441,16.43,데이터부족,5.8
전라북도,임실군,전국 주요 지역,인쇄/홍보물,2,248822000.0,124411000.0,2025-06-10 17:19:24,0.0006958942240779402,2.0561687445811368e-05,0.08130081300813008,0.759,16.43,데이터부족,9.5
인천광역시,미추홀구,전국 주요 지역,기타/미분류,5,110000111.0,22000022.2,2026-02-05 17:52:50,0.0027835768963117608,9.089983608308578e-06,0.23255813953488372,0.641,16.42,제외,5.2
대구광역시,군위군,전국 주요 지역,청소/환경미화,3,135000000.0,45000000.0,2025-06-16 10:34:50,0.0013917884481558804,1.1155877716538468e-05,0.08264462809917356,0.756,16.42,데이터부족,5.3
경기도,가평군,전국 주요 지역,전문용역/컨설팅,3,460000000.0,153333333.33333334,2025-07-24 13:22:17,0.0013917884481558804,3.801262036746441e-05,0.0923076923076923,0.749,16.42,데이터부족,10.3
서울특별시,구로구,산업/디지털/제조,건설/공사,8,10641636000.0,1330204500.0,2024-11-12 17:50:46,0.0048712595685455815,0.0008793836290363967,0.05181347150259067,0.771,16.41,제외,16.5
충청북도,제천시,전국 주요 지역,청소/환경미화,3,84692520.0,28230840.0,2025-06-13 19:11:51,0.0013917884481558804,6.9986621972258406e-06,0.0819672131147541,0.756,16.41,데이터부족,4.3
대구광역시,대구광역시,전국 주요 지역,사무용품/소모품,1,76340000.0,76340000.0,2026-01-26 17:49:52,0.0,6.308442258374419e-06,0.21582733812949642,0.658,16.4,데이터부족,0.0
경상남도,통영시,전국 주요 지역,건설/공사,74,4589021000.0,62013797.2972973,2026-05-07 14:05:11,0.05080027835768963,0.0003792189415898302,0.7894736842105263,0.126,16.4,제외,5.5
인천광역시,인천광역시,전국 주요 지역,급식/식자재,137,22014218613.0,160687727.10218978,2026-05-08 11:25:21,0.09464161447459986,0.00181916985830943,0.8108108108108107,0.02,16.39,추천,8.9
경기도,가평군,전국 주요 지역,급수/전기/설비,4,256231380.0,64057845.0,2026-01-28 13:05:56,0.0020876826722338203,2.1173969943851113e-05,0.21897810218978103,0.651,16.39,데이터부족,4.0
인천광역시,동구,전국 주요 지역,IT장비/전산,8,3118329000.0,389791125.0,2026-02-10 17:40:17,0.0048712595685455815,0.00025768664447359767,0.24193548387096778,0.628,16.39,데이터부족,10.4
인천광역시,남동구,산업단지/주거,행사/운영용역,23,3242305000.0,140969782.60869566,2026-04-13 17:56:58,0.015309672929714684,0.0002679315414794167,0.48387096774193555,0.425,16.38,추천,11.5
대구광역시,대구광역시,전국 주요 지역,전문용역/컨설팅,127,15077340985.0,118719220.3543307,2026-05-08 14:56:50,0.08768267223382047,0.0012459331282904714,0.8108108108108107,0.034,16.38,추천,11.6
서울특별시,송파구,가족주거/대형상권/복합문화,시설유지보수,33,9129656000.0,276656242.42424244,2026-04-20 16:30:10,0.022268615170494086,0.0007544394513337905,0.5454545454545454,0.364,16.37,추천,88278.7
충청남도,공주시,전국 주요 지역,인쇄/홍보물,2,21900000.0,10950000.0,2025-05-21 10:08:51,0.0006958942240779402,1.8097312740162403e-06,0.07712082262210797,0.759,16.36,데이터부족,0.0
전라남도,장성군,전국 주요 지역,IT장비/전산,5,4363648000.0,872729600.0,2025-04-15 10:27:48,0.0027835768963117608,0.00036059498878531594,0.07058823529411765,0.759,16.36,데이터부족,13.2
서울특별시,영등포구,오피스/금융/교통,기타/미분류,3,103200000.0,34400000.0,2024-05-14 17:47:16,0.0013917884481558804,8.528048743309406e-06,0.03942181340341656,0.785,16.35,제외,5.0
광주광역시,광산구,전국 주요 지역,청소/환경미화,4,129000000.0,32250000.0,2025-12-12 15:02:44,0.0020876826722338203,1.0660060929136758e-05,0.16304347826086957,0.691,16.35,데이터부족,4.2
서울특별시,동대문구,전통시장/패션/대학,인쇄/홍보물,4,2487790000.0,621947500.0,2026-03-13 14:32:32,0.0020876826722338203,0.00020558134092168323,0.3225806451612903,0.571,16.35,데이터부족,12.2
부산광역시,해운대구,관광/해변/고소득,급수/전기/설비,29,855150000.0,29487931.03448276,2026-05-12 19:50:11,0.019485038274182326,7.066628762442867e-05,0.9090909090909091,0.096,16.34,추천,4.9
부산광역시,사상구,공단/제조/교통,행사/운영용역,21,2412660000.0,114888571.42857143,2026-04-07 15:53:23,0.013917884481558803,0.00019937288838210149,0.4411764705882353,0.458,16.34,추천,17.4
부산광역시,부산진구,상업/교통/중심가,보험/금융,3,900000000.0,300000000.0,2026-01-21 10:08:18,0.0013917884481558804,7.437251811025645e-05,0.20833333333333334,0.658,16.34,데이터부족,5.7
경상남도,경상남도,전국 주요 지역,건설/공사,143,59785894998.0,418083181.8041958,2026-05-06 17:22:19,0.09881697981906751,0.00494047506497405,0.7692307692307692,0.036,16.33,제외,5.3
경기도,안산시,외국인/공단/주거,보험/금융,2,4924301940.0,2462150970.0,2024-12-21 02:49:33,0.0006958942240779402,0.0004069252613478011,0.05555555555555555,0.773,16.33,데이터부족,3.0
경기도,의왕시,전국 주요 지역,전문용역/컨설팅,3,120113000.0,40037666.666666664,2025-06-30 15:18:03,0.0013917884481558804,9.925673630863592e-06,0.08595988538681949,0.749,16.33,데이터부족,7.7
부산광역시,부산광역시,전국 주요 지역,조경/녹지관리,74,45920565572.0,620548183.4054054,2026-05-12 11:36:25,0.05080027835768963,0.0037946978829297654,0.9090909090909091,0.028,16.32,추천,10.2
서울특별시,구로구,산업/디지털/제조,보험/금융,2,1481856880.0,740928440.0,2024-12-17 13:32:30,0.0006958942240779402,0.00012245491960512014,0.05514705882352941,0.773,16.32,데이터부족,6.0
서울특별시,강북구,주거/서민/교육,보험/금융,2,1258080800.0,629040400.0,2024-12-18 16:58:08,0.0006958942240779402,0.00010396293009129548,0.055248618784530384,0.773,16.32,데이터부족,6.5
광주광역시,남구,대학/항만/주거,보험/금융,11,730175880.0,66379625.45454545,2026-05-11 15:18:39,0.006958942240779402,6.033890984330271e-05,0.8823529411764706,0.14,16.32,추천,3.5
서울특별시,서초구,법조/교육/고소득,보험/금융,2,3463462360.0,1731731180.0,2024-12-18 19:15:24,0.0006958942240779402,0.00028620713010365725,0.055248618784530384,0.773,16.32,데이터부족,6.0
전라북도,고창군,전국 주요 지역,교육물품/교구,12,3014768710.0,251230725.83333334,2026-04-28 08:55:52,0.007654836464857342,0.0002491288227585661,0.6382978723404256,0.321,16.31,추천,16.8
대구광역시,군위군,전국 주요 지역,IT장비/전산,32,3379885700.0,105621428.125,2026-05-07 17:49:27,0.021572720946416143,0.00027930067825982977,0.7894736842105263,0.18,16.31,추천,6.0
경기도,의왕시,전국 주요 지역,차량/운송,4,322471000.0,80617750.0,2025-10-30 13:42:01,0.0020876826722338203,2.664775587503612e-05,0.13215859030837004,0.712,16.31,데이터부족,6.5
서울특별시,중구,도심/관광/명동,보험/금융,2,815165660.0,407582830.0,2024-12-10 19:18:24,0.0006958942240779402,6.736213645689905e-05,0.0544464609800363,0.773,16.31,데이터부족,6.0
울산광역시,울주군,전국 주요 지역,시설유지보수,111,30773080200.0,277234956.7567568,2026-05-07 17:25:31,0.07654836464857341,0.0025429682938698604,0.7894736842105263,0.067,16.31,추천,5.6
강원특별자치도,평창군,전국 주요 지역,인쇄/홍보물,2,1445000000.0,722500000.0,2025-05-02 17:32:34,0.0006958942240779402,0.00011940920963257841,0.07352941176470588,0.759,16.31,데이터부족,15.5
경상북도,청도군,전국 주요 지역,인쇄/홍보물,2,99450000.0,49725000.0,2025-04-28 10:01:19,0.0006958942240779402,8.218163251183337e-06,0.07281553398058253,0.759,16.3,데이터부족,5.5
서울특별시,마포구,홍대/관광/문화콘텐츠,차량/운송,3,792000000.0,264000000.0,2024-12-26 18:37:09,0.0013917884481558804,6.544781593702568e-05,0.05607476635514019,0.77,16.3,데이터부족,8.0
강원특별자치도,강릉시,전국 주요 지역,건설/공사,95,50879053500.0,535568984.2105263,2026-05-07 17:37:29,0.06541405706332637,0.0042044481420682855,0.7894736842105263,0.087,16.3,제외,10.8
인천광역시,동구,전국 주요 지역,차량/운송,3,752740240.0,250913413.33333334,2024-12-18 15:53:05,0.0013917884481558804,6.220354125746532e-05,0.055248618784530384,0.77,16.29,데이터부족,5.3
서울특별시,송파구,가족주거/대형상권/복합문화,보험/금융,2,2419290640.0,1209645320.0,2024-11-27 17:09:39,0.0006958942240779402,0.00019992081881930435,0.05319148936170213,0.773,16.29,데이터부족,5.5
충청남도,서천군,전국 주요 지역,보험/금융,2,18326000.0,9163000.0,2024-11-20 10:22:58,0.0006958942240779402,1.5143897409872886e-06,0.052539404553415055,0.773,16.28,데이터부족,0.0
서울특별시,은평구,주거/문화/뉴타운,차량/운송,3,741190400.0,247063466.66666666,2024-12-17 11:09:13,0.0013917884481558804,6.124910716349803e-05,0.05514705882352941,0.77,16.28,데이터부족,9.0
부산광역시,사하구,공단/항만/주거,행사/운영용역,11,1270699000.0,115518090.9090909,2026-01-16 21:00:57,0.006958942240779402,0.0001050056493224275,0.20134228187919462,0.649,16.28,추천,8.0
전라남도,무안군,전국 주요 지역,보험/금융,2,18326000.0,9163000.0,2024-11-19 17:01:38,0.0006958942240779402,1.5143897409872886e-06,0.05244755244755245,0.773,16.27,데이터부족,0.0
경기도,시흥시,전국 주요 지역,IT장비/전산,12,4182078660.0,348506555.0,2026-03-31 19:32:47,0.007654836464857342,0.0003455908009770745,0.4,0.498,16.27,추천,13.5
서울특별시,노원구,주거/교육/대학,건설/공사,8,9098450000.0,1137306250.0,2024-07-03 14:32:04,0.0048712595685455815,0.0007518607082225142,0.04219409282700422,0.771,16.27,제외,17.5
전라북도,전주시,전국 주요 지역,청소/환경미화,43,2741756600.0,63761781.39534884,2026-05-11 11:34:11,0.029227557411273485,0.00022656815820823906,0.8823529411764706,0.093,16.27,추천,5.9
전라북도,완주군,전국 주요 지역,교육물품/교구,24,1808117925.0,75338246.875,2026-05-07 10:54:08,0.016005567153792623,0.00014941587013615756,0.7894736842105263,0.189,16.27,추천,12.5
세종특별자치시,세종시,전국 주요 지역,폐기물/환경,180,147189784323.0,817721024.0166667,2026-04-28 17:20:37,0.12456506610995129,0.012163194333563398,0.6382978723404256,0.07,16.26,제외,6.4
경기도,고양시,신도시/주거/교통,기타/미분류,29,2194336700.0,75666782.7586207,2026-05-11 16:52:54,0.019485038274182326,0.00018133149551194486,0.8823529411764706,0.112,16.26,제외,9.8
강원특별자치도,영월군,전국 주요 지역,시설유지보수,44,19646815400.0,446518531.8181818,2026-04-30 13:12:28,0.029923451635351428,0.0016235368157170725,0.6666666666666666,0.251,16.26,추천,6.1
전라남도,순천시,전국 주요 지역,인쇄/홍보물,2,42900000.0,21450000.0,2025-04-08 11:28:00,0.0006958942240779402,3.545090029922224e-06,0.06944444444444445,0.759,16.25,데이터부족,0.0
서울특별시,성동구,성수/브랜드/라이프스타일,인쇄/홍보물,2,557000000.0,278500000.0,2025-04-02 15:34:47,0.0006958942240779402,4.602832509712538e-05,0.0684931506849315,0.759,16.24,데이터부족,13.5
경상남도,진주시,전국 주요 지역,인쇄/홍보물,2,27909000.0,13954500.0,2025-04-02 14:26:38,0.0006958942240779402,2.3062917865990525e-06,0.0684931506849315,0.759,16.24,데이터부족,0.0
대구광역시,남구,대학/항만/주거,폐기물/환경,32,32991068010.0,1030970875.3125,2026-02-09 11:21:26,0.021572720946416143,0.002726254225611586,0.24000000000000005,0.585,16.23,제외,8.0
충청남도,보령시,전국 주요 지역,급수/전기/설비,4,21099480.0,5274870.0,2026-01-21 10:19:48,0.0020876826722338203,1.7435793982411043e-06,0.20833333333333334,0.651,16.23,데이터부족,0.0
부산광역시,남구,대학/항만/주거,기타/미분류,5,880510000.0,176102000.0,2026-01-28 16:45:31,0.0027835768963117608,7.276193991251323e-05,0.21897810218978103,0.641,16.22,제외,9.0
강원특별자치도,정선군,전국 주요 지역,급수/전기/설비,10,959057000.0,95905700.0,2026-04-24 16:16:09,0.006263048016701462,7.925276011252024e-05,0.5882352941176471,0.357,16.22,추천,7.5
광주광역시,북구,대학/주거/상업,인쇄/홍보물,8,605257000.0,75657125.0,2026-04-29 17:50:46,0.0048712595685455815,5.00160968820661e-05,0.6521739130434783,0.312,16.22,데이터부족,9.1
전라북도,남원시,전국 주요 지역,시설유지보수,91,45493265770.0,499925997.47252744,2026-05-06 15:59:14,0.06263048016701461,0.0037593874804155943,0.7692307692307692,0.104,16.22,추천,6.8
서울특별시,양천구,교육/주거/신도시,폐기물/환경,41,138505049040.0,3378171927.804878,2026-03-18 09:00:31,0.027835768963117607,0.011445521408988175,0.3409090909090909,0.485,16.21,제외,20.5
전라북도,무주군,전국 주요 지역,건설/공사,42,21618663330.0,514730079.28571427,2026-04-30 16:46:40,0.028531663187195546,0.0017864827000332911,0.6666666666666666,0.251,16.21,제외,9.5
울산광역시,동구,전국 주요 지역,행사/운영용역,22,2128325400.0,96742063.63636364,2026-04-10 09:55:22,0.014613778705636743,0.00017587657706224312,0.46153846153846145,0.435,16.21,추천,9.8
경기도,파주시,출판/DMZ/신도시,방역/소독,2,261797000.0,130898500.0,2025-09-09 10:15:07,0.0006958942240779402,2.1633891248567563e-05,0.1079136690647482,0.728,16.21,데이터부족,6.0
강원특별자치도,원주시,전국 주요 지역,기타/미분류,59,4203297319.0,71242327.44067797,2026-05-11 11:12:01,0.04036186499652053,0.0003473442288667999,0.8823529411764706,0.067,16.2,제외,6.0
경기도,광명시,전국 주요 지역,건설/공사,9,3083851000.0,342650111.1111111,2025-07-25 13:30:54,0.0055671537926235215,0.00025483751594092497,0.09259259259259259,0.729,16.2,제외,12.4
경기도,안산시,외국인/공단/주거,청소/환경미화,58,7460320000.0,128626206.89655173,2026-05-11 09:05:26,0.03966597077244259,0.0006164919825647871,0.8823529411764706,0.068,16.2,추천,5.2
충청북도,진천군,전국 주요 지역,건설/공사,13,598917000.0,46070538.461538464,2026-01-27 14:49:07,0.008350730688935281,4.949218381004496e-05,0.2173913043478261,0.63,16.2,제외,1.6
강원특별자치도,강릉시,전국 주요 지역,차량/운송,56,5348375490.0,95506705.17857143,2026-05-06 17:43:52,0.038274182324286705,0.00044196905887830746,0.7692307692307692,0.156,16.2,추천,6.1
경상북도,의성군,전국 주요 지역,시설유지보수,50,1048255000.0,20965100.0,2026-05-04 10:38:21,0.03409881697981907,8.662373774629654e-05,0.7317073170731707,0.193,16.2,추천,1.6
경상북도,의성군,전국 주요 지역,교육물품/교구,3,101486680.0,33828893.333333336,2025-10-20 13:36:25,0.0013917884481558804,8.386466606944223e-06,0.12658227848101264,0.712,16.19,데이터부족,0.0
강원특별자치도,삼척시,전국 주요 지역,급수/전기/설비,14,5468900636.0,390635759.71428573,2026-05-04 18:02:43,0.009046624913013222,0.00045192879066011446,0.7317073170731707,0.242,16.19,추천,8.6
강원특별자치도,양구군,전국 주요 지역,시설유지보수,39,13752225000.0,352621153.84615386,2026-04-28 15:57:14,0.026443980514961725,0.0011364306698542462,0.6382978723404256,0.276,16.18,추천,5.7
제주특별자치도,서귀포시,전국 주요 지역,건설/공사,78,38005393597.0,487248635.85897434,2026-05-06 11:12:50,0.05358385525400139,0.0031406186928670077,0.7692307692307692,0.121,16.18,제외,11.8
경기도,용인시,주거/산업/반도체,조경/녹지관리,34,3128030000.0,92000882.35294117,2026-05-12 16:45:26,0.022964509394572025,0.000258488297582695,0.9090909090909091,0.081,16.18,추천,5.1
경기도,양평군,전국 주요 지역,기타/미분류,5,312904000.0,62580800.0,2026-01-26 09:21:08,0.0027835768963117608,2.5857176007524093e-05,0.21582733812949642,0.641,16.17,제외,9.0
대구광역시,달성군,농촌/산업단지,건설/공사,91,814952769001.0,8955524934.076923,2026-04-30 15:01:58,0.06263048016701461,0.06734454396836724,0.6666666666666666,0.099,16.17,제외,25.3
경기도,하남시,전국 주요 지역,청소/환경미화,4,1627919000.0,406979750.0,2025-11-26 09:30:47,0.0020876826722338203,0.00013452492812170063,0.15,0.691,16.16,데이터부족,5.5
인천광역시,부평구,주거/상업/교통,의료/복지용품,2,61577500.0,30788750.0,2025-12-08 10:49:33,0.0006958942240779402,5.08852637103813e-06,0.1595744680851064,0.687,16.16,데이터부족,4.5
경기도,수원시,행정/산업/대학,급수/전기/설비,3,169938000.0,56646000.0,2025-03-21 15:43:30,0.0013917884481558804,1.4043018869578623e-05,0.06666666666666667,0.755,16.16,데이터부족,3.7
강원특별자치도,양구군,전국 주요 지역,차량/운송,10,534991000.0,53499100.0,2026-04-06 11:27:06,0.006263048016701462,4.4209586484804674e-05,0.4347826086956522,0.469,16.15,추천,3.6
경기도,수원시,행정/산업/대학,기타/미분류,17,3418400440.0,201082378.82352942,2026-05-06 16:10:05,0.011134307585247043,0.00028248338736889845,0.7692307692307692,0.208,16.15,제외,9.2
경기도,화성시,산업단지/신도시,기타/미분류,33,98881962821.0,2996423115.787879,2026-05-11 13:13:37,0.022268615170494086,0.00817122285631392,0.8823529411764706,0.091,16.15,제외,7.9
서울특별시,중랑구,주거/제조/서민,건설/공사,10,12095742000.0,1209574200.0,2025-10-29 10:25:18,0.006263048016701462,0.0009995453232799884,0.13157894736842105,0.695,16.15,제외,13.5
경기도,하남시,전국 주요 지역,차량/운송,10,635365360.0,63536536.0,2026-04-06 16:31:54,0.006263048016701462,5.250413527025512e-05,0.4347826086956522,0.469,16.15,추천,4.1
대구광역시,대구광역시,전국 주요 지역,의료/복지용품,52,4450497787.0,85586495.90384616,2026-05-13 11:11:55,0.03549060542797495,0.0003677719191814597,0.9375,0.033,16.15,추천,8.6
서울특별시,송파구,가족주거/대형상권/복합문화,IT장비/전산,5,4858294940.0,971658988.0,2024-12-22 14:47:05,0.0027835768963117608,0.00040147069823346363,0.05565862708719852,0.759,16.14,데이터부족,9.8
전라남도,화순군,전국 주요 지역,시설유지보수,26,660251844.0,25394301.692307692,2026-04-02 13:54:14,0.017397355601948505,5.4560658028022465e-05,0.410958904109589,0.464,16.14,추천,3.2
경기도,가평군,전국 주요 지역,청소/환경미화,4,457388000.0,114347000.0,2025-11-25 14:18:02,0.0020876826722338203,3.7796774792682197e-05,0.14925373134328357,0.691,16.14,데이터부족,7.5
부산광역시,기장군,농어촌/관광/신도시,급식/식자재,2,149494000.0,74747000.0,2026-01-22 16:34:25,0.0006958942240779402,1.2353605802638531e-05,0.2097902097902098,0.648,16.13,데이터부족,19.5
전라남도,장성군,전국 주요 지역,기타/미분류,4,55077000.0,13769250.0,2025-10-23 10:38:09,0.0020876826722338203,4.551350199953994e-06,0.12820512820512822,0.706,16.13,제외,1.8
충청북도,증평군,전국 주요 지역,전문용역/컨설팅,3,65900000.0,21966666.666666668,2025-04-29 09:25:22,0.0013917884481558804,5.445721048295445e-06,0.07299270072992702,0.749,16.13,데이터부족,0.0
대구광역시,동구,전국 주요 지역,급수/전기/설비,4,39336000.0,9834000.0,2026-01-16 16:54:41,0.0020876826722338203,3.2505748582056087e-06,0.20134228187919462,0.651,16.12,데이터부족,6.0
충청남도,서산시,전국 주요 지역,기타/미분류,4,160852000.0,40213000.0,2025-10-21 10:16:42,0.0020876826722338203,1.3292186981189967e-05,0.1271186440677966,0.706,16.11,제외,0.0
서울특별시,서초구,법조/교육/고소득,IT장비/전산,5,4786412000.0,957282400.0,2024-11-28 11:02:17,0.0027835768963117608,0.0003955305701701653,0.05328596802841919,0.759,16.1,데이터부족,14.2
광주광역시,남구,대학/항만/주거,기타/미분류,4,471782000.0,117945500.0,2025-10-20 17:14:09,0.0020876826722338203,3.89862392656589e-05,0.12658227848101264,0.706,16.1,제외,10.5
경기도,경기도,전국 주요 지역,의료/복지용품,56,9712573210.0,173438807.32142857,2026-05-13 10:31:37,0.038274182324286705,0.0008026094743976851,0.9375,0.024,16.09,추천,12.0
서울특별시,구로구,산업/디지털/제조,IT장비/전산,5,2817853100.0,563570620.0,2024-11-25 13:00:58,0.0027835768963117608,0.0002328564785686581,0.053003533568904596,0.759,16.09,데이터부족,15.8
대전광역시,대덕구,전국 주요 지역,폐기물/환경,68,31012706740.0,456069216.7647059,2026-04-17 09:54:49,0.04662491301322199,0.002562770104076358,0.5172413793103449,0.32,16.09,제외,6.0
경상남도,남해군,전국 주요 지역,폐기물/환경,26,1336224300.0,51393242.307692304,2025-12-03 12:53:37,0.017397355601948505,0.00011042040661234972,0.15544041450777202,0.652,16.07,제외,2.7
울산광역시,울산광역시,전국 주요 지역,방역/소독,2,65720000.0,32860000.0,2025-08-12 15:18:02,0.0006958942240779402,5.430846544673393e-06,0.09803921568627452,0.728,16.06,데이터부족,5.5
경상남도,밀양시,전국 주요 지역,조경/녹지관리,3,55561000.0,18520333.333333332,2025-11-20 16:05:31,0.0013917884481558804,4.591346087471065e-06,0.14563106796116507,0.691,16.06,데이터부족,0.0
전라북도,남원시,전국 주요 지역,건설/공사,109,21633002800.0,198467915.59633029,2026-05-07 21:30:55,0.07515657620041753,0.0017876676583580317,0.7894736842105263,0.058,16.05,제외,8.6
전라남도,진도군,전국 주요 지역,급수/전기/설비,3,170800000.0,56933333.333333336,2025-01-23 09:50:11,0.0013917884481558804,1.4114251214702002e-05,0.0591715976331361,0.755,16.04,데이터부족,4.0
충청남도,예산군,전국 주요 지역,인쇄/홍보물,2,28172000.0,14086000.0,2024-12-20 15:59:26,0.0006958942240779402,2.328025089113494e-06,0.055452865064695,0.759,16.04,데이터부족,0.0
경기도,안양시,전국 주요 지역,차량/운송,6,803895730.0,133982621.66666667,2026-01-29 14:51:47,0.003479471120389701,6.643083304242536e-05,0.22058823529411764,0.629,16.03,데이터부족,4.7
서울특별시,강북구,주거/서민/교육,인쇄/홍보물,2,571687000.0,285843500.0,2024-12-09 17:52:22,0.0006958942240779402,4.724200195655353e-05,0.05434782608695653,0.759,16.02,데이터부족,10.0
경상남도,밀양시,전국 주요 지역,전문용역/컨설팅,5,2305866000.0,461173200.0,2026-01-29 16:06:49,0.0027835768963117608,0.00019054784538313844,0.22058823529411764,0.63,16.02,데이터부족,2.2
부산광역시,연제구,행정/주거/교육,인쇄/홍보물,2,450000000.0,225000000.0,2024-11-28 16:26:42,0.0006958942240779402,3.7186259055128226e-05,0.05328596802841919,0.759,16.01,데이터부족,27.0
전라북도,익산시,전국 주요 지역,전문용역/컨설팅,37,13777834960.0,372373917.8378378,2026-05-11 17:00:35,0.025052192066805846,0.001138546977869694,0.8823529411764706,0.087,16.01,추천,10.8
서울특별시,광진구,대학/강변/상업,인쇄/홍보물,2,2431684600.0,1215842300.0,2024-11-27 16:04:19,0.0006958942240779402,0.00020094500772436857,0.05319148936170213,0.759,16.01,데이터부족,18.0
경상남도,함양군,전국 주요 지역,시설유지보수,35,1008231634.0,28806618.114285715,2026-04-23 16:36:40,0.023660403618649965,8.331636162110939e-05,0.5769230769230769,0.32,16.0,추천,2.1
서울특별시,금천구,제조/산업단지/중소기업,전문용역/컨설팅,10,2297700000.0,229770000.0,2026-04-16 20:46:38,0.006263048016701462,0.00018987303873548473,0.5084745762711864,0.406,16.0,추천,11.1
경상남도,거창군,전국 주요 지역,IT장비/전산,8,3947681000.0,493460125.0,2026-01-26 10:51:38,0.0048712595685455815,0.00032622108518446145,0.21582733812949642,0.628,16.0,데이터부족,27.6
울산광역시,울산광역시,전국 주요 지역,의료/복지용품,35,2048461184.0,58527462.4,2026-05-13 16:06:51,0.023660403618649965,0.00016927690722799707,0.9375,0.049,15.99,추천,9.4
부산광역시,남구,대학/항만/주거,인쇄/홍보물,2,104280000.0,52140000.0,2024-11-13 15:03:50,0.0006958942240779402,8.617295765041714e-06,0.051903114186851215,0.759,15.99,데이터부족,11.5
경상북도,영천시,전국 주요 지역,전문용역/컨설팅,9,4253734000.0,472637111.1111111,2026-04-09 16:40:49,0.0055671537926235215,0.00035151212105690404,0.45454545454545453,0.447,15.99,데이터부족,25.7
서울특별시,성북구,대학/문화/주거,인쇄/홍보물,2,673068000.0,336534000.0,2024-11-08 09:51:31,0.0006958942240779402,5.5619735577148987e-05,0.051457975986277875,0.759,15.98,데이터부족,17.0
경기도,과천시,전국 주요 지역,차량/운송,6,711916400.0,118652733.33333333,2026-01-26 10:06:49,0.003479471120389701,5.883001705776508e-05,0.21582733812949642,0.629,15.96,데이터부족,10.0
경상북도,영양군,전국 주요 지역,의료/복지용품,2,72900000.0,36450000.0,2025-11-21 17:57:52,0.0006958942240779402,6.024173966930773e-06,0.14634146341463417,0.687,15.96,데이터부족,4.5
대구광역시,중구,도심/관광/명동,전문용역/컨설팅,3,416000000.0,138666666.66666666,2025-02-10 14:25:54,0.0013917884481558804,3.4376630593185204e-05,0.06134969325153374,0.749,15.96,데이터부족,14.0
광주광역시,서구,신도시/항만/산업,인쇄/홍보물,2,234000000.0,117000000.0,2024-10-24 18:22:13,0.0006958942240779402,1.933685470866668e-05,0.05016722408026756,0.759,15.96,데이터부족,10.0
울산광역시,동구,전국 주요 지역,조경/녹지관리,8,534030000.0,66753750.0,2026-04-14 17:56:27,0.0048712595685455815,4.413017316268917e-05,0.49180327868852464,0.419,15.95,데이터부족,5.8
전라북도,고창군,전국 주요 지역,전문용역/컨설팅,42,17496771001.0,416589785.7380952,2026-05-11 13:41:42,0.028531663187195546,0.0014458654646032027,0.8823529411764706,0.077,15.95,추천,10.7
인천광역시,옹진군,전국 주요 지역,건설/공사,29,3903747000.0,134611965.5172414,2026-04-15 17:04:49,0.019485038274182326,0.0003225905493948437,0.5,0.383,15.95,제외,7.2
충청북도,음성군,전국 주요 지역,건설/공사,13,697173000.0,53628692.307692304,2026-01-15 14:24:35,0.008350730688935281,5.7611679520535355e-05,0.2,0.63,15.94,제외,1.7
강원특별자치도,춘천시,전국 주요 지역,교육물품/교구,10,420208070.0,42020807.0,2026-04-21 16:26:32,0.006263048016701462,3.472436921794546e-05,0.5555555555555556,0.368,15.94,추천,6.6
인천광역시,연수구,신도시/IT/주거,급수/전기/설비,8,789855000.0,98731875.0,2026-04-15 15:32:55,0.0048712595685455815,6.527056143552957e-05,0.5,0.412,15.94,데이터부족,8.5
충청북도,진천군,전국 주요 지역,인쇄/홍보물,2,68250000.0,34125000.0,2024-09-30 15:48:14,0.0006958942240779402,5.6399159566944474e-06,0.04823151125401929,0.759,15.93,데이터부족,5.5
서울특별시,노원구,주거/교육/대학,청소/환경미화,3,4711200000.0,1570400000.0,2024-10-21 14:56:08,0.0013917884481558804,0.00038931534146782244,0.04991680532445923,0.756,15.93,데이터부족,30.0
강원특별자치도,동해시,전국 주요 지역,행사/운영용역,32,4647368000.0,145230250.0,2026-04-22 17:31:46,0.021572720946416143,0.0003840405119389181,0.5660377358490566,0.328,15.92,추천,8.8
충청남도,청양군,전국 주요 지역,IT장비/전산,7,766227000.0,109461000.0,2025-12-03 10:50:15,0.0041753653444676405,6.331803492674163e-05,0.15544041450777202,0.671,15.92,데이터부족,3.1
부산광역시,수영구,해변/문화/청년,건설/공사,10,45508243243.0,4550824324.3,2025-09-19 13:37:30,0.006263048016701462,0.0037606251608399703,0.11194029850746269,0.695,15.92,제외,26.5
인천광역시,동구,전국 주요 지역,기타/미분류,5,309370000.0,61874000.0,2026-01-14 19:40:59,0.0027835768963117608,2.556513991974449e-05,0.19867549668874174,0.641,15.91,제외,6.6
부산광역시,영도구,전국 주요 지역,행사/운영용역,27,5106388510.0,189125500.37037036,2026-04-17 13:24:07,0.018093249826026444,0.0004219721910422005,0.5172413793103449,0.371,15.91,추천,15.1
대전광역시,대전광역시,전국 주요 지역,보험/금융,37,6939100950.0,187543268.9189189,2026-05-14 14:09:09,0.025052192066805846,0.0005734204567475253,0.9677419354838709,0.019,15.91,추천,5.4
경상북도,의성군,전국 주요 지역,IT장비/전산,6,57543000.0,9590500.0,2025-08-08 10:19:24,0.003479471120389701,4.755130899576097e-06,0.0967741935483871,0.716,15.91,데이터부족,0.0
강원특별자치도,영월군,전국 주요 지역,급수/전기/설비,19,1059668260.0,55772013.684210524,2026-05-08 16:24:32,0.012526096033402923,8.756688539745993e-05,0.8108108108108107,0.162,15.91,추천,4.9
전라북도,임실군,전국 주요 지역,행사/운영용역,30,6521912190.0,217397073.0,2026-04-21 15:37:12,0.020180932498260265,0.0005389455916269748,0.5555555555555556,0.338,15.91,추천,13.0
부산광역시,수영구,해변/문화/청년,인쇄/홍보물,2,214880000.0,107440000.0,2024-08-28 15:51:41,0.0006958942240779402,1.7756851879479895e-05,0.04580152671755725,0.759,15.9,데이터부족,14.0
강원특별자치도,고성군,전국 주요 지역,인쇄/홍보물,7,355000000.0,50714285.71428572,2026-04-23 15:49:39,0.0041753653444676405,2.933582658793449e-05,0.5769230769230769,0.354,15.9,데이터부족,1.4
서울특별시,강남구,업무지구/고소득/IT,건설/공사,33,12244445000.0,371043787.8787879,2026-04-21 16:12:42,0.022268615170494086,0.001011833563902821,0.5555555555555556,0.332,15.89,제외,6.2
전라북도,익산시,전국 주요 지역,청소/환경미화,18,993298000.0,55183222.222222224,2026-05-04 13:17:58,0.011830201809324982,8.208230388209057e-05,0.7317073170731707,0.222,15.89,추천,6.3
강원특별자치도,태백시,전국 주요 지역,차량/운송,11,622634660.0,56603150.90909091,2026-04-09 15:39:40,0.006958942240779402,5.1452119474359294e-05,0.45454545454545453,0.439,15.88,추천,5.4
전라남도,전라남도,전국 주요 지역,보험/금융,7,299382380.0,42768911.428571425,2026-04-28 11:38:23,0.0041753653444676405,2.4739801642712977e-05,0.6382978723404256,0.307,15.88,데이터부족,4.4
강원특별자치도,속초시,전국 주요 지역,인쇄/홍보물,3,309380000.0,103126666.66666667,2026-01-13 19:39:32,0.0013917884481558804,2.5565966281056824e-05,0.19736842105263158,0.643,15.88,데이터부족,6.7
경기도,과천시,전국 주요 지역,조경/녹지관리,3,641481000.0,213827000.0,2025-10-31 17:49:50,0.0013917884481558804,5.300950809987269e-05,0.13274336283185842,0.691,15.87,데이터부족,5.7
부산광역시,금정구,대학/주거/산,기타/미분류,5,473282000.0,94656400.0,2026-01-12 18:26:38,0.0027835768963117608,3.911019346250933e-05,0.19607843137254904,0.641,15.87,제외,11.6
경기도,오산시,전국 주요 지역,차량/운송,4,319000000.0,79750000.0,2025-08-26 17:03:33,0.0020876826722338203,2.636092586352423e-05,0.10273972602739727,0.712,15.87,데이터부족,4.8
충청남도,충청남도,전국 주요 지역,급수/전기/설비,16,5381485900.0,336342868.75,2026-05-06 11:12:31,0.010438413361169102,0.00044470517506426635,0.7692307692307692,0.195,15.87,추천,9.8
경기도,경기도,전국 주요 지역,시설유지보수,104,20545089862.0,197548940.98076922,2026-05-06 13:50:13,0.07167710508002784,0.0016977667420427125,0.7692307692307692,0.071,15.87,추천,10.2
전라남도,나주시,전국 주요 지역,급수/전기/설비,4,21257000.0,5314250.0,2026-01-02 13:19:33,0.0020876826722338203,1.7565962416330238e-06,0.18404907975460122,0.651,15.86,데이터부족,0.0
충청남도,보령시,전국 주요 지역,기타/미분류,4,56525400.0,14131350.0,2025-09-15 10:22:15,0.0020876826722338203,4.671040372432766e-06,0.11029411764705882,0.706,15.86,제외,0.0
제주특별자치도,제주시,전국 주요 지역,방역/소독,49,1805551476.0,36847989.30612245,2026-05-14 15:44:36,0.033402922755741124,0.00014920378871978917,0.9677419354838709,0.0,15.86,추천,6.0
경상북도,경주시,전국 주요 지역,조경/녹지관리,3,54888000.0,18296000.0,2025-10-29 16:23:08,0.0013917884481558804,4.53573197115084e-06,0.13157894736842105,0.691,15.85,데이터부족,0.0
경상남도,함양군,전국 주요 지역,보험/금융,5,68210000.0,13642000.0,2026-04-10 11:40:11,0.0027835768963117608,5.636610511445103e-06,0.46153846153846145,0.441,15.85,데이터부족,1.6
경상남도,거제시,전국 주요 지역,차량/운송,6,599374584.0,99895764.0,2026-01-21 18:54:05,0.003479471120389701,4.9529996781519364e-05,0.20833333333333334,0.629,15.85,데이터부족,6.8
충청남도,홍성군,전국 주요 지역,보험/금융,5,9004000.0,1800800.0,2026-04-10 17:17:32,0.0027835768963117608,7.44055725627499e-07,0.46153846153846145,0.441,15.85,데이터부족,0.0
서울특별시,서대문구,대학/의료/주거,조경/녹지관리,3,924732000.0,308244000.0,2025-10-28 21:29:33,0.0013917884481558804,7.641627490792629e-05,0.13100436681222707,0.691,15.84,데이터부족,6.0
대구광역시,군위군,전국 주요 지역,인쇄/홍보물,2,799080000.0,399540000.0,2024-06-14 14:54:19,0.0006958942240779402,6.603287974615969e-05,0.04109589041095891,0.759,15.83,데이터부족,11.0
전라남도,해남군,전국 주요 지역,시설유지보수,47,1386297520.0,29495691.914893616,2026-04-30 10:11:36,0.032011134307585246,0.00011455826379155956,0.6666666666666666,0.227,15.82,추천,1.7
서울특별시,은평구,주거/문화/뉴타운,급수/전기/설비,3,567963000.0,189321000.0,2024-08-08 13:36:59,0.0013917884481558804,4.693426500383954e-05,0.044444444444444446,0.755,15.82,데이터부족,6.3
광주광역시,남구,대학/항만/주거,급수/전기/설비,4,323054000.0,80763500.0,2025-12-30 11:12:02,0.0020876826722338203,2.669593273954532e-05,0.18072289156626506,0.651,15.82,데이터부족,4.8
강원특별자치도,고성군,전국 주요 지역,시설유지보수,46,14381570610.0,312642839.34782606,2026-04-29 17:37:31,0.031315240083507306,0.0011884373562735077,0.6521739130434783,0.238,15.82,추천,5.7
인천광역시,중구,도심/관광/명동,교육물품/교구,4,495000000.0,123750000.0,2026-02-02 14:57:02,0.0020876826722338203,4.090488496064105e-05,0.22727272727272727,0.616,15.81,데이터부족,13.0
강원특별자치도,인제군,전국 주요 지역,교육물품/교구,3,567540000.0,189180000.0,2025-08-18 17:37:05,0.0013917884481558804,4.6899309920327716e-05,0.1,0.712,15.8,데이터부족,5.7
경상북도,울진군,전국 주요 지역,기타/미분류,4,21670000.0,5417500.0,2025-09-05 20:33:16,0.0020876826722338203,1.7907249638325081e-06,0.10638297872340426,0.706,15.8,제외,6.0
충청남도,예산군,전국 주요 지역,전문용역/컨설팅,3,404200000.0,134733333.33333334,2024-10-28 13:42:10,0.0013917884481558804,3.340152424462851e-05,0.050505050505050504,0.749,15.79,데이터부족,10.7
전라북도,장수군,전국 주요 지역,의료/복지용품,2,717409000.0,358704500.0,2025-11-03 15:58:36,0.0006958942240779402,5.928390427217885e-05,0.13452914798206278,0.687,15.79,데이터부족,12.5
서울특별시,강북구,주거/서민/교육,교육물품/교구,3,170000000.0,56666666.666666664,2025-08-14 13:55:22,0.0013917884481558804,1.4048142309715107e-05,0.09868421052631579,0.712,15.78,데이터부족,7.7
강원특별자치도,춘천시,전국 주요 지역,조경/녹지관리,34,1468394001.0,43188058.85294118,2026-05-11 19:20:24,0.022964509394572025,0.00012134239936929381,0.8823529411764706,0.081,15.78,추천,4.7
울산광역시,북구,대학/주거/상업,폐기물/환경,94,32061231944.0,341076935.5744681,2026-04-24 18:29:32,0.06471816283924843,0.0026494161704358585,0.5882352941176471,0.215,15.78,제외,4.4
경기도,시흥시,전국 주요 지역,방역/소독,2,479867000.0,239933500.0,2025-05-29 17:42:52,0.0006958942240779402,3.9654352386682704e-05,0.07874015748031496,0.728,15.77,데이터부족,8.5
인천광역시,연수구,신도시/IT/주거,폐기물/환경,81,45302519280.0,559290361.4814814,2026-04-20 13:31:33,0.055671537926235214,0.0037436249284356024,0.5454545454545454,0.263,15.76,제외,7.2
대구광역시,서구,신도시/항만/산업,행사/운영용역,11,1773868400.0,161260763.63636363,2025-12-16 17:02:11,0.006958942240779402,0.00014658562189356848,0.16666666666666666,0.649,15.76,추천,9.4
경기도,부천시,제조/주거/교통,청소/환경미화,4,313291000.0,78322750.0,2025-10-14 09:06:21,0.0020876826722338203,2.5889156190311504e-05,0.1234567901234568,0.691,15.76,데이터부족,7.8
경기도,양평군,전국 주요 지역,인쇄/홍보물,3,1425790000.0,475263333.3333333,2026-01-06 16:25:35,0.0013917884481558804,0.0001178217695515806,0.18867924528301888,0.643,15.75,데이터부족,8.3
전라남도,나주시,전국 주요 지역,시설유지보수,43,559892465.0,13020755.0,2026-04-27 16:16:48,0.029227557411273485,4.626734721445403e-05,0.625,0.26,15.75,추천,0.2
경기도,용인시,주거/산업/반도체,IT장비/전산,58,10791745220.0,186064572.75862068,2026-05-08 13:58:47,0.03966597077244259,0.0008917880742396928,0.8108108108108107,0.099,15.75,추천,34.2
강원특별자치도,철원군,전국 주요 지역,차량/운송,10,1743783600.0,174378360.0,2026-04-01 16:29:07,0.006263048016701462,0.00014409953041263131,0.4054054054054054,0.469,15.72,추천,8.6
대구광역시,달서구,주거/산업/신시가지,차량/운송,6,1198805170.0,199800861.66666666,2026-01-15 13:54:16,0.003479471120389701,9.906462135166006e-05,0.2,0.629,15.72,데이터부족,5.7
대구광역시,수성구,교육/고소득/주거,시설유지보수,20,4935416980.0,246770849.0,2026-01-13 16:35:18,0.013221990257480862,0.000407843765251908,0.19736842105263158,0.611,15.72,추천,8.3
울산광역시,북구,대학/주거/상업,전문용역/컨설팅,17,449678330.0,26451666.470588237,2026-05-04 16:29:49,0.011134307585247043,3.715967749079431e-05,0.7317073170731707,0.215,15.72,추천,4.6
충청남도,충청남도,전국 주요 지역,청소/환경미화,22,23706997440.0,1077590792.7272727,2026-05-06 08:40:14,0.014613778705636743,0.0019590545516068925,0.7692307692307692,0.176,15.69,추천,12.4
서울특별시,강북구,주거/서민/교육,전문용역/컨설팅,3,340000000.0,113333333.33333333,2024-07-26 11:32:12,0.0013917884481558804,2.8096284619430214e-05,0.0436046511627907,0.749,15.69,데이터부족,7.3
울산광역시,중구,도심/관광/명동,건설/공사,17,4673634000.0,274919647.0588235,2026-02-23 13:27:15,0.011134307585247043,0.00038621103256190035,0.27027027027027023,0.558,15.67,제외,12.8
경상남도,경상남도,전국 주요 지역,의료/복지용품,2,72900000.0,36450000.0,2025-10-20 13:19:26,0.0006958942240779402,6.024173966930773e-06,0.12658227848101264,0.687,15.67,데이터부족,6.5
경상남도,진주시,전국 주요 지역,폐기물/환경,53,1913916171.0,36111625.86792453,2026-04-03 12:02:25,0.03618649965205289,0.0001581586278769002,0.4166666666666667,0.398,15.66,제외,1.5
충청북도,영동군,전국 주요 지역,기타/미분류,4,185616200.0,46404050.0,2025-08-08 10:45:47,0.0020876826722338203,1.5338604662285538e-05,0.0967741935483871,0.706,15.66,제외,5.5
서울특별시,서초구,법조/교육/고소득,건설/공사,9,12282378100.0,1364708677.7777777,2024-12-09 18:26:32,0.0055671537926235215,0.0010149682085325192,0.05434782608695653,0.729,15.64,제외,13.3
인천광역시,부평구,주거/상업/교통,방역/소독,2,65088760.0,32544380.0,2025-04-11 09:43:46,0.0006958942240779402,5.378683313193484e-06,0.06993006993006992,0.728,15.64,데이터부족,6.0
대전광역시,서구,신도시/항만/산업,기타/미분류,11,508358000.0,46214363.63636363,2026-04-23 09:49:20,0.006958942240779402,4.2008738401659724e-05,0.5769230769230769,0.335,15.63,제외,5.2
경기도,평택시,미군기지/항만/산업,방역/소독,4,425706000.0,106426500.0,2026-03-30 18:24:59,0.0020876826722338203,3.5178696882938706e-05,0.39473684210526316,0.481,15.63,데이터부족,3.0
경상북도,경상북도,전국 주요 지역,급수/전기/설비,33,5554331800.0,168313084.84848484,2026-05-11 15:26:07,0.022268615170494086,0.00045898849153985923,0.8823529411764706,0.074,15.62,추천,11.8
대전광역시,유성구,전국 주요 지역,조경/녹지관리,19,1661740000.0,87460000.0,2026-05-07 16:02:55,0.012526096033402923,0.00013731976471615285,0.7894736842105263,0.163,15.61,추천,5.4
제주특별자치도,서귀포시,전국 주요 지역,방역/소독,2,144404000.0,72202000.0,2025-03-27 16:56:44,0.0006958942240779402,1.1932987894659415e-05,0.06756756756756756,0.728,15.6,데이터부족,5.0
세종특별자치시,세종시,전국 주요 지역,조경/녹지관리,41,7134430030.0,174010488.53658536,2026-05-11 18:00:55,0.027835768963117607,0.0005895616962361472,0.8823529411764706,0.062,15.6,추천,5.9
경기도,경기도,전국 주요 지역,급식/식자재,100,31125070590.0,311250705.9,2026-05-08 14:07:06,0.06889352818371608,0.002572055417930873,0.8108108108108107,0.031,15.6,추천,17.6
전라북도,순창군,전국 주요 지역,청소/환경미화,6,214551800.0,35758633.333333336,2026-02-06 15:13:02,0.003479471120389701,1.772973070120902e-05,0.234375,0.596,15.58,데이터부족,9.0
서울특별시,강북구,주거/서민/교육,조경/녹지관리,3,15064993000.0,5021664333.333333,2025-09-18 17:04:44,0.0013917884481558804,0.0012449127385815407,0.11152416356877323,0.691,15.58,데이터부족,31.3
경기도,시흥시,전국 주요 지역,행사/운영용역,43,4297808333.0,99949031.0,2026-04-28 17:36:12,0.029227557411273485,0.0003551542534227262,0.6382978723404256,0.241,15.57,추천,11.7
대전광역시,대덕구,전국 주요 지역,시설유지보수,31,4197825614.0,135413729.48387095,2026-04-10 10:02:07,0.020876826722338204,0.00034689206833434823,0.46153846153846145,0.389,15.55,추천,5.2
광주광역시,남구,대학/항만/주거,조경/녹지관리,3,99802000.0,33267333.333333332,2025-09-17 15:36:51,0.0013917884481558804,8.247251169377571e-06,0.1111111111111111,0.691,15.54,데이터부족,3.7
경기도,평택시,미군기지/항만/산업,청소/환경미화,16,1017324000.0,63582750.0,2026-04-30 14:55:39,0.010438413361169102,8.406771957110948e-05,0.6666666666666666,0.256,15.54,추천,2.4
경상북도,경주시,전국 주요 지역,교육물품/교구,3,205755000.0,68585000.0,2025-06-18 17:00:26,0.0013917884481558804,1.7002797181973127e-05,0.08310249307479224,0.712,15.54,데이터부족,2.0
전라남도,전라남도,전국 주요 지역,인쇄/홍보물,32,5815583000.0,181736968.75,2026-05-11 16:45:51,0.021572720946416143,0.00048057727998799946,0.8823529411764706,0.071,15.53,추천,12.8
경기도,구리시,전국 주요 지역,차량/운송,4,257696380.0,64424095.0,2025-06-04 16:05:59,0.0020876826722338203,2.1295031876108366e-05,0.08,0.712,15.52,데이터부족,7.0
강원특별자치도,동해시,전국 주요 지역,보험/금융,3,576418520.0,192139506.66666666,2025-12-01 17:45:35,0.0013917884481558804,4.763299646420802e-05,0.15384615384615385,0.658,15.52,데이터부족,5.7
전라북도,부안군,전국 주요 지역,IT장비/전산,17,5244198200.0,308482247.0588235,2026-04-15 22:57:32,0.011134307585247043,0.00043336025067030476,0.5084745762711864,0.372,15.52,추천,10.2
전라남도,곡성군,전국 주요 지역,시설유지보수,29,804202360.0,27731115.862068966,2026-04-06 17:53:50,0.019485038274182326,6.645617175934553e-05,0.4347826086956522,0.411,15.52,추천,0.6
대전광역시,중구,도심/관광/명동,차량/운송,4,158188000.0,39547000.0,2025-06-04 13:44:39,0.0020876826722338203,1.3072044327583609e-05,0.08,0.712,15.52,데이터부족,4.0
전라남도,전라남도,전국 주요 지역,기타/미분류,101,9312881092.0,92206743.48514852,2026-05-07 09:44:31,0.06958942240779402,0.0007695804640815943,0.7894736842105263,0.043,15.5,제외,8.2
전라북도,진안군,전국 주요 지역,조경/녹지관리,3,488018000.0,162672666.66666666,2025-09-10 10:21:29,0.0013917884481558804,4.032791949236792e-05,0.10830324909747294,0.691,15.5,데이터부족,5.3
대구광역시,달성군,농촌/산업단지,전문용역/컨설팅,14,3526467000.0,251890500.0,2026-04-30 15:07:49,0.009046624913013222,0.00029141358980302415,0.6666666666666666,0.256,15.49,추천,7.6
경상남도,합천군,전국 주요 지역,조경/녹지관리,3,76381000.0,25460333.333333332,2025-09-09 15:31:04,0.0013917884481558804,6.311830339754998e-06,0.1079136690647482,0.691,15.49,데이터부족,0.0
강원특별자치도,양구군,전국 주요 지역,행사/운영용역,9,404315000.0,44923888.88888889,2025-07-23 08:15:28,0.0055671537926235215,3.3411027399720373e-05,0.09202453987730061,0.694,15.48,데이터부족,4.4
충청남도,충청남도,전국 주요 지역,보험/금융,14,724576440.0,51755460.0,2026-05-11 18:00:37,0.009046624913013222,5.987619378462794e-05,0.8823529411764706,0.093,15.46,추천,6.2
인천광역시,강화군,전국 주요 지역,교육물품/교구,8,1475145000.0,184393125.0,2026-04-10 08:43:05,0.0048712595685455815,0.00012190027580861584,0.46153846153846145,0.417,15.46,데이터부족,13.8
부산광역시,동래구,교육/주거/전통,행사/운영용역,46,4828165052.0,104960109.82608695,2026-04-28 13:13:45,0.031315240083507306,0.0003989808808546414,0.6382978723404256,0.231,15.46,추천,14.3
충청남도,충청남도,전국 주요 지역,기타/미분류,78,9273061583.0,118885404.91025642,2026-05-08 16:24:50,0.05358385525400139,0.000766289933910212,0.8108108108108107,0.057,15.46,제외,10.2
대전광역시,중구,도심/관광/명동,의료/복지용품,11,1056411000.0,96037363.63636364,2026-05-08 13:22:51,0.006958942240779402,8.729771803263792e-05,0.8108108108108107,0.15,15.44,추천,5.9
경상남도,경상남도,전국 주요 지역,조경/녹지관리,4,306130000.0,76532500.0,2026-01-30 10:55:12,0.0020876826722338203,2.5297398854547563e-05,0.2222222222222222,0.601,15.44,데이터부족,13.2
대구광역시,대구광역시,전국 주요 지역,보험/금융,41,9440259100.0,230250221.9512195,2026-05-13 13:40:21,0.027835768963117607,0.0007801064898669592,0.9375,0.012,15.44,추천,5.9
제주특별자치도,제주시,전국 주요 지역,교육물품/교구,108,28800569876.0,266671943.2962963,2026-05-06 17:07:56,0.0744606819763396,0.002379967671876129,0.7692307692307692,0.043,15.44,추천,10.2
강원특별자치도,강원특별자치도,전국 주요 지역,보험/금융,27,12398602598.0,459207503.6296296,2026-05-13 13:05:09,0.018093249826026444,0.0010245725514018086,0.9375,0.031,15.43,추천,6.5
울산광역시,중구,도심/관광/명동,시설유지보수,47,14699191280.0,312748750.63829786,2026-04-28 17:17:54,0.032011134307585246,0.0012146842996421374,0.6382978723404256,0.227,15.43,추천,4.9
경기도,안성시,전국 주요 지역,인쇄/홍보물,6,150095000.0,25015833.333333332,2026-04-09 09:27:14,0.003479471120389701,1.2403270117509936e-05,0.45454545454545453,0.423,15.42,데이터부족,1.2
강원특별자치도,원주시,전국 주요 지역,차량/운송,78,7774241386.0,99669761.35897435,2026-05-06 10:03:43,0.05358385525400139,0.0006424332314153224,0.7692307692307692,0.086,15.42,추천,6.9
충청북도,음성군,전국 주요 지역,조경/녹지관리,3,49400000.0,16466666.666666666,2025-08-27 10:23:43,0.0013917884481558804,4.082224882940743e-06,0.10309278350515465,0.691,15.42,데이터부족,0.0
부산광역시,사상구,공단/제조/교통,건설/공사,14,48276072663.0,3448290904.5,2026-01-12 13:40:02,0.009046624913013222,0.00398934787602336,0.19607843137254904,0.601,15.42,제외,12.9
서울특별시,강남구,업무지구/고소득/IT,방역/소독,2,164305100.0,82152550.0,2024-12-16 17:41:24,0.0006958942240779402,1.3577537805952774e-05,0.055045871559633024,0.728,15.41,데이터부족,5.0
강원특별자치도,인제군,전국 주요 지역,행사/운영용역,15,8161098000.0,544073200.0,2026-02-09 14:10:53,0.009742519137091163,0.0006744015653384197,0.24000000000000005,0.57,15.41,추천,7.9
서울특별시,종로구,공공기관/전통상권/관광,행사/운영용역,8,2137000000.0,267125000.0,2024-11-22 16:06:15,0.0048712595685455815,0.00017659341244624226,0.05272407732864675,0.721,15.41,데이터부족,12.8
경상남도,함양군,전국 주요 지역,건설/공사,32,1234216693.0,38569271.65625,2026-04-16 14:45:00,0.021572720946416143,0.00010199089261347037,0.5084745762711864,0.345,15.39,제외,3.6
경상남도,창녕군,전국 주요 지역,조경/녹지관리,3,90670000.0,30223333.333333332,2025-08-21 16:19:13,0.0013917884481558804,7.492618018952169e-06,0.10101010101010101,0.691,15.39,데이터부족,0.0
경기도,화성시,산업단지/신도시,건설/공사,11,882215000.0,80201363.63636364,2025-09-08 13:17:04,0.006958942240779402,7.290283451626654e-05,0.1075268817204301,0.675,15.39,제외,5.1
경기도,동두천시,전국 주요 지역,행사/운영용역,52,4755769500.0,91457105.76923077,2026-04-29 16:53:54,0.03549060542797495,0.0003929983925188392,0.6521739130434783,0.209,15.39,추천,14.0
서울특별시,금천구,제조/산업단지/중소기업,기타/미분류,7,1553600000.0,221942857.14285713,2026-03-19 07:31:37,0.0041753653444676405,0.00012838349348454935,0.3448275862068966,0.502,15.38,제외,11.9
서울특별시,광진구,대학/강변/상업,행사/운영용역,20,6494505800.0,324725290.0,2026-03-19 15:29:12,0.013221990257480862,0.000536680833586295,0.3448275862068966,0.483,15.37,추천,17.1
전라남도,광양시,전국 주요 지역,행사/운영용역,10,10.0,1.0,2025-09-17 10:52:00,0.006263048016701462,8.263613123361828e-13,0.1111111111111111,0.672,15.36,추천,12.7
전라남도,영암군,전국 주요 지역,건설/공사,14,478355000.0,34168214.28571428,2026-01-14 10:02:38,0.009046624913013222,3.952940655625747e-05,0.19867549668874174,0.601,15.36,제외,4.0
전라북도,정읍시,전국 주요 지역,IT장비/전산,47,8875288600.0,188835927.65957448,2026-05-06 11:15:50,0.032011134307585246,0.0007334195134858362,0.7692307692307692,0.126,15.36,추천,7.8
대전광역시,서구,신도시/항만/산업,의료/복지용품,2,99134000.0,49567000.0,2025-09-03 14:50:26,0.0006958942240779402,8.192050233713514e-06,0.1056338028169014,0.687,15.35,데이터부족,4.0
인천광역시,연수구,신도시/IT/주거,청소/환경미화,32,20579037900.0,643094934.375,2026-05-07 15:06:44,0.021572720946416143,0.0017005720765660042,0.7894736842105263,0.13,15.35,추천,6.4
인천광역시,남동구,산업단지/주거,기타/미분류,10,1492051660.0,149205166.0,2026-04-15 17:41:38,0.006263048016701462,0.000123297376783098,0.5,0.38,15.35,제외,5.3
대전광역시,대덕구,전국 주요 지역,인쇄/홍보물,3,122460000.0,40820000.0,2025-12-10 13:40:34,0.0013917884481558804,1.0119620630868894e-05,0.16129032258064516,0.643,15.34,데이터부족,3.3
대전광역시,대덕구,전국 주요 지역,교육물품/교구,3,801884200.0,267294733.33333334,2025-04-03 09:21:24,0.0013917884481558804,6.6264607985365e-05,0.06864988558352403,0.712,15.33,데이터부족,4.7
대전광역시,대덕구,전국 주요 지역,의료/복지용품,2,88200000.0,44100000.0,2025-08-28 18:06:56,0.0006958942240779402,7.288506774805132e-06,0.10344827586206898,0.687,15.32,데이터부족,5.0
경기도,군포시,전국 주요 지역,인쇄/홍보물,6,3383747000.0,563957833.3333334,2026-04-08 14:25:34,0.003479471120389701,0.0002796197611533622,0.44776119402985076,0.423,15.32,데이터부족,16.3
부산광역시,영도구,전국 주요 지역,교육물품/교구,3,359128890.0,119709630.0,2025-03-27 13:04:18,0.0013917884481558804,2.9677022083823662e-05,0.06756756756756756,0.712,15.31,데이터부족,17.3
경기도,화성시,산업단지/신도시,교육물품/교구,27,3101159400.0,114857755.55555555,2026-05-06 14:39:03,0.018093249826026444,0.0002562678151547689,0.7692307692307692,0.152,15.31,추천,18.1
전라북도,완주군,전국 주요 지역,행사/운영용역,49,10280919830.0,209814690.40816328,2026-04-28 10:58:12,0.033402922755741124,0.0008495754402741885,0.6382978723404256,0.219,15.31,추천,11.9
충청남도,서산시,전국 주요 지역,시설유지보수,23,255892380.0,11125755.652173912,2026-02-13 10:31:55,0.015309672929714684,2.1145956295362916e-05,0.24793388429752067,0.549,15.31,추천,0.7
전라북도,진안군,전국 주요 지역,청소/환경미화,6,678360960.0,113060160.0,2026-01-26 09:31:30,0.003479471120389701,5.605712531432328e-05,0.21582733812949642,0.596,15.3,데이터부족,12.7
서울특별시,종로구,공공기관/전통상권/관광,IT장비/전산,6,2882342340.0,480390390.0,2024-12-13 10:02:26,0.003479471120389701,0.0002381856198684544,0.05474452554744526,0.716,15.29,데이터부족,15.8
강원특별자치도,강원특별자치도,전국 주요 지역,인쇄/홍보물,106,22536947591.0,212612713.1226415,2026-05-07 17:12:41,0.07306889352818371,0.0018623661587350534,0.7894736842105263,0.024,15.29,추천,11.6
부산광역시,남구,대학/항만/주거,행사/운영용역,15,1745000000.0,116333333.33333333,2026-02-05 11:02:39,0.009742519137091163,0.0001442000490026639,0.23255813953488372,0.57,15.28,추천,18.5
부산광역시,동래구,교육/주거/전통,기타/미분류,5,865665000.0,173133000.0,2025-12-04 11:18:05,0.0027835768963117608,7.153520654435017e-05,0.15625,0.641,15.28,제외,8.6
충청남도,공주시,전국 주요 지역,기타/미분류,8,514949000.0,64368625.0,2026-04-01 10:26:10,0.0048712595685455815,4.25533931426205e-05,0.4054054054054054,0.45,15.28,제외,2.8
세종특별자치시,세종시,전국 주요 지역,급수/전기/설비,23,6441068430.0,280046453.4782609,2026-05-08 17:27:05,0.015309672929714684,0.0005322649760661956,0.8108108108108107,0.124,15.27,추천,7.7
강원특별자치도,평창군,전국 주요 지역,전문용역/컨설팅,4,1192966000.0,298241500.0,2025-08-11 11:35:07,0.0020876826722338203,9.858209493324467e-05,0.09771986970684039,0.686,15.27,데이터부족,17.5
인천광역시,강화군,전국 주요 지역,폐기물/환경,107,28076483340.0,262397040.56074765,2026-04-23 17:47:26,0.07376478775226165,0.002320131961862737,0.5769230769230769,0.18,15.26,제외,4.7
경기도,안산시,외국인/공단/주거,기타/미분류,9,1097148890.0,121905432.22222222,2026-04-09 11:33:48,0.0055671537926235215,9.066413965685863e-05,0.45454545454545453,0.411,15.26,제외,7.7
서울특별시,용산구,외국인/관광/개발,전문용역/컨설팅,9,1227554000.0,136394888.8888889,2026-04-01 15:03:35,0.0055671537926235215,0.00010144031344035305,0.4054054054054054,0.447,15.25,데이터부족,8.7
대전광역시,동구,전국 주요 지역,차량/운송,6,351143630.0,58523938.333333336,2025-12-18 17:50:50,0.003479471120389701,2.90171510905291e-05,0.16853932584269662,0.629,15.25,데이터부족,5.3
전라남도,고흥군,전국 주요 지역,폐기물/환경,37,4109490050.0,111067298.64864865,2026-02-02 14:30:00,0.025052192066805846,0.00033959235907504855,0.22727272727272727,0.541,15.24,제외,2.4
광주광역시,남구,대학/항만/주거,차량/운송,6,820964600.0,136827433.33333334,2025-12-17 13:12:34,0.003479471120389701,6.784133842375494e-05,0.16759776536312848,0.629,15.23,데이터부족,4.7
경기도,용인시,주거/산업/반도체,기타/미분류,25,1520412884.0,60816515.36,2026-05-07 10:56:06,0.016701461377870562,0.00012564103861150805,0.7894736842105263,0.136,15.23,제외,5.8
서울특별시,양천구,교육/주거/신도시,교육물품/교구,3,1026000000.0,342000000.0,2025-02-18 15:05:51,0.0013917884481558804,8.478467064569235e-05,0.06237006237006238,0.712,15.23,데이터부족,18.7
서울특별시,강서구,공항/산업단지/주거,방역/소독,2,67340000.0,33670000.0,2024-07-08 16:26:50,0.0006958942240779402,5.564717077271855e-06,0.04249291784702549,0.728,15.23,데이터부족,7.5
대전광역시,동구,전국 주요 지역,의료/복지용품,4,183661000.0,45915250.0,2026-04-10 14:53:55,0.0020876826722338203,1.5177034498497567e-05,0.46153846153846145,0.411,15.23,데이터부족,6.8
대구광역시,서구,신도시/항만/산업,인쇄/홍보물,3,3730369000.0,1243456333.3333333,2025-12-01 17:13:50,0.0013917884481558804,0.0003082632622338214,0.15384615384615385,0.643,15.23,데이터부족,19.3
부산광역시,동구,전국 주요 지역,차량/운송,7,568819400.0,81259914.28571428,2026-02-10 11:51:18,0.0041753653444676405,4.700503458662801e-05,0.24193548387096778,0.571,15.22,데이터부족,8.6
경기도,의정부시,교통/주거/군부대,방역/소독,2,52255880.0,26127940.0,2024-06-20 17:43:56,0.0006958942240779402,4.318223757408209e-06,0.04143646408839779,0.728,15.21,데이터부족,5.0
경기도,안산시,외국인/공단/주거,방역/소독,15,576879360.0,38458624.0,2026-05-08 11:29:15,0.009742519137091163,4.767107849892572e-05,0.8108108108108107,0.133,15.21,추천,5.2
충청남도,충청남도,전국 주요 지역,조경/녹지관리,3,1308576000.0,436192000.0,2025-07-09 10:18:56,0.0013917884481558804,0.00010813565806516327,0.08823529411764705,0.691,15.2,데이터부족,18.0
전라남도,해남군,전국 주요 지역,급수/전기/설비,4,31174000.0,7793500.0,2025-11-11 10:59:42,0.0020876826722338203,2.576098755076816e-06,0.13953488372093023,0.651,15.2,데이터부족,0.2
대전광역시,대전광역시,전국 주요 지역,급식/식자재,80,9488323356.0,118604041.95,2026-05-08 15:08:37,0.054975643702157274,0.0007840783340334214,0.8108108108108107,0.041,15.2,추천,6.1
부산광역시,해운대구,관광/해변/고소득,청소/환경미화,5,339767000.0,67953400.0,2025-12-11 15:56:04,0.0027835768963117608,2.807703040085278e-05,0.16216216216216214,0.633,15.2,데이터부족,7.2
부산광역시,부산진구,상업/교통/중심가,전문용역/컨설팅,4,2947600000.0,736900000.0,2025-07-24 19:15:34,0.0020876826722338203,0.00024357826042421325,0.0923076923076923,0.686,15.19,데이터부족,21.0
광주광역시,동구,전국 주요 지역,청소/환경미화,4,199999994.0,49999998.5,2025-06-30 14:00:52,0.0020876826722338203,1.652722575090687e-05,0.08595988538681949,0.691,15.19,데이터부족,3.8
경기도,동두천시,전국 주요 지역,전문용역/컨설팅,10,1276501000.0,127650100.0,2026-04-09 14:12:20,0.006263048016701462,0.00010548510415584497,0.45454545454545453,0.406,15.19,추천,10.3
경기도,동두천시,전국 주요 지역,방역/소독,2,39085200.0,19542600.0,2024-05-22 16:58:49,0.0006958942240779402,3.229849716492217e-06,0.0398406374501992,0.728,15.19,데이터부족,6.0
전라남도,목포시,전국 주요 지역,건설/공사,16,207399000.0,12962437.5,2026-01-30 08:42:47,0.010438413361169102,1.7138650981721197e-05,0.2222222222222222,0.572,15.19,제외,0.0
경상북도,안동시,전국 주요 지역,보험/금융,3,6688000.0,2229333.3333333335,2025-10-29 14:45:40,0.0013917884481558804,5.526704456904391e-07,0.13157894736842105,0.658,15.19,데이터부족,5.3
전라북도,임실군,전국 주요 지역,차량/운송,17,1906118220.0,112124601.1764706,2026-04-15 14:59:51,0.011134307585247043,0.0001575142353747109,0.5,0.362,15.19,추천,6.1
전라남도,전라남도,전국 주요 지역,방역/소독,3,65163300.0,21721100.0,2026-02-05 16:41:10,0.0013917884481558804,5.384843010415638e-06,0.23255813953488372,0.582,15.18,데이터부족,5.7
서울특별시,금천구,제조/산업단지/중소기업,조경/녹지관리,6,2632020000.0,438670000.0,2026-03-23 16:52:57,0.003479471120389701,0.000217499950129508,0.3614457831325301,0.48,15.17,데이터부족,32.5
서울특별시,종로구,공공기관/전통상권/관광,차량/운송,4,198240000.0,49560000.0,2024-12-23 13:32:16,0.0020876826722338203,1.638178665575249e-05,0.055762081784386616,0.712,15.16,데이터부족,6.5
부산광역시,사상구,공단/제조/교통,기타/미분류,9,1664120000.0,184902222.2222222,2026-04-08 16:37:39,0.0055671537926235215,0.00013751643870848885,0.44776119402985076,0.411,15.16,제외,10.4
경기도,김포시,신도시/공항/주거,조경/녹지관리,3,533448000.0,177816000.0,2025-06-27 18:36:21,0.0013917884481558804,4.4082078934311204e-05,0.08522727272727273,0.691,15.16,데이터부족,5.3
부산광역시,해운대구,관광/해변/고소득,시설유지보수,22,5609293000.0,254967863.63636363,2026-01-20 16:15:46,0.014613778705636743,0.00046353027247581635,0.2068965517241379,0.573,15.16,추천,5.3
인천광역시,중구,도심/관광/명동,전문용역/컨설팅,4,666715000.0,166678750.0,2025-07-16 16:09:46,0.0020876826722338203,5.509474823542181e-05,0.0900900900900901,0.686,15.16,데이터부족,5.8
경기도,과천시,전국 주요 지역,인쇄/홍보물,3,620000000.0,206666666.66666666,2025-11-24 18:13:35,0.0013917884481558804,5.123440136484333e-05,0.1485148514851485,0.643,15.14,데이터부족,7.0
전라북도,김제시,전국 주요 지역,보험/금융,4,383081000.0,95770250.0,2026-02-23 14:58:54,0.0020876826722338203,3.165633178910572e-05,0.27027027027027023,0.55,15.14,데이터부족,7.8
경기도,화성시,산업단지/신도시,IT장비/전산,54,20140769010.0,372977203.8888889,2026-05-06 13:49:13,0.03688239387613083,0.0016643552310563522,0.7692307692307692,0.104,15.14,추천,10.8
강원특별자치도,평창군,전국 주요 지역,건설/공사,50,27978732161.0,559574643.22,2026-04-29 16:28:12,0.03409881697981907,0.0023120541826066525,0.6521739130434783,0.197,15.14,제외,10.9
인천광역시,동구,전국 주요 지역,보험/금융,4,176890000.0,44222500.0,2026-02-23 18:58:27,0.0020876826722338203,1.4617505253914737e-05,0.27027027027027023,0.55,15.14,데이터부족,2.8
제주특별자치도,서귀포시,전국 주요 지역,인쇄/홍보물,4,495481000.0,123870250.0,2026-02-10 15:31:47,0.0020876826722338203,4.0944632939764415e-05,0.24193548387096778,0.571,15.13,데이터부족,9.8
전라남도,영암군,전국 주요 지역,기타/미분류,5,226912000.0,45382400.0,2025-11-20 15:56:58,0.0027835768963117608,1.875112981048279e-05,0.14563106796116507,0.641,15.12,제외,4.4
광주광역시,북구,대학/주거/상업,의료/복지용품,11,1229052000.0,111732000.0,2026-05-07 15:06:31,0.006958942240779402,0.00010156410236494102,0.7894736842105263,0.15,15.12,추천,4.8
강원특별자치도,횡성군,전국 주요 지역,IT장비/전산,9,1087328630.0,120814292.22222222,2026-01-14 13:22:39,0.0055671537926235215,8.985263136275038e-05,0.19867549668874174,0.595,15.11,데이터부족,7.8
부산광역시,강서구,공항/산업단지/주거,IT장비/전산,9,5079308840.0,564367648.8888888,2026-01-14 15:57:26,0.0055671537926235215,0.0004197344318783174,0.19867549668874174,0.595,15.11,데이터부족,9.0
서울특별시,종로구,공공기관/전통상권/관광,교육물품/교구,3,413856000.0,137952000.0,2024-11-25 13:45:11,0.0013917884481558804,3.4199458727820326e-05,0.053003533568904596,0.712,15.09,데이터부족,11.0
전라북도,완주군,전국 주요 지역,폐기물/환경,152,30717097002.0,202086164.4868421,2026-04-24 11:07:29,0.10508002783576896,0.0025383420589730546,0.5882352941176471,0.1,15.09,제외,5.8
강원특별자치도,원주시,전국 주요 지역,청소/환경미화,83,10438964929.0,125770661.79518072,2026-05-08 13:52:57,0.05706332637439109,0.0008626356758159828,0.8108108108108107,0.031,15.09,추천,5.7
경기도,김포시,신도시/공항/주거,교육물품/교구,36,3400417090.0,94456030.27777778,2026-05-07 10:45:25,0.024356297842727904,0.00028099731289827837,0.7894736842105263,0.113,15.08,추천,20.6
인천광역시,계양구,주거/교통,청소/환경미화,6,582491000.0,97081833.33333333,2026-01-16 14:18:21,0.003479471120389701,4.8134802718401546e-05,0.20134228187919462,0.596,15.08,데이터부족,4.7
서울특별시,서대문구,대학/의료/주거,급수/전기/설비,4,2432475100.0,608118775.0,2025-10-29 17:26:56,0.0020876826722338203,0.00020101033158610875,0.13157894736842105,0.651,15.08,데이터부족,12.8
경기도,포천시,전국 주요 지역,IT장비/전산,25,7363350500.0,294534020.0,2026-04-29 16:48:39,0.016701461377870562,0.0006084787982371288,0.6521739130434783,0.23,15.07,추천,9.0
경기도,경기도,전국 주요 지역,조경/녹지관리,15,2057213000.0,137147533.33333334,2026-04-29 10:36:17,0.009742519137091163,0.00017000012344350557,0.6521739130434783,0.244,15.06,추천,9.5
경기도,안산시,외국인/공단/주거,의료/복지용품,7,215523840.0,30789120.0,2026-04-30 13:29:36,0.0041753653444676405,1.7810056326213347e-05,0.6666666666666666,0.244,15.05,데이터부족,4.6
경상남도,합천군,전국 주요 지역,교육물품/교구,3,43313000.0,14437666.666666666,2024-10-25 11:49:46,0.0013917884481558804,3.5792187521217087e-06,0.05025125628140704,0.712,15.05,데이터부족,0.0
부산광역시,사하구,공단/항만/주거,청소/환경미화,5,1063973070.0,212794614.0,2025-11-27 10:22:03,0.0027835768963117608,8.792261824155573e-05,0.1507537688442211,0.633,15.03,데이터부족,6.8
경기도,고양시,신도시/주거/교통,보험/금융,5,2608330840.0,521666168.0,2026-04-01 17:15:04,0.0027835768963117608,0.0002155423695949338,0.4054054054054054,0.441,15.02,데이터부족,5.6
인천광역시,동구,전국 주요 지역,건설/공사,11,11490061000.0,1044551000.0,2025-06-09 17:13:56,0.006958942240779402,0.0009494941886782792,0.08108108108108107,0.675,15.02,제외,6.0
제주특별자치도,제주시,전국 주요 지역,청소/환경미화,39,5746579127.0,147348182.74358973,2026-05-07 14:49:44,0.026443980514961725,0.00047487506688314354,0.7894736842105263,0.105,15.01,추천,7.8
전라북도,전라북도,전국 주요 지역,조경/녹지관리,11,613572800.0,55779345.45454545,2026-04-22 15:20:44,0.006958942240779402,5.070328242217862e-05,0.5660377358490566,0.312,15.01,추천,10.8
전라북도,남원시,전국 주요 지역,급식/식자재,2,248834000.0,124417000.0,2025-11-03 20:20:20,0.0006958942240779402,2.0562679079386172e-05,0.13452914798206278,0.648,15.01,데이터부족,11.0
전라북도,김제시,전국 주요 지역,급식/식자재,2,248834000.0,124417000.0,2025-11-03 20:42:24,0.0006958942240779402,2.0562679079386172e-05,0.13452914798206278,0.648,15.01,데이터부족,10.5
경기도,이천시,전국 주요 지역,전문용역/컨설팅,6,453658000.0,75609666.66666667,2026-01-29 17:52:24,0.003479471120389701,3.74885420231808e-05,0.22058823529411764,0.577,14.99,데이터부족,4.2
강원특별자치도,화천군,전국 주요 지역,방역/소독,6,167594840.0,27932473.333333332,2026-04-16 15:47:04,0.003479471120389701,1.3849389192317258e-05,0.5084745762711864,0.361,14.99,데이터부족,6.0
서울특별시,서초구,법조/교육/고소득,교육물품/교구,3,186079000.0,62026333.333333336,2024-08-16 10:47:24,0.0013917884481558804,1.5376848663820456e-05,0.04497751124437781,0.712,14.97,데이터부족,4.7
경상북도,의성군,전국 주요 지역,인쇄/홍보물,3,27000000.0,9000000.0,2025-11-07 18:02:44,0.0013917884481558804,2.2311755433076934e-06,0.136986301369863,0.643,14.97,데이터부족,0.7
전라남도,목포시,전국 주요 지역,급수/전기/설비,4,94887000.0,23721750.0,2025-10-15 13:32:36,0.0020876826722338203,7.841094584364338e-06,0.12396694214876033,0.651,14.96,데이터부족,0.8
강원특별자치도,인제군,전국 주요 지역,시설유지보수,30,22642237820.0,754741260.6666666,2026-04-01 14:39:20,0.020180932498260265,0.001871066935916315,0.4054054054054054,0.4,14.94,추천,5.8
경상북도,경상북도,전국 주요 지역,전문용역/컨설팅,77,10380920524.0,134817149.66233766,2026-05-07 15:34:30,0.05288796102992345,0.0008578391107470254,0.7894736842105263,0.048,14.94,추천,14.2
부산광역시,금정구,대학/주거/산,교육물품/교구,3,137755200.0,45918400.0,2024-07-17 13:03:24,0.0013917884481558804,1.1383556785313333e-05,0.0430416068866571,0.712,14.94,데이터부족,16.3
서울특별시,광진구,대학/강변/상업,IT장비/전산,14,6852066170.0,489433297.85714287,2026-03-30 14:29:54,0.009046624913013222,0.0005662282392455562,0.39473684210526316,0.432,14.94,추천,11.4
서울특별시,종로구,공공기관/전통상권/관광,시설유지보수,16,1336622400.0,83538900.0,2024-12-23 18:58:13,0.010438413361169102,0.00011045330405619382,0.055762081784386616,0.684,14.94,추천,6.9
서울특별시,구로구,산업/디지털/제조,행사/운영용역,9,1682944800.0,186993866.66666666,2024-12-17 16:02:44,0.0055671537926235215,0.00013907204735173547,0.05514705882352941,0.694,14.93,데이터부족,16.7
서울특별시,노원구,주거/교육/대학,행사/운영용역,9,1428030690.0,158670076.66666666,2024-12-18 10:40:42,0.0055671537926235215,0.00011800693150447446,0.055248618784530384,0.694,14.93,데이터부족,9.4
부산광역시,강서구,공항/산업단지/주거,차량/운송,7,676015902.0,96573700.28571428,2026-01-30 11:16:57,0.0041753653444676405,5.5863338793684835e-05,0.2222222222222222,0.571,14.92,데이터부족,4.1
강원특별자치도,삼척시,전국 주요 지역,조경/녹지관리,25,3703481000.0,148139240.0,2026-05-06 14:34:13,0.016701461377870562,0.00030604134193721184,0.7692307692307692,0.135,14.91,추천,5.7
서울특별시,광진구,대학/강변/상업,시설유지보수,16,3828059000.0,239253687.5,2024-12-04 13:33:59,0.010438413361169102,0.00031633598589403357,0.05385996409335727,0.684,14.91,추천,9.2
전라남도,해남군,전국 주요 지역,전문용역/컨설팅,10,3809990000.0,380999000.0,2026-04-06 10:52:57,0.006263048016701462,0.0003148428336387733,0.4347826086956522,0.406,14.9,추천,12.5
경기도,의정부시,교통/주거/군부대,차량/운송,7,783460000.0,111922857.14285715,2026-01-29 17:55:42,0.0041753653444676405,6.474210337629057e-05,0.22058823529411764,0.571,14.9,데이터부족,7.3
경기도,시흥시,전국 주요 지역,차량/운송,16,1683857853.0,105241115.8125,2026-04-09 09:31:10,0.010438413361169102,0.00013914749851926672,0.45454545454545453,0.383,14.9,추천,6.8
경기도,용인시,주거/산업/반도체,청소/환경미화,26,5491658200.0,211217623.07692307,2026-05-04 10:05:44,0.017397355601948505,0.00045380938770537595,0.7317073170731707,0.16,14.88,추천,1.1
울산광역시,울산광역시,전국 주요 지역,급식/식자재,58,14739900520.0,254136215.86206895,2026-05-07 16:39:48,0.03966597077244259,0.0012180483537411982,0.7894736842105263,0.071,14.88,추천,16.1
충청북도,충청북도,전국 주요 지역,보험/금융,3,159355330.0,53118443.333333336,2025-09-15 16:51:46,0.0013917884481558804,1.3168507962656548e-05,0.11029411764705882,0.658,14.87,데이터부족,5.3
강원특별자치도,동해시,전국 주요 지역,시설유지보수,23,9766840410.0,424645235.2173913,2026-01-27 16:00:16,0.015309672929714684,0.0008070939058585662,0.2173913043478261,0.549,14.87,추천,5.9
강원특별자치도,영월군,전국 주요 지역,급식/식자재,2,380900000.0,190450000.0,2025-10-16 09:49:49,0.0006958942240779402,3.14761023868852e-05,0.12448132780082988,0.648,14.86,데이터부족,8.5
대구광역시,대구광역시,전국 주요 지역,청소/환경미화,94,21748612743.0,231368220.67021278,2026-05-07 18:57:56,0.06471816283924843,0.0017972212167796909,0.7894736842105263,0.019,14.86,추천,8.0
경상남도,남해군,전국 주요 지역,행사/운영용역,14,1200559000.0,85754214.28571428,2025-12-19 10:06:41,0.009046624913013222,9.920955107770153e-05,0.1694915254237288,0.597,14.85,추천,13.0
대구광역시,달서구,주거/산업/신시가지,폐기물/환경,43,68270014000.0,1587674744.1860466,2026-02-24 17:40:23,0.029227557411273485,0.005641569836224957,0.27272727272727276,0.472,14.84,제외,13.1
강원특별자치도,삼척시,전국 주요 지역,행사/운영용역,76,15970982180.0,210144502.36842105,2026-04-27 11:32:37,0.05219206680584551,0.001319780179356259,0.625,0.167,14.84,추천,8.6
대구광역시,동구,전국 주요 지역,의료/복지용품,3,511467000.0,170489000.0,2026-02-20 16:56:28,0.0013917884481558804,4.226565413366504e-05,0.2631578947368421,0.541,14.82,데이터부족,50.3
전라남도,영광군,전국 주요 지역,전문용역/컨설팅,13,2648984000.0,203768000.0,2026-04-24 15:32:10,0.008350730688935281,0.00021890178945975508,0.5882352941176471,0.283,14.82,추천,28.0
전라남도,곡성군,전국 주요 지역,전문용역/컨설팅,5,778653500.0,155730700.0,2025-11-12 17:18:12,0.0027835768963117608,6.434491281151619e-05,0.14018691588785046,0.63,14.82,데이터부족,13.2
경기도,경기도,전국 주요 지역,청소/환경미화,38,10783712696.0,283781913.05263156,2026-05-06 14:38:48,0.025748086290883786,0.0008911242975322915,0.7692307692307692,0.111,14.81,추천,11.6
울산광역시,울주군,전국 주요 지역,차량/운송,28,1874674001.0,66952642.89285714,2026-04-23 13:56:00,0.018789144050104383,0.00015491580676688826,0.5769230769230769,0.27,14.81,추천,5.5
인천광역시,계양구,주거/교통,폐기물/환경,62,69632646825.0,1123107206.8548386,2026-03-31 11:29:10,0.04244954766875435,0.005754172541174893,0.4,0.348,14.8,제외,5.6
경기도,구리시,전국 주요 지역,청소/환경미화,4,339582000.0,84895500.0,2025-01-23 17:17:51,0.0020876826722338203,2.8061742716574563e-05,0.0591715976331361,0.691,14.79,데이터부족,0.5
전라북도,남원시,전국 주요 지역,기타/미분류,26,9375635000.0,360601346.15384614,2026-05-06 15:48:06,0.017397355601948505,0.0007747662042585047,0.7692307692307692,0.127,14.79,제외,11.0
충청남도,청양군,전국 주요 지역,건설/공사,49,1488296000.0,30373387.755102042,2026-04-27 10:06:39,0.033402922755741124,0.00012298702357046914,0.625,0.204,14.79,제외,2.1
강원특별자치도,태백시,전국 주요 지역,급수/전기/설비,14,2424140360.0,173152882.85714287,2026-04-28 14:07:17,0.009046624913013222,0.00020032158091767065,0.6382978723404256,0.242,14.78,추천,9.4
경기도,김포시,신도시/공항/주거,급수/전기/설비,4,160000000.0,40000000.0,2025-09-19 09:04:38,0.0020876826722338203,1.3221780997378925e-05,0.11194029850746269,0.651,14.78,데이터부족,5.8
경기도,연천군,전국 주요 지역,IT장비/전산,7,5467318230.0,781045461.4285715,2025-05-26 17:25:47,0.0041753653444676405,0.0004517980267502336,0.078125,0.671,14.77,데이터부족,10.6
대전광역시,서구,신도시/항만/산업,시설유지보수,73,4126031475.0,56520979.10958904,2026-04-30 10:51:57,0.05010438413361169,0.00034095927844213957,0.6666666666666666,0.138,14.77,추천,6.0
경상북도,상주시,전국 주요 지역,시설유지보수,49,1197898235.0,24446902.755102042,2026-04-27 10:54:24,0.033402922755741124,9.89896757519797e-05,0.625,0.202,14.75,추천,1.8
강원특별자치도,고성군,전국 주요 지역,급수/전기/설비,12,1161235000.0,96769583.33333333,2026-04-21 15:15:47,0.007654836464857342,9.595996785307073e-05,0.5555555555555556,0.305,14.74,추천,4.2
인천광역시,중구,도심/관광/명동,건설/공사,27,16430495548.0,608536872.1481482,2026-04-01 17:44:57,0.018093249826026444,0.0013577525863379088,0.4054054054054054,0.395,14.74,제외,6.9
충청남도,충청남도,전국 주요 지역,건설/공사,147,26517644500.0,180392139.45578232,2026-04-30 17:49:31,0.10160055671537926,0.002191315550908436,0.6666666666666666,0.031,14.74,제외,8.1
인천광역시,연수구,신도시/IT/주거,시설유지보수,35,4035986000.0,115313885.71428572,2026-04-14 14:06:27,0.023660403618649965,0.0003335182687530461,0.49180327868852464,0.32,14.73,추천,6.1
전라남도,전라남도,전국 주요 지역,의료/복지용품,17,1022440071.0,60143533.5882353,2026-05-08 15:12:00,0.011134307585247043,8.449049188566599e-05,0.8108108108108107,0.106,14.73,추천,5.9
경상남도,경상남도,전국 주요 지역,보험/금융,8,324528570.0,40566071.25,2026-04-28 16:45:08,0.0048712595685455815,2.6817785499578475e-05,0.6382978723404256,0.248,14.73,데이터부족,3.8
강원특별자치도,영월군,전국 주요 지역,행사/운영용역,42,9054883263.0,215592458.64285713,2026-04-22 13:10:01,0.028531663187195546,0.0007482605216263617,0.5660377358490566,0.254,14.73,추천,8.6
강원특별자치도,고성군,전국 주요 지역,청소/환경미화,4,339320000.0,84830000.0,2024-12-18 17:32:59,0.0020876826722338203,2.8040092050191355e-05,0.055248618784530384,0.691,14.73,데이터부족,6.2
충청북도,증평군,전국 주요 지역,급수/전기/설비,4,60918000.0,15229500.0,2025-09-11 16:53:01,0.0020876826722338203,5.034027842489558e-06,0.10869565217391305,0.651,14.73,데이터부족,0.0
울산광역시,울주군,전국 주요 지역,행사/운영용역,39,4215890740.0,108099762.56410256,2026-04-21 16:47:31,0.026443980514961725,0.0003483849004572361,0.5555555555555556,0.266,14.72,추천,7.5
충청북도,증평군,전국 주요 지역,시설유지보수,25,1066345000.0,42653800.0,2026-02-24 17:47:05,0.016701461377870562,8.811862536031269e-05,0.27272727272727276,0.498,14.72,추천,2.0
충청북도,제천시,전국 주요 지역,시설유지보수,23,3120661300.0,135680926.08695653,2026-01-21 13:45:08,0.015309672929714684,0.00025787937672247383,0.20833333333333334,0.549,14.72,추천,3.0
전라북도,무주군,전국 주요 지역,행사/운영용역,17,2582265380.0,151897963.52941176,2026-02-11 14:06:21,0.011134307585247043,0.00021338842082170917,0.24390243902439027,0.53,14.71,추천,11.8
서울특별시,서초구,법조/교육/고소득,청소/환경미화,4,353165640.0,88291410.0,2024-11-26 10:08:40,0.0020876826722338203,2.918424217424479e-05,0.05309734513274337,0.691,14.7,데이터부족,8.8
경기도,성남시,IT/판교/주거,교육물품/교구,20,3138270238.0,156913511.9,2026-04-29 11:47:44,0.013221990257480862,0.00025933451123392646,0.6521739130434783,0.219,14.7,추천,10.3
대구광역시,달성군,농촌/산업단지,행사/운영용역,77,13325703720.0,173061087.27272728,2026-04-27 17:44:36,0.05288796102992345,0.0011011846013862354,0.625,0.159,14.7,추천,15.4
경상북도,경상북도,전국 주요 지역,폐기물/환경,88,15444274550.0,175503119.88636363,2026-04-15 08:29:48,0.060542797494780795,0.001276255098521831,0.5,0.237,14.69,제외,5.7
대전광역시,동구,전국 주요 지역,기타/미분류,9,1101318000.0,122368666.66666667,2026-04-03 15:00:33,0.0055671537926235215,9.100865877794602e-05,0.4166666666666667,0.411,14.69,제외,9.8
울산광역시,울주군,전국 주요 지역,보험/금융,4,2162580930.0,540645232.5,2026-02-09 11:46:01,0.0020876826722338203,0.00017870732153480026,0.24000000000000005,0.55,14.69,데이터부족,6.2
경기도,양평군,전국 주요 지역,차량/운송,15,1461805470.0,97453698.0,2026-04-03 10:42:13,0.009742519137091163,0.00012079794865694105,0.4166666666666667,0.402,14.68,추천,8.8
충청남도,천안시,전국 주요 지역,급수/전기/설비,4,62680000.0,15670000.0,2025-09-01 14:07:28,0.0020876826722338203,5.179632705723194e-06,0.1048951048951049,0.651,14.68,데이터부족,0.5
경상남도,창녕군,전국 주요 지역,급수/전기/설비,4,52462600.0,13115650.0,2025-08-28 14:50:59,0.0020876826722338203,4.335306298456822e-06,0.10344827586206898,0.651,14.66,데이터부족,0.0
세종특별자치시,세종시,전국 주요 지역,청소/환경미화,65,29528481730.0,454284334.3076923,2026-05-07 09:17:03,0.04453723034098817,0.0024401194913697796,0.7894736842105263,0.049,14.66,추천,6.9
경기도,수원시,행정/산업/대학,조경/녹지관리,8,853443700.0,106680462.5,2026-04-01 08:58:53,0.0048712595685455815,7.052528559370475e-05,0.4054054054054054,0.419,14.66,데이터부족,4.0
서울특별시,강남구,업무지구/고소득/IT,폐기물/환경,79,368612487559.0,4665980855.177216,2026-04-03 17:52:26,0.054279749478079335,0.030460709896276007,0.4166666666666667,0.274,14.66,제외,7.2
경상북도,구미시,전국 주요 지역,조경/녹지관리,3,65956000.0,21985333.333333332,2024-11-07 10:26:35,0.0013917884481558804,5.450348671644527e-06,0.051369863013698634,0.691,14.65,데이터부족,0.0
부산광역시,사하구,공단/항만/주거,건설/공사,14,13829753807.0,987839557.6428572,2025-11-25 10:08:51,0.009046624913013222,0.001142837350523884,0.14925373134328357,0.601,14.65,제외,8.9
인천광역시,부평구,주거/상업/교통,청소/환경미화,10,1063471480.0,106347148.0,2026-04-03 14:34:28,0.006263048016701462,8.788116878449026e-05,0.4166666666666667,0.407,14.64,추천,5.9
전라남도,영광군,전국 주요 지역,보험/금융,3,14960000.0,4986666.666666667,2025-08-01 10:05:26,0.0013917884481558804,1.2362365232549295e-06,0.09463722397476342,0.658,14.64,데이터부족,0.0
서울특별시,도봉구,주거/자연/교육,청소/환경미화,5,1330000000.0,266000000.0,2025-10-14 10:13:40,0.0027835768963117608,0.0001099060545407123,0.1234567901234568,0.633,14.63,데이터부족,18.0
서울특별시,마포구,홍대/관광/문화콘텐츠,조경/녹지관리,3,602750000.0,200916666.66666666,2024-10-21 10:56:50,0.0013917884481558804,4.980892810106342e-05,0.04991680532445923,0.691,14.63,데이터부족,6.3
경기도,시흥시,전국 주요 지역,조경/녹지관리,3,133287000.0,44429000.0,2024-10-28 17:05:48,0.0013917884481558804,1.101432202373528e-05,0.050505050505050504,0.691,14.63,데이터부족,6.0
서울특별시,중구,도심/관광/명동,전문용역/컨설팅,4,326110000.0,81527500.0,2024-12-10 09:36:52,0.0020876826722338203,2.6948468756595257e-05,0.0544464609800363,0.686,14.62,데이터부족,7.2
강원특별자치도,속초시,전국 주요 지역,급수/전기/설비,5,344489100.0,68897820.0,2026-01-30 15:48:17,0.0027835768963117608,2.846724647615105e-05,0.2222222222222222,0.558,14.61,데이터부족,13.8
충청남도,공주시,전국 주요 지역,건설/공사,41,1110722000.0,27090780.48780488,2026-04-20 15:59:33,0.027835768963117607,9.178576895606696e-05,0.5454545454545454,0.265,14.6,제외,1.3
인천광역시,부평구,주거/상업/교통,인쇄/홍보물,4,288378000.0,72094500.0,2026-01-19 09:25:57,0.0020876826722338203,2.383044225288837e-05,0.2054794520547945,0.571,14.59,데이터부족,13.2
울산광역시,북구,대학/주거/상업,조경/녹지관리,14,1364190000.0,97442142.85714285,2026-04-24 18:11:57,0.009046624913013222,0.00011273138386758972,0.5882352941176471,0.27,14.59,추천,-15.1
경기도,광명시,전국 주요 지역,청소/환경미화,19,1895272800.0,99751200.0,2026-04-30 09:14:45,0.012526096033402923,0.00015661801182430716,0.6666666666666666,0.204,14.58,추천,7.4
부산광역시,동구,전국 주요 지역,전문용역/컨설팅,4,390000000.0,97500000.0,2024-11-14 16:59:52,0.0020876826722338203,3.222809118111113e-05,0.05199306759098787,0.686,14.58,데이터부족,12.2
인천광역시,미추홀구,전국 주요 지역,의료/복지용품,2,185090400.0,92545200.0,2024-12-04 16:17:38,0.0006958942240779402,1.52951545844829e-05,0.05385996409335727,0.687,14.58,데이터부족,7.0
서울특별시,강서구,공항/산업단지/주거,청소/환경미화,7,1292769170.0,184681310.0,2026-01-28 10:53:48,0.0041753653444676405,0.00010682944278689578,0.21897810218978103,0.556,14.57,데이터부족,6.0
전라북도,무주군,전국 주요 지역,조경/녹지관리,3,111005000.0,37001666.666666664,2024-09-06 15:18:54,0.0013917884481558804,9.173023747587798e-06,0.04643962848297213,0.691,14.57,데이터부족,4.0
부산광역시,부산진구,상업/교통/중심가,IT장비/전산,9,5234230000.0,581581111.1111112,2025-12-11 10:24:47,0.0055671537926235215,0.0004325365171869418,0.16216216216216214,0.595,14.57,데이터부족,8.0
서울특별시,서초구,법조/교육/고소득,의료/복지용품,2,8922000000.0,4461000000.0,2024-11-12 15:40:18,0.0006958942240779402,0.0007372795628663423,0.05181347150259067,0.687,14.56,데이터부족,79.0
경상남도,의령군,전국 주요 지역,조경/녹지관리,3,35829000.0,11943000.0,2024-08-30 09:21:35,0.0013917884481558804,2.960769945969309e-06,0.045941807044410414,0.691,14.56,데이터부족,0.0
경상북도,경주시,전국 주요 지역,급수/전기/설비,5,76976000.0,15395200.0,2026-01-28 10:11:13,0.0027835768963117608,6.360998837839e-06,0.21897810218978103,0.558,14.56,데이터부족,0.0
서울특별시,성북구,대학/문화/주거,의료/복지용품,2,2005709000.0,1002854500.0,2024-11-19 10:54:30,0.0006958942240779402,0.0001657440321404493,0.05244755244755245,0.687,14.56,데이터부족,19.0
서울특별시,강북구,주거/서민/교육,건설/공사,13,62170843000.0,4782372538.461538,2025-08-18 10:17:37,0.008350730688935281,0.0051375579410526786,0.1,0.63,14.56,제외,30.2
서울특별시,중구,도심/관광/명동,의료/복지용품,2,670320000.0,335160000.0,2024-11-11 16:30:03,0.0006958942240779402,5.5392651488519003e-05,0.05172413793103449,0.687,14.55,데이터부족,20.0
전라북도,익산시,전국 주요 지역,기타/미분류,57,6737935750.0,118209399.12280701,2026-05-06 11:37:33,0.03897007654836465,0.0005567969428806882,0.7692307692307692,0.072,14.55,제외,5.8
서울특별시,노원구,주거/교육/대학,폐기물/환경,27,83775813000.0,3102807888.888889,2024-12-16 13:35:03,0.018093249826026444,0.006922909077271064,0.055045871559633024,0.641,14.54,제외,18.7
대구광역시,달성군,농촌/산업단지,급수/전기/설비,20,1035167000.0,51758350.0,2026-05-04 14:56:42,0.013221990257480862,8.554219606071094e-05,0.7317073170731707,0.151,14.53,추천,5.5
부산광역시,사하구,공단/항만/주거,전문용역/컨설팅,6,667000000.0,111166666.66666667,2026-01-07 17:18:15,0.003479471120389701,5.511829953282339e-05,0.189873417721519,0.577,14.53,데이터부족,11.8
전라북도,김제시,전국 주요 지역,기타/미분류,15,10639231860.0,709282124.0,2026-04-28 14:15:30,0.009742519137091163,0.0008791849602078527,0.6382978723404256,0.227,14.53,제외,10.7
강원특별자치도,삼척시,전국 주요 지역,건설/공사,62,38518712174.0,621269551.1935484,2026-04-28 15:45:48,0.04244954766875435,0.003183037354160634,0.6382978723404256,0.159,14.53,제외,7.5
광주광역시,북구,대학/주거/상업,방역/소독,3,81005000.0,27001666.666666668,2026-01-06 17:58:40,0.0013917884481558804,6.693939810579248e-06,0.18867924528301888,0.582,14.53,데이터부족,3.7
울산광역시,남구,대학/항만/주거,건설/공사,92,51147809008.0,555954445.7391304,2026-04-30 13:50:22,0.06332637439109255,0.004226657057497131,0.6666666666666666,0.094,14.52,제외,10.8
인천광역시,계양구,주거/교통,조경/녹지관리,9,1197540700.0,133060077.77777778,2026-04-09 16:14:12,0.0055671537926235215,9.89601304427991e-05,0.45454545454545453,0.374,14.52,데이터부족,5.9
부산광역시,서구,신도시/항만/산업,IT장비/전산,9,2014004880.0,223778320.0,2025-12-08 15:21:18,0.0055671537926235215,0.00016642957156882764,0.1595744680851064,0.595,14.52,데이터부족,10.7
충청북도,옥천군,전국 주요 지역,시설유지보수,24,519119600.0,21629983.333333332,2026-01-30 09:17:59,0.016005567153792623,4.289803539154343e-05,0.2222222222222222,0.527,14.51,추천,1.1
전라북도,부안군,전국 주요 지역,방역/소독,3,140305000.0,46768333.333333336,2026-01-05 16:11:56,0.0013917884481558804,1.1594262392732812e-05,0.1875,0.582,14.51,데이터부족,4.3
대구광역시,남구,대학/항만/주거,보험/금융,4,114740000.0,28685000.0,2026-02-02 19:07:09,0.0020876826722338203,9.481669697745362e-06,0.22727272727272727,0.55,14.49,데이터부족,3.8
전라북도,익산시,전국 주요 지역,교육물품/교구,54,3709197247.0,68688837.9074074,2026-05-06 09:10:37,0.03688239387613083,0.0003065137104744676,0.7692307692307692,0.073,14.48,추천,10.6
충청북도,충청북도,전국 주요 지역,조경/녹지관리,5,712707198.0,142541439.6,2026-02-12 16:37:21,0.0027835768963117608,5.8895365545072366e-05,0.24590163934426232,0.534,14.48,데이터부족,11.4
강원특별자치도,철원군,전국 주요 지역,사무용품/소모품,1,5500000.0,5500000.0,2025-07-08 10:05:56,0.0,4.544987217849005e-07,0.0879765395894428,0.658,14.48,데이터부족,0.0
인천광역시,강화군,전국 주요 지역,건설/공사,66,9076806300.0,137527368.1818182,2026-04-29 16:57:21,0.04523312456506611,0.0007500721565889332,0.6521739130434783,0.143,14.47,제외,5.6
충청남도,충청남도,전국 주요 지역,시설유지보수,97,9618690881.0,99161761.65979381,2026-04-30 10:45:59,0.06680584551148225,0.0007948514019379234,0.6666666666666666,0.089,14.47,추천,3.7
전라남도,전라남도,전국 주요 지역,시설유지보수,133,14537621684.0,109305426.19548872,2026-04-29 08:47:52,0.0918580375782881,0.0012013328133037187,0.6521739130434783,0.049,14.47,추천,4.8
경상북도,성주군,전국 주요 지역,급수/전기/설비,4,72264000.0,18066000.0,2025-07-16 10:07:34,0.0020876826722338203,5.971617387466191e-06,0.0900900900900901,0.651,14.46,데이터부족,0.0
대구광역시,수성구,교육/고소득/주거,급식/식자재,3,35771050.0,11923683.333333334,2026-02-12 13:28:39,0.0013917884481558804,2.9559811821643213e-06,0.24590163934426232,0.536,14.46,데이터부족,27.7
광주광역시,남구,대학/항만/주거,전문용역/컨설팅,7,346223000.0,49460428.571428575,2026-02-11 18:37:42,0.0041753653444676405,2.8610529264097022e-05,0.24390243902439027,0.531,14.45,데이터부족,8.6
제주특별자치도,제주시,전국 주요 지역,급수/전기/설비,76,31120067399.0,409474571.0394737,2026-05-06 09:56:55,0.05219206680584551,0.00257164197358281,0.7692307692307692,0.038,14.45,추천,7.5
전라북도,진안군,전국 주요 지역,전문용역/컨설팅,16,2553781000.0,159611312.5,2026-04-27 16:04:53,0.010438413361169102,0.00021103458185792092,0.625,0.232,14.44,추천,9.2
강원특별자치도,동해시,전국 주요 지역,건설/공사,17,1831977000.0,107763352.94117647,2026-01-05 17:23:11,0.011134307585247043,0.0001513874917889703,0.1875,0.558,14.42,제외,8.6
서울특별시,성동구,성수/브랜드/라이프스타일,IT장비/전산,7,2010465000.0,287209285.71428573,2024-12-13 11:57:18,0.0041753653444676405,0.00016613704958059637,0.05474452554744526,0.671,14.41,데이터부족,14.1
경기도,용인시,주거/산업/반도체,보험/금융,4,1578694000.0,394673500.0,2026-01-29 21:41:13,0.0020876826722338203,0.00013045716456172577,0.22058823529411764,0.55,14.4,데이터부족,5.8
경기도,군포시,전국 주요 지역,청소/환경미화,5,198406000.0,39681200.0,2025-09-11 10:50:31,0.0027835768963117608,1.639550425353727e-05,0.10869565217391305,0.633,14.4,데이터부족,5.6
경기도,연천군,전국 주요 지역,행사/운영용역,30,5653137260.0,188437908.66666666,2026-04-09 10:37:32,0.020180932498260265,0.0004671533924990173,0.45454545454545453,0.338,14.4,추천,14.5
인천광역시,부평구,주거/상업/교통,급식/식자재,3,95310600.0,31770200.0,2026-02-10 11:31:03,0.0013917884481558804,7.876099249554898e-06,0.24193548387096778,0.536,14.4,데이터부족,13.7
대전광역시,동구,전국 주요 지역,조경/녹지관리,5,444972000.0,88994400.0,2026-02-09 15:14:08,0.0027835768963117608,3.677076458728559e-05,0.24000000000000005,0.534,14.39,데이터부족,5.2
서울특별시,영등포구,오피스/금융/교통,IT장비/전산,7,1018455000.0,145493571.42857143,2024-11-20 17:38:54,0.0041753653444676405,8.41611810355347e-05,0.052539404553415055,0.671,14.38,데이터부족,16.0
전라북도,장수군,전국 주요 지역,건설/공사,38,9741207000.0,256347552.63157895,2026-04-16 09:18:02,0.025748086290883786,0.000804975660025841,0.5084745762711864,0.285,14.38,제외,10.1
경기도,경기도,전국 주요 지역,사무용품/소모품,1,65987000.0,65987000.0,2025-06-09 17:36:28,0.0,5.452910391712769e-06,0.08108108108108107,0.658,14.38,데이터부족,3.0
경기도,연천군,전국 주요 지역,전문용역/컨설팅,10,1934435800.0,193443580.0,2026-03-31 13:31:10,0.006263048016701462,0.00015985429063180935,0.4,0.406,14.37,추천,15.4
경기도,경기도,전국 주요 지역,급수/전기/설비,28,1209041730.0,43180061.78571428,2026-05-06 14:44:22,0.018789144050104383,9.991053106720087e-05,0.7692307692307692,0.104,14.37,추천,5.2
대전광역시,서구,신도시/항만/산업,IT장비/전산,11,2066642310.0,187876573.63636363,2026-02-12 15:11:40,0.006958942240779402,0.00017077932514210803,0.24590163934426232,0.52,14.37,추천,13.5
광주광역시,서구,신도시/항만/산업,전문용역/컨설팅,5,285310560.0,57062112.0,2025-09-15 19:25:59,0.0027835768963117608,2.3576960878497123e-05,0.11029411764705882,0.63,14.37,데이터부족,3.2
부산광역시,수영구,해변/문화/청년,경비/보안,2,843514488.0,421757244.0,2026-01-14 18:19:35,0.0006958942240779402,6.970477392782633e-05,0.19867549668874174,0.568,14.37,데이터부족,5.0
충청남도,부여군,전국 주요 지역,기타/미분류,5,138327640.0,27665528.0,2025-08-04 11:02:09,0.0027835768963117608,1.1430861012276705e-05,0.09554140127388534,0.641,14.36,제외,0.0
인천광역시,미추홀구,전국 주요 지역,IT장비/전산,19,3009450300.0,158392121.0526316,2026-04-14 17:20:49,0.012526096033402923,0.0002486893299318519,0.49180327868852464,0.324,14.36,추천,10.0
경상남도,창녕군,전국 주요 지역,보험/금융,6,47564000.0,7927333.333333333,2026-04-09 09:18:49,0.003479471120389701,3.93050494599582e-06,0.45454545454545453,0.37,14.36,데이터부족,0.0
인천광역시,미추홀구,전국 주요 지역,보험/금융,4,680000000.0,170000000.0,2026-01-27 14:37:33,0.0020876826722338203,5.619256923886043e-05,0.2173913043478261,0.55,14.35,데이터부족,3.8
강원특별자치도,태백시,전국 주요 지역,IT장비/전산,15,6718640900.0,447909393.3333333,2026-03-30 17:26:58,0.009742519137091163,0.0005552024911239552,0.39473684210526316,0.401,14.34,추천,16.3
경상북도,봉화군,전국 주요 지역,전문용역/컨설팅,17,9923069000.0,583709941.1764706,2026-04-28 15:58:27,0.011134307585247043,0.0008200040321242493,0.6382978723404256,0.215,14.34,추천,22.8
인천광역시,강화군,전국 주요 지역,기타/미분류,14,7270548480.0,519324891.4285714,2026-04-24 08:42:19,0.009046624913013222,0.0006008099983336639,0.5882352941176471,0.256,14.32,제외,11.4
경기도,안양시,전국 주요 지역,인쇄/홍보물,4,436727000.0,109181750.0,2026-01-05 14:41:34,0.0020876826722338203,3.608942968526441e-05,0.1875,0.571,14.32,데이터부족,8.2
서울특별시,구로구,산업/디지털/제조,교육물품/교구,4,712242000.0,178060500.0,2025-10-22 17:32:31,0.0020876826722338203,5.885692338209475e-05,0.12765957446808512,0.616,14.32,데이터부족,10.0
부산광역시,부산광역시,전국 주요 지역,사무용품/소모품,1,28200000.0,28200000.0,2025-05-20 09:57:00,0.0,2.3303389007880354e-06,0.07692307692307693,0.658,14.31,데이터부족,6.0
강원특별자치도,철원군,전국 주요 지역,급식/식자재,2,510000000.0,255000000.0,2025-07-09 16:43:04,0.0006958942240779402,4.2144426929145324e-05,0.08823529411764705,0.648,14.31,데이터부족,12.5
전라북도,고창군,전국 주요 지역,폐기물/환경,116,66087633844.0,569720981.4137931,2026-04-16 18:37:45,0.08002783576896312,0.005461226383252097,0.5084745762711864,0.167,14.3,제외,6.5
서울특별시,성북구,대학/문화/주거,폐기물/환경,29,136216735000.0,4697128793.103448,2024-12-24 16:23:22,0.019485038274182326,0.011256423989675005,0.0558659217877095,0.62,14.3,제외,6.4
충청북도,보은군,전국 주요 지역,전문용역/컨설팅,5,932691000.0,186538200.0,2025-09-01 16:14:28,0.0027835768963117608,7.707397587641467e-05,0.1048951048951049,0.63,14.29,데이터부족,10.4
인천광역시,동구,전국 주요 지역,청소/환경미화,7,2252671000.0,321810142.85714287,2026-01-15 17:32:44,0.0041753653444676405,0.00018615201638216613,0.2,0.556,14.29,데이터부족,6.1
부산광역시,수영구,해변/문화/청년,급식/식자재,2,1528560.0,764280.0,2025-06-30 19:45:36,0.0006958942240779402,1.2631428475845956e-07,0.08595988538681949,0.648,14.28,데이터부족,19.0
전라남도,고흥군,전국 주요 지역,기타/미분류,5,227239642.0,45447928.4,2025-07-15 14:47:27,0.0027835768963117608,1.8778204877792437e-05,0.08982035928143713,0.641,14.28,제외,5.0
부산광역시,북구,대학/주거/상업,급수/전기/설비,4,1889915828.0,472478957.0,2025-05-26 18:09:19,0.0020876826722338203,0.00015617533238310036,0.078125,0.651,14.28,데이터부족,8.5
전라북도,진안군,전국 주요 지역,급식/식자재,2,147045000.0,73522500.0,2025-06-25 10:22:50,0.0006958942240779402,1.21512299172474e-05,0.0847457627118644,0.648,14.26,데이터부족,10.0
전라남도,완도군,전국 주요 지역,건설/공사,13,1789723000.0,137671000.0,2025-07-08 11:27:15,0.008350730688935281,0.000147895784699825,0.0879765395894428,0.63,14.26,제외,3.2
경기도,부천시,제조/주거/교통,차량/운송,8,896882000.0,112110250.0,2026-01-29 17:36:17,0.0048712595685455815,7.411485865307004e-05,0.22058823529411764,0.537,14.25,데이터부족,4.5
부산광역시,해운대구,관광/해변/고소득,인쇄/홍보물,3,313196450.0,104398816.66666667,2025-07-11 10:15:09,0.0013917884481558804,2.5881342944103364e-05,0.08875739644970414,0.643,14.25,데이터부족,13.7
충청북도,옥천군,전국 주요 지역,급수/전기/설비,4,34238940.0,8559735.0,2025-05-16 11:03:40,0.0020876826722338203,2.829373539139982e-06,0.07614213197969544,0.651,14.25,데이터부족,0.5
서울특별시,은평구,주거/문화/뉴타운,전문용역/컨설팅,5,1787370000.0,357474000.0,2025-08-22 13:48:42,0.0027835768963117608,0.0001477013418830323,0.10135135135135134,0.63,14.24,데이터부족,14.2
서울특별시,영등포구,오피스/금융/교통,건설/공사,12,21117232000.0,1759769333.3333333,2024-11-18 20:59:55,0.007654836464857342,0.0017450463548427633,0.05235602094240837,0.655,14.24,제외,23.2
충청남도,당진시,전국 주요 지역,급수/전기/설비,4,29394000.0,7348500.0,2025-05-14 15:58:17,0.0020876826722338203,2.4290064414809757e-06,0.07575757575757576,0.651,14.24,데이터부족,0.0
대구광역시,서구,신도시/항만/산업,IT장비/전산,19,2369471780.0,124709041.05263157,2026-04-13 10:09:22,0.012526096033402923,0.0001958039809664351,0.48387096774193555,0.324,14.24,추천,10.2
경기도,성남시,IT/판교/주거,차량/운송,8,544746360.0,68093295.0,2026-01-29 15:43:02,0.0048712595685455815,4.501573169399587e-05,0.22058823529411764,0.537,14.24,데이터부족,5.6
경기도,가평군,전국 주요 지역,차량/운송,7,436785000.0,62397857.14285714,2025-12-26 11:52:11,0.0041753653444676405,3.609422258087596e-05,0.1764705882352941,0.571,14.23,데이터부족,7.1
충청남도,서천군,전국 주요 지역,경비/보안,2,14435520.0,7217760.0,2026-01-06 09:25:59,0.0006958942240779402,1.1928955251455213e-06,0.18867924528301888,0.568,14.22,데이터부족,0.0
광주광역시,남구,대학/항만/주거,의료/복지용품,3,164780000.0,54926666.666666664,2026-01-30 16:26:01,0.0013917884481558804,1.361678170467562e-05,0.2222222222222222,0.541,14.21,데이터부족,6.7
대구광역시,군위군,전국 주요 지역,급수/전기/설비,5,208822000.0,41764400.0,2026-01-12 09:55:18,0.0027835768963117608,1.7256242196466637e-05,0.19607843137254904,0.558,14.21,데이터부족,6.6
대전광역시,대전광역시,전국 주요 지역,의료/복지용품,90,17081072563.0,189789695.14444444,2026-05-06 12:56:09,0.061934585942936674,0.0014115137539270244,0.7692307692307692,0.008,14.21,추천,8.0
울산광역시,울주군,전국 주요 지역,교육물품/교구,14,1606308500.0,114736321.42857143,2026-04-21 16:15:53,0.009046624913013222,0.00013273912000767653,0.5555555555555556,0.275,14.2,추천,7.2
경상북도,예천군,전국 주요 지역,건설/공사,19,468744200.0,24670747.36842105,2026-01-30 14:57:00,0.012526096033402923,3.873520722619741e-05,0.2222222222222222,0.518,14.2,제외,1.8
경기도,성남시,IT/판교/주거,시설유지보수,33,11743511320.0,355863979.3939394,2026-03-31 22:09:44,0.022268615170494086,0.0009704383425830018,0.4,0.364,14.2,추천,7.8
전라남도,보성군,전국 주요 지역,급수/전기/설비,4,29895000.0,7473750.0,2025-04-25 09:30:43,0.0020876826722338203,2.4704071432290185e-06,0.07228915662650602,0.651,14.19,데이터부족,0.0
대구광역시,북구,대학/주거/상업,급식/식자재,3,41173750.0,13724583.333333334,2026-02-02 14:31:58,0.0013917884481558804,3.4024394083801908e-06,0.22727272727272727,0.536,14.18,데이터부족,12.7
광주광역시,광산구,전국 주요 지역,급수/전기/설비,13,7911584000.0,608583384.6153846,2026-04-21 16:17:54,0.008350730688935281,0.0006537826936897946,0.5555555555555556,0.275,14.18,추천,6.8
대전광역시,유성구,전국 주요 지역,방역/소독,10,1165328000.0,116532800.0,2026-04-22 09:57:05,0.006263048016701462,9.629819753820992e-05,0.5660377358490566,0.272,14.18,추천,6.1
경상남도,합천군,전국 주요 지역,급수/전기/설비,12,145376000.0,12114666.666666666,2026-04-17 18:11:43,0.007654836464857342,1.2013310214218491e-05,0.5172413793103449,0.305,14.17,추천,1.2
경기도,의정부시,교통/주거/군부대,기타/미분류,6,643005470.0,107167578.33333333,2025-12-26 13:15:56,0.003479471120389701,5.31354844028544e-05,0.1764705882352941,0.569,14.17,제외,8.8
전라북도,남원시,전국 주요 지역,보험/금융,4,832000000.0,208000000.0,2026-01-19 21:44:51,0.0020876826722338203,6.875326118637041e-05,0.2054794520547945,0.55,14.17,데이터부족,4.8
인천광역시,인천광역시,전국 주요 지역,사무용품/소모품,1,80000000.0,80000000.0,2025-03-27 16:14:23,0.0,6.6108904986894625e-06,0.06756756756756756,0.658,14.17,데이터부족,0.0
경기도,안양시,전국 주요 지역,의료/복지용품,3,368000000.0,122666666.66666667,2026-01-28 10:08:07,0.0013917884481558804,3.0410096293971527e-05,0.21897810218978103,0.541,14.16,데이터부족,12.7
대구광역시,북구,대학/주거/상업,행사/운영용역,20,5597503640.0,279875182.0,2026-02-20 11:09:39,0.013221990257480862,0.000462556045375696,0.2631578947368421,0.483,14.15,추천,6.8
경상북도,영주시,전국 주요 지역,급식/식자재,2,250200000.0,125100000.0,2025-05-23 11:09:19,0.0006958942240779402,2.0675560034651294e-05,0.07751937984496124,0.648,14.15,데이터부족,7.5
경상남도,남해군,전국 주요 지역,건설/공사,35,1125080899.0,32145168.542857144,2026-04-10 09:18:32,0.023660403618649965,9.297233281820124e-05,0.46153846153846145,0.314,14.15,제외,1.4
경기도,이천시,전국 주요 지역,의료/복지용품,3,214069690.0,71356563.33333333,2026-01-27 17:56:55,0.0013917884481558804,1.7689890995979982e-05,0.2173913043478261,0.541,14.14,데이터부족,12.0
경기도,경기도,전국 주요 지역,건설/공사,31,10042119879.0,323939350.9354839,2026-04-01 17:13:31,0.020876826722338204,0.0008298419361847709,0.4054054054054054,0.359,14.12,제외,10.7
전라북도,완주군,전국 주요 지역,인쇄/홍보물,5,1162000000.0,232400000.0,2026-02-20 14:00:15,0.0027835768963117608,9.602318449346444e-05,0.2631578947368421,0.503,14.12,데이터부족,9.6
경기도,양평군,전국 주요 지역,청소/환경미화,7,422456400.0,60350914.28571428,2026-01-06 11:42:04,0.0041753653444676405,3.491016251088194e-05,0.18867924528301888,0.556,14.12,데이터부족,5.6
경상남도,양산시,전국 주요 지역,급수/전기/설비,4,26956780.0,6739195.0,2025-03-27 11:50:31,0.0020876826722338203,2.2276040097157764e-06,0.06756756756756756,0.651,14.12,데이터부족,0.0
경기도,양주시,전국 주요 지역,의료/복지용품,3,743537000.0,247845666.66666666,2026-01-26 11:25:46,0.0013917884481558804,6.144302110905083e-05,0.21582733812949642,0.541,14.11,데이터부족,8.7
광주광역시,북구,대학/주거/상업,청소/환경미화,22,2355056460.0,107048020.9090909,2026-04-30 11:39:06,0.014613778705636743,0.00019461275469114049,0.6666666666666666,0.176,14.11,추천,6.1
광주광역시,광산구,전국 주요 지역,차량/운송,7,978902000.0,139843142.85714287,2025-12-17 14:42:01,0.0041753653444676405,8.08926741368514e-05,0.16759776536312848,0.571,14.1,데이터부족,6.4
경기도,광명시,전국 주요 지역,급식/식자재,2,217675942.0,108837971.0,2025-05-01 16:40:42,0.0006958942240779402,1.7987897709513482e-05,0.07334963325183375,0.648,14.09,데이터부족,25.0
광주광역시,서구,신도시/항만/산업,청소/환경미화,8,533760310.0,66720038.75,2026-02-13 16:52:30,0.0048712595685455815,4.410788702445677e-05,0.24793388429752067,0.509,14.09,데이터부족,5.9
경기도,시흥시,전국 주요 지역,급식/식자재,2,194324000.0,97162000.0,2025-05-01 13:33:56,0.0006958942240779402,1.605818356584164e-05,0.07334963325183375,0.648,14.09,데이터부족,27.5
인천광역시,강화군,전국 주요 지역,차량/운송,68,7857875739.0,115556996.16176471,2026-04-30 19:18:35,0.04662491301322199,0.0006493444507854692,0.6666666666666666,0.11,14.08,추천,7.3
강원특별자치도,태백시,전국 주요 지역,인쇄/홍보물,3,494000000.0,164666666.66666666,2025-05-19 16:32:32,0.0013917884481558804,4.0822248829407426e-05,0.07672634271099744,0.643,14.07,데이터부족,10.7
충청북도,충청북도,전국 주요 지역,인쇄/홍보물,25,8243822100.0,329752884.0,2026-05-07 13:37:13,0.016701461377870562,0.0006812375649222027,0.7894736842105263,0.077,14.07,추천,14.2
충청남도,서천군,전국 주요 지역,전문용역/컨설팅,5,537452000.0,107490400.0,2025-07-15 16:09:12,0.0027835768963117608,4.441295400377061e-05,0.08982035928143713,0.63,14.06,데이터부족,8.0
경기도,양주시,전국 주요 지역,보험/금융,3,1538641620.0,512880540.0,2024-12-23 10:18:00,0.0013917884481558804,0.00012714739083182703,0.055762081784386616,0.658,14.06,데이터부족,0.3
경기도,여주시,전국 주요 지역,전문용역/컨설팅,11,3105722000.0,282338363.6363636,2026-04-09 17:29:10,0.006958942240779402,0.00025664485076713544,0.45454545454545453,0.348,14.06,추천,11.5
울산광역시,동구,전국 주요 지역,보험/금융,4,952718380.0,238179595.0,2026-01-13 18:15:38,0.0020876826722338203,7.87289610783602e-05,0.19736842105263158,0.55,14.05,데이터부족,5.2
경기도,포천시,전국 주요 지역,전문용역/컨설팅,7,837761000.0,119680142.85714285,2026-01-27 16:36:27,0.0041753653444676405,6.922932793840729e-05,0.2173913043478261,0.531,14.05,데이터부족,10.1
광주광역시,동구,전국 주요 지역,행사/운영용역,18,10116979980.0,562054443.3333334,2026-02-02 16:28:32,0.011830201809324982,0.0008360280853151688,0.22727272727272727,0.507,14.04,추천,17.9
경상북도,청도군,전국 주요 지역,전문용역/컨설팅,6,388314000.0,64719000.0,2025-12-05 13:59:16,0.003479471120389701,3.208876666385125e-05,0.15706806282722513,0.577,14.04,데이터부족,26.0
경상남도,사천시,전국 주요 지역,기타/미분류,6,186849000.0,31141500.0,2025-12-17 09:14:26,0.003479471120389701,1.5440478484870342e-05,0.16759776536312848,0.569,14.03,제외,0.0
경기도,고양시,신도시/주거/교통,방역/소독,18,712927380.0,39607076.666666664,2026-05-06 15:29:52,0.011830201809324982,5.891356053371965e-05,0.7692307692307692,0.101,14.03,추천,5.4
경기도,군포시,전국 주요 지역,조경/녹지관리,5,415370875.0,83074175.0,2026-01-26 15:43:28,0.0027835768963117608,3.432464213712285e-05,0.21582733812949642,0.534,14.03,데이터부족,6.2
서울특별시,관악구,청년/자취생/대학가,IT장비/전산,14,4205635500.0,300402535.71428573,2026-03-16 13:58:16,0.009046624913013222,0.0003475374470987638,0.3333333333333333,0.432,14.01,추천,12.3
서울특별시,은평구,주거/문화/뉴타운,IT장비/전산,14,5300315720.0,378593980.0,2026-03-16 17:02:41,0.009046624913013222,0.00043799758541752996,0.3333333333333333,0.432,14.01,추천,13.4
경기도,성남시,IT/판교/주거,급수/전기/설비,5,161084000.0,32216800.0,2025-12-31 13:30:53,0.0027835768963117608,1.3311358563636167e-05,0.18181818181818182,0.558,14.0,데이터부족,5.6
경상북도,구미시,전국 주요 지역,경비/보안,2,69022800.0,34511400.0,2025-12-24 10:39:46,0.0006958942240779402,5.703777158911788e-06,0.1744186046511628,0.568,14.0,데이터부족,0.0
경상북도,고령군,전국 주요 지역,경비/보안,2,42578920.0,21289460.0,2025-12-24 09:16:17,0.0006958942240779402,3.518557220905734e-06,0.1744186046511628,0.568,14.0,데이터부족,0.5
경상북도,안동시,전국 주요 지역,건설/공사,127,2486931894.0,19582140.897637796,2026-04-28 09:54:22,0.08768267223382047,0.00020551043036165487,0.6382978723404256,0.045,13.99,제외,0.2
서울특별시,동작구,대학/주거/공원,IT장비/전산,8,3570347680.0,446293460.0,2025-06-13 18:14:40,0.0048712595685455815,0.00029503971943412456,0.0819672131147541,0.628,13.99,데이터부족,17.6
서울특별시,강북구,주거/서민/교육,사무용품/소모품,1,67772100.0,67772100.0,2024-12-13 19:04:21,0.0,5.600424149577901e-06,0.05474452554744526,0.658,13.98,데이터부족,5.0
강원특별자치도,삼척시,전국 주요 지역,IT장비/전산,36,9671328670.0,268648018.6111111,2026-04-29 13:27:02,0.024356297842727904,0.0007992011851775749,0.6521739130434783,0.16,13.98,추천,7.9
경상북도,예천군,전국 주요 지역,IT장비/전산,17,444247001.0,26132176.529411763,2026-04-01 13:02:58,0.011134307585247043,3.671085347477735e-05,0.4054054054054054,0.372,13.97,추천,1.8
서울특별시,성동구,성수/브랜드/라이프스타일,사무용품/소모품,1,43440000.0,43440000.0,2024-12-06 11:02:27,0.0,3.589713540788378e-06,0.05405405405405406,0.658,13.97,데이터부족,10.0
강원특별자치도,양양군,전국 주요 지역,IT장비/전산,36,8090814410.0,224744844.7222222,2026-04-29 13:36:54,0.024356297842727904,0.0006685936013716098,0.6521739130434783,0.16,13.97,추천,10.1
서울특별시,용산구,외국인/관광/개발,사무용품/소모품,1,81562800.0,81562800.0,2024-12-04 20:27:53,0.0,6.740034244581361e-06,0.05385996409335727,0.658,13.97,데이터부족,5.0
경상북도,영천시,전국 주요 지역,경비/보안,2,22680000.0,11340000.0,2025-12-22 09:48:57,0.0006958942240779402,1.8741874563784626e-06,0.1724137931034483,0.568,13.97,데이터부족,0.0
경기도,광명시,전국 주요 지역,조경/녹지관리,4,508002000.0,127000500.0,2025-10-14 09:41:06,0.0020876826722338203,4.1979319938940554e-05,0.1234567901234568,0.601,13.96,데이터부족,6.5
전라북도,고창군,전국 주요 지역,조경/녹지관리,4,249169000.0,62292250.0,2025-10-14 11:25:14,0.0020876826722338203,2.0590362183349434e-05,0.1234567901234568,0.601,13.96,데이터부족,5.5
서울특별시,도봉구,주거/자연/교육,사무용품/소모품,1,172626000.0,172626000.0,2024-11-18 10:50:43,0.0,1.4265144790334588e-05,0.05235602094240837,0.658,13.95,데이터부족,8.0
전라남도,장성군,전국 주요 지역,전문용역/컨설팅,5,900854000.0,180170800.0,2025-06-16 16:06:11,0.0027835768963117608,7.444308936632996e-05,0.08264462809917356,0.63,13.95,데이터부족,33.6
서울특별시,서대문구,대학/의료/주거,청소/환경미화,10,2451211920.0,245121192.0,2026-03-25 14:07:51,0.006263048016701462,0.00020255866990252943,0.37037037037037035,0.407,13.95,추천,5.4
경상북도,김천시,전국 주요 지역,IT장비/전산,11,3300.0,300.0,2026-01-27 18:15:47,0.006958942240779402,2.726992330709403e-10,0.2173913043478261,0.52,13.94,추천,8.2
경기도,성남시,IT/판교/주거,보험/금융,15,9678684320.0,645245621.3333334,2026-05-07 20:13:38,0.009742519137091163,0.0007998090276362835,0.7894736842105263,0.084,13.93,추천,3.7
충청남도,천안시,전국 주요 지역,전문용역/컨설팅,5,2060168000.0,412033600.0,2025-06-09 18:00:01,0.0027835768963117608,0.0001702443132113009,0.08108108108108107,0.63,13.93,데이터부족,35.2
경기도,과천시,전국 주요 지역,행사/운영용역,18,2521498323.0,140083240.16666666,2026-01-29 18:03:11,0.011830201809324982,0.0002083668663247764,0.22058823529411764,0.507,13.93,추천,13.2
경기도,동두천시,전국 주요 지역,보험/금융,4,269957250.0,67489312.5,2026-01-07 13:01:39,0.0020876826722338203,2.23082227384667e-05,0.189873417721519,0.55,13.93,데이터부족,5.8
강원특별자치도,영월군,전국 주요 지역,기타/미분류,19,8650735393.0,455301862.7894737,2026-04-30 11:34:32,0.012526096033402923,0.0007148633052032544,0.6666666666666666,0.17,13.92,제외,6.2
경기도,포천시,전국 주요 지역,보험/금융,10,2755883710.0,275588371.0,2026-04-30 09:59:05,0.006263048016701462,0.0002277355679241508,0.6666666666666666,0.183,13.92,추천,5.9
충청남도,아산시,전국 주요 지역,건설/공사,22,1216123380.0,55278335.45454545,2026-02-12 10:03:33,0.014613778705636743,0.00010049573122595143,0.24590163934426232,0.482,13.92,제외,3.1
경기도,부천시,제조/주거/교통,IT장비/전산,19,8470099710.0,445794721.57894737,2026-04-10 13:07:32,0.012526096033402923,0.0006999362711973921,0.46153846153846145,0.324,13.92,추천,16.3
대전광역시,중구,도심/관광/명동,기타/미분류,6,334673000.0,55778833.333333336,2025-12-08 19:52:53,0.003479471120389701,2.765608194834873e-05,0.1595744680851064,0.569,13.91,제외,4.8
인천광역시,남동구,산업단지/주거,보험/금융,10,2043230000.0,204323000.0,2026-04-30 11:43:19,0.006263048016701462,0.0001688446224204659,0.6666666666666666,0.183,13.91,추천,4.6
충청남도,당진시,전국 주요 지역,폐기물/환경,45,1000131300.0,22225140.0,2026-02-09 16:55:04,0.030619345859429367,8.264698135764926e-05,0.24000000000000005,0.454,13.91,제외,0.9
전라북도,완주군,전국 주요 지역,경비/보안,2,190160000.0,95080000.0,2025-12-17 10:29:02,0.0006958942240779402,1.571408671538485e-05,0.16759776536312848,0.568,13.9,데이터부족,7.5
충청남도,천안시,전국 주요 지역,경비/보안,2,8712600.0,4356300.0,2025-12-17 17:26:06,0.0006958942240779402,7.199755569860226e-07,0.16759776536312848,0.568,13.9,데이터부족,0.0
충청남도,아산시,전국 주요 지역,경비/보안,2,143230000.0,71615000.0,2025-12-16 14:11:21,0.0006958942240779402,1.1835973076591146e-05,0.16666666666666666,0.568,13.89,데이터부족,10.0
전라남도,전라남도,전국 주요 지역,급수/전기/설비,14,905689000.0,64692071.428571425,2026-04-23 16:04:17,0.009046624913013222,7.48426350608445e-05,0.5769230769230769,0.242,13.86,추천,7.0
충청북도,청주시,전국 주요 지역,차량/운송,9,347016870.0,38557430.0,2026-02-06 13:29:41,0.0055671537926235215,2.8676131609599454e-05,0.234375,0.506,13.86,데이터부족,5.8
강원특별자치도,춘천시,전국 주요 지역,의료/복지용품,3,160972000.0,53657333.333333336,2026-01-14 13:32:57,0.0013917884481558804,1.3302103316938002e-05,0.19867549668874174,0.541,13.86,데이터부족,0.0
강원특별자치도,철원군,전국 주요 지역,전문용역/컨설팅,11,1657050000.0,150640909.0909091,2026-04-07 10:10:42,0.006958942240779402,0.00013693220126066716,0.4411764705882353,0.348,13.86,추천,9.3
전라북도,부안군,전국 주요 지역,전문용역/컨설팅,19,4688456000.0,246760842.10526314,2026-04-27 11:01:26,0.012526096033402923,0.00038743586529904503,0.625,0.198,13.85,추천,17.9
경상북도,포항시,전국 주요 지역,건설/공사,23,802791001.0,34903956.56521739,2026-02-19 16:59:29,0.015309672929714684,6.633954251180378e-05,0.2608695652173913,0.466,13.85,제외,0.3
광주광역시,서구,신도시/항만/산업,사무용품/소모품,1,3000000.0,3000000.0,2024-08-13 18:07:05,0.0,2.4790839370085485e-07,0.04477611940298508,0.658,13.83,데이터부족,2.0
경상북도,경상북도,전국 주요 지역,조경/녹지관리,10,1565402400.0,156540240.0,2026-04-09 09:50:53,0.006263048016701462,0.00012935879815982102,0.45454545454545453,0.337,13.81,추천,6.8
부산광역시,사상구,공단/제조/교통,IT장비/전산,10,776759430.0,77675943.0,2025-12-11 10:52:53,0.006263048016701462,6.418839419443053e-05,0.16216216216216214,0.556,13.8,추천,7.1
서울특별시,중구,도심/관광/명동,행사/운영용역,12,2998577720.0,249881476.66666666,2024-12-26 17:17:16,0.007654836464857342,0.0002477908619841239,0.05607476635514019,0.632,13.79,추천,10.4
울산광역시,북구,대학/주거/상업,경비/보안,2,277024219.0,138512109.5,2025-12-09 14:48:12,0.0006958942240779402,2.289220971617461e-05,0.16042780748663102,0.568,13.79,데이터부족,6.0
인천광역시,중구,도심/관광/명동,기타/미분류,31,5239218800.0,169007058.06451613,2026-05-04 11:01:22,0.020876826722338204,0.00043294877231844005,0.7317073170731707,0.098,13.78,제외,6.8
부산광역시,동래구,교육/주거/전통,폐기물/환경,94,85565093035.0,910266947.1808511,2026-04-08 17:21:53,0.06471816283924843,0.007070768257057017,0.44776119402985076,0.215,13.78,제외,7.6
부산광역시,서구,신도시/항만/산업,보험/금융,4,176640000.0,44160000.0,2025-12-29 17:29:03,0.0020876826722338203,1.4596846221106333e-05,0.17964071856287425,0.55,13.78,데이터부족,3.8
울산광역시,남구,대학/항만/주거,급수/전기/설비,77,13404769960.0,174087921.55844155,2026-05-04 10:56:31,0.05288796102992345,0.001107718329571024,0.7317073170731707,0.033,13.78,추천,6.1
경상남도,양산시,전국 주요 지역,차량/운송,9,838080000.0,93120000.0,2026-02-03 14:36:41,0.0055671537926235215,6.92556888642708e-05,0.22900763358778622,0.506,13.78,데이터부족,6.9
대구광역시,수성구,교육/고소득/주거,인쇄/홍보물,7,1084880000.0,154982857.14285713,2026-04-06 13:02:54,0.0041753653444676405,8.96502860527278e-05,0.4347826086956522,0.354,13.77,데이터부족,9.7
서울특별시,광진구,대학/강변/상업,기타/미분류,5,1138718560.0,227743712.0,2024-12-26 13:34:42,0.0027835768963117608,9.409929636231683e-05,0.05607476635514019,0.641,13.77,제외,12.6
전라남도,고흥군,전국 주요 지역,IT장비/전산,21,3923291304.0,186823395.42857143,2026-04-16 15:50:07,0.013917884481558803,0.00032420561506505736,0.5084745762711864,0.279,13.77,추천,14.2
전라북도,김제시,전국 주요 지역,사무용품/소모품,1,63580000.0,63580000.0,2024-05-27 14:58:12,0.0,5.25400522383345e-06,0.040106951871657755,0.658,13.76,데이터부족,4.0
대구광역시,남구,대학/항만/주거,인쇄/홍보물,4,2264000000.0,566000000.0,2025-11-24 14:21:36,0.0020876826722338203,0.00018708820111291177,0.1485148514851485,0.571,13.74,데이터부족,23.0
대구광역시,북구,대학/주거/상업,청소/환경미화,7,423454000.0,60493428.571428575,2025-12-12 18:43:09,0.0041753653444676405,3.499260031540059e-05,0.16304347826086957,0.556,13.73,데이터부족,6.3
광주광역시,남구,대학/항만/주거,청소/환경미화,7,408775000.0,58396428.571428575,2025-12-12 14:16:55,0.0041753653444676405,3.3779584545022314e-05,0.16304347826086957,0.556,13.73,데이터부족,7.0
강원특별자치도,삼척시,전국 주요 지역,폐기물/환경,131,25800365820.0,196949357.40458015,2026-04-15 14:03:08,0.09046624913013222,0.0021320424157768793,0.5,0.128,13.73,제외,5.0
대구광역시,남구,대학/항만/주거,IT장비/전산,10,4970061490.0,497006149.0,2025-12-04 16:48:42,0.006263048016701462,0.0004107066535267924,0.15625,0.556,13.72,추천,14.3
서울특별시,강동구,주거/강변/문화,인쇄/홍보물,3,1429600000.0,476533333.3333333,2024-11-29 19:25:40,0.0013917884481558804,0.0001181366132115807,0.05338078291814946,0.643,13.72,데이터부족,13.7
경상남도,합천군,전국 주요 지역,건설/공사,62,3572983103.0,57628759.72580645,2026-04-24 11:43:36,0.04244954766875435,0.00029525750059500864,0.5882352941176471,0.159,13.71,제외,2.0
서울특별시,종로구,공공기관/전통상권/관광,인쇄/홍보물,3,714789000.0,238263000.0,2024-11-25 10:28:38,0.0013917884481558804,5.9067397608346776e-05,0.053003533568904596,0.643,13.71,데이터부족,25.0
제주특별자치도,서귀포시,전국 주요 지역,IT장비/전산,92,9628884160.0,104661784.3478261,2026-04-29 08:40:12,0.06332637439109255,0.0007956937350790683,0.6521739130434783,0.068,13.7,추천,10.0
경기도,여주시,전국 주요 지역,차량/운송,21,2403216942.0,114438902.0,2026-04-06 17:55:48,0.013917884481558803,0.0001985925506019668,0.4347826086956522,0.331,13.7,추천,7.5
인천광역시,강화군,전국 주요 지역,인쇄/홍보물,8,1192071000.0,149008875.0,2026-04-13 19:46:35,0.0048712595685455815,9.850813559579058e-05,0.48387096774193555,0.312,13.7,데이터부족,18.0
대구광역시,중구,도심/관광/명동,인쇄/홍보물,4,514786000.0,128696500.0,2025-11-21 17:33:20,0.0020876826722338203,4.253992345322942e-05,0.14634146341463417,0.571,13.7,데이터부족,15.0
경상남도,고성군,전국 주요 지역,급식/식자재,2,200000000.0,100000000.0,2024-09-19 17:10:10,0.0006958942240779402,1.6527226246723656e-05,0.04739336492890995,0.648,13.7,데이터부족,7.0
서울특별시,송파구,가족주거/대형상권/복합문화,인쇄/홍보물,3,687916000.0,229305333.33333334,2024-11-06 15:55:11,0.0013917884481558804,5.6846716853705754e-05,0.05128205128205128,0.643,13.69,데이터부족,13.3
경기도,남양주시,주거/자연/신도시,행사/운영용역,35,30873292900.0,882094082.8571428,2026-04-07 14:31:57,0.023660403618649965,0.0025512494836983355,0.4411764705882353,0.303,13.69,추천,11.5
서울특별시,강북구,주거/서민/교육,급식/식자재,2,47880000.0,23940000.0,2024-09-04 16:54:10,0.0006958942240779402,3.956617963465643e-06,0.046296296296296294,0.648,13.68,데이터부족,5.0
전라남도,강진군,전국 주요 지역,보험/금융,4,45642000.0,11410500.0,2025-12-22 16:17:37,0.0020876826722338203,3.7716783017648053e-06,0.1724137931034483,0.55,13.67,데이터부족,0.0
부산광역시,강서구,공항/산업단지/주거,건설/공사,18,18568402053.0,1031577891.8333334,2025-12-08 15:50:53,0.011830201809324982,0.001534420908850295,0.1595744680851064,0.538,13.67,제외,6.7
서울특별시,용산구,외국인/관광/개발,청소/환경미화,5,26791364260.0,5358272852.0,2024-12-18 20:59:18,0.0027835768963117608,0.0022139346929170305,0.055248618784530384,0.633,13.66,데이터부족,6.2
충청남도,부여군,전국 주요 지역,급수/전기/설비,12,119681570.0,9973464.166666666,2026-04-13 16:29:16,0.007654836464857342,9.890021924765472e-06,0.48387096774193555,0.305,13.66,추천,-0.1
서울특별시,성동구,성수/브랜드/라이프스타일,행사/운영용역,15,4740278300.0,316018553.3333333,2025-10-15 17:44:33,0.009742519137091163,0.000391718259682673,0.12396694214876033,0.57,13.66,추천,9.0
전라북도,군산시,전국 주요 지역,경비/보안,2,263940000.0,131970000.0,2025-11-27 21:43:30,0.0006958942240779402,2.181098047780121e-05,0.1507537688442211,0.568,13.65,데이터부족,6.0
인천광역시,동구,전국 주요 지역,경비/보안,2,261262600.0,130631300.0,2025-11-27 11:06:09,0.0006958942240779402,2.158973050003632e-05,0.1507537688442211,0.568,13.65,데이터부족,6.0
전라북도,진안군,전국 주요 지역,교육물품/교구,4,344277000.0,86069250.0,2025-06-19 13:46:05,0.0020876826722338203,2.84497193527164e-05,0.08333333333333333,0.616,13.65,데이터부족,9.5
경기도,양평군,전국 주요 지역,행사/운영용역,30,2240110700.0,74670356.66666667,2026-04-01 14:05:45,0.020180932498260265,0.0001851140817830325,0.4054054054054054,0.338,13.65,추천,7.1
부산광역시,사상구,공단/제조/교통,차량/운송,9,577132010.0,64125778.88888889,2026-01-29 12:06:14,0.0055671537926235215,4.7691956517481894e-05,0.22058823529411764,0.506,13.65,데이터부족,5.1
대전광역시,대덕구,전국 주요 지역,IT장비/전산,21,3541159790.0,168626656.66666666,2026-04-15 14:24:18,0.013917884481558803,0.00029262774512565215,0.5,0.279,13.64,추천,11.0
경기도,하남시,전국 주요 지역,경비/보안,2,367294000.0,183647000.0,2025-11-26 09:25:42,0.0006958942240779402,3.0351755185320594e-05,0.15,0.568,13.64,데이터부족,6.0
광주광역시,남구,대학/항만/주거,경비/보안,2,54531000.0,27265500.0,2025-11-24 17:51:30,0.0006958942240779402,4.506230872300439e-06,0.1485148514851485,0.568,13.62,데이터부족,4.0
전라북도,전주시,전국 주요 지역,IT장비/전산,65,18413131841.0,283278951.4,2026-04-30 17:29:51,0.04453723034098817,0.0015215899792347914,0.6666666666666666,0.09,13.62,추천,7.6
서울특별시,관악구,청년/자취생/대학가,청소/환경미화,5,662368560.0,132473712.0,2024-12-23 20:12:54,0.0027835768963117608,5.4735575249182764e-05,0.055762081784386616,0.633,13.61,데이터부족,6.0
대구광역시,달성군,농촌/산업단지,기타/미분류,11,1289600000.0,117236363.63636364,2026-04-07 11:56:49,0.006958942240779402,0.00010656755483887413,0.4411764705882353,0.335,13.6,제외,5.2
서울특별시,중구,도심/관광/명동,IT장비/전산,8,4517699500.0,564712437.5,2024-12-17 15:26:08,0.0048712595685455815,0.0003733252087560517,0.05514705882352941,0.628,13.59,데이터부족,9.5
대구광역시,동구,전국 주요 지역,폐기물/환경,52,52549370615.0,1010564819.5192307,2026-02-19 11:08:18,0.03549060542797495,0.004342476686385184,0.2608695652173913,0.407,13.58,제외,8.5
인천광역시,강화군,전국 주요 지역,IT장비/전산,60,19916434070.0,331940567.8333333,2026-04-30 11:08:43,0.04105775922059847,0.0016458170595142262,0.6666666666666666,0.095,13.58,추천,8.4
부산광역시,북구,대학/주거/상업,경비/보안,2,169916880.0,84958440.0,2025-11-21 15:35:43,0.0006958942240779402,1.4041273594486969e-05,0.14634146341463417,0.568,13.58,데이터부족,5.0
인천광역시,계양구,주거/교통,경비/보안,2,118139320.0,59069660.0,2025-11-21 14:52:10,0.0006958942240779402,9.762576351370425e-06,0.14634146341463417,0.568,13.58,데이터부족,5.0
서울특별시,도봉구,주거/자연/교육,IT장비/전산,8,5381584020.0,672698002.5,2024-12-04 10:04:54,0.0048712595685455815,0.00044471328332146303,0.05385996409335727,0.628,13.57,데이터부족,11.4
울산광역시,울산광역시,전국 주요 지역,보험/금융,33,5433806190.0,164660793.63636363,2026-05-08 18:03:36,0.022268615170494086,0.0004490287214148873,0.8108108108108107,0.025,13.56,추천,5.3
충청남도,청양군,전국 주요 지역,조경/녹지관리,4,59648000.0,14912000.0,2025-08-07 17:26:01,0.0020876826722338203,4.929079955822863e-06,0.09646302250803858,0.601,13.55,데이터부족,0.2
전라남도,곡성군,전국 주요 지역,기타/미분류,6,591600000.0,98600000.0,2025-11-04 17:31:35,0.003479471120389701,4.888753523780857e-05,0.13513513513513511,0.569,13.55,제외,5.0
서울특별시,마포구,홍대/관광/문화콘텐츠,청소/환경미화,14,2090171000.0,149297928.57142857,2026-04-14 17:07:50,0.009046624913013222,0.00017272364505670315,0.49180327868852464,0.29,13.54,추천,5.5
경상남도,진주시,전국 주요 지역,시설유지보수,53,1564136500.0,29512009.433962263,2026-04-22 11:49:49,0.03618649965205289,0.00012925418908129238,0.5660377358490566,0.18,13.54,추천,1.1
충청북도,충청북도,전국 주요 지역,청소/환경미화,9,3239376960.0,359930773.3333333,2026-02-23 17:24:59,0.0055671537926235215,0.0002676895795817194,0.27027027027027023,0.463,13.54,데이터부족,8.2
울산광역시,울산광역시,전국 주요 지역,차량/운송,98,16477039592.0,168133057.0612245,2026-04-28 14:10:29,0.0675017397355602,0.001361598806066036,0.6382978723404256,0.061,13.53,추천,6.9
경기도,동두천시,전국 주요 지역,폐기물/환경,41,4586114710.0,111856456.34146342,2025-12-30 15:51:41,0.027835768963117607,0.00037897877702798723,0.18072289156626506,0.485,13.53,제외,6.0
대구광역시,달서구,주거/산업/신시가지,행사/운영용역,20,1871146820.0,93557341.0,2026-01-30 13:45:29,0.013221990257480862,0.0001546243341748875,0.2222222222222222,0.483,13.53,추천,9.0
서울특별시,광진구,대학/강변/상업,전문용역/컨설팅,5,1898800000.0,379760000.0,2024-11-29 14:14:45,0.0027835768963117608,0.00015690948598639438,0.05338078291814946,0.63,13.52,데이터부족,26.0
경상북도,상주시,전국 주요 지역,IT장비/전산,19,3058335150.0,160965007.89473686,2026-04-06 17:00:45,0.012526096033402923,0.00025272898481178764,0.4347826086956522,0.324,13.51,추천,3.9
인천광역시,부평구,주거/상업/교통,전문용역/컨설팅,13,5206209396.0,400477645.84615386,2026-04-15 15:19:47,0.008350730688935281,0.0004302210028775525,0.5,0.283,13.5,추천,10.7
서울특별시,송파구,가족주거/대형상권/복합문화,행사/운영용역,13,3623900000.0,278761538.46153843,2024-12-09 20:23:45,0.008350730688935281,0.0002994650759775093,0.05434782608695653,0.617,13.5,추천,10.9
서울특별시,영등포구,오피스/금융/교통,인쇄/홍보물,4,936081890.0,234020472.5,2025-10-30 13:35:18,0.0020876826722338203,7.735418590745343e-05,0.13215859030837004,0.571,13.49,데이터부족,17.2
제주특별자치도,서귀포시,전국 주요 지역,기타/미분류,19,2396200260.0,126115803.15789473,2026-04-28 13:20:25,0.012526096033402923,0.00019801271914739025,0.6382978723404256,0.17,13.48,제외,7.2
울산광역시,중구,도심/관광/명동,보험/금융,4,633888700.0,158472175.0,2025-12-08 09:56:09,0.0020876826722338203,5.2382109800707684e-05,0.1595744680851064,0.55,13.48,데이터부족,6.5
경기도,고양시,신도시/주거/교통,급식/식자재,3,345427580.0,115142526.66666667,2025-12-29 11:36:13,0.0013917884481558804,2.8544798832591177e-05,0.17964071856287425,0.536,13.47,데이터부족,21.3
서울특별시,서대문구,대학/의료/주거,차량/운송,7,4170068010.0,595724001.4285715,2025-10-16 20:31:40,0.0041753653444676405,0.00034459828732747344,0.12448132780082988,0.571,13.46,데이터부족,6.7
인천광역시,강화군,전국 주요 지역,조경/녹지관리,15,2722844000.0,181522933.33333334,2026-04-20 14:40:13,0.009742519137091163,0.00022500529411267014,0.5454545454545454,0.244,13.46,추천,4.2
대전광역시,대전광역시,전국 주요 지역,교육물품/교구,108,19801057661.0,183343126.49074075,2026-04-28 13:59:02,0.0744606819763396,0.0016362827994388387,0.6382978723404256,0.043,13.45,추천,12.5
강원특별자치도,태백시,전국 주요 지역,교육물품/교구,4,131541500.0,32885375.0,2025-04-07 12:51:01,0.0020876826722338203,1.0870080656666998e-05,0.06928406466512702,0.616,13.44,데이터부족,6.2
광주광역시,서구,신도시/항만/산업,기타/미분류,6,142977000.0,23829500.0,2025-10-22 19:42:20,0.003479471120389701,1.181506613538904e-05,0.12765957446808512,0.569,13.43,제외,4.7
전라북도,무주군,전국 주요 지역,청소/환경미화,9,1785131000.0,198347888.8888889,2026-02-20 14:33:20,0.0055671537926235215,0.00014751631958520022,0.2631578947368421,0.463,13.43,데이터부족,5.3
대구광역시,북구,대학/주거/상업,건설/공사,15,30739212770.0,2049280851.3333333,2025-07-16 08:41:12,0.009742519137091163,0.0025401696204798347,0.0900900900900901,0.581,13.42,제외,9.4
부산광역시,영도구,전국 주요 지역,인쇄/홍보물,5,595529000.0,119105800.0,2026-01-26 15:52:22,0.0027835768963117608,4.921221259742546e-05,0.21582733812949642,0.503,13.41,데이터부족,11.8
경기도,오산시,전국 주요 지역,폐기물/환경,47,32750711209.0,696823642.7446809,2026-01-29 09:08:31,0.032011134307585246,0.0027063920694612572,0.22058823529411764,0.437,13.4,제외,52.1
대구광역시,군위군,전국 주요 지역,폐기물/환경,54,20235264200.0,374727114.8148148,2026-02-24 18:08:46,0.03688239387613083,0.0016721639479781378,0.27272727272727276,0.389,13.39,제외,6.1
강원특별자치도,원주시,전국 주요 지역,교육물품/교구,34,4260275840.0,125302230.58823529,2026-04-30 09:29:46,0.022964509394572025,0.00035205271340565334,0.6666666666666666,0.123,13.39,추천,13.0
경상남도,합천군,전국 주요 지역,인쇄/홍보물,4,39390000.0,9847500.0,2025-10-16 16:16:37,0.0020876826722338203,3.255037209292224e-06,0.12448132780082988,0.571,13.37,데이터부족,0.0
서울특별시,성동구,성수/브랜드/라이프스타일,전문용역/컨설팅,5,782700000.0,156540000.0,2024-08-02 13:56:39,0.0027835768963117608,6.467929991655303e-05,0.04405286343612335,0.63,13.37,데이터부족,13.8
전라북도,장수군,전국 주요 지역,기타/미분류,7,1335902000.0,190843142.85714287,2026-01-22 16:30:20,0.0041753653444676405,0.00011039377298725313,0.2097902097902098,0.502,13.36,제외,5.4
경기도,의정부시,교통/주거/군부대,시설유지보수,25,4081121118.0,163244844.72,2025-12-31 15:38:07,0.016701461377870562,0.00033724806028733893,0.18181818181818182,0.498,13.36,추천,5.6
대구광역시,서구,신도시/항만/산업,차량/운송,9,611127640.0,67903071.1111111,2026-01-16 17:35:20,0.0055671537926235215,5.0501223859531426e-05,0.20134228187919462,0.506,13.36,데이터부족,5.0
대전광역시,유성구,전국 주요 지역,건설/공사,41,8367632201.0,204088590.2682927,2026-04-10 09:51:10,0.027835768963117607,0.0006914687526764861,0.46153846153846145,0.265,13.35,제외,6.2
경상남도,산청군,전국 주요 지역,전문용역/컨설팅,6,2771996590.0,461999431.6666667,2025-09-16 18:10:37,0.003479471120389701,0.00022906707399038235,0.11070110701107011,0.577,13.35,데이터부족,19.3
서울특별시,금천구,제조/산업단지/중소기업,보험/금융,8,1903061300.0,237882662.5,2026-04-20 17:40:16,0.0048712595685455815,0.0001572616233324202,0.5454545454545454,0.248,13.34,데이터부족,6.4
울산광역시,중구,도심/관광/명동,교육물품/교구,5,1069320000.0,213864000.0,2025-11-18 15:18:59,0.0027835768963117608,8.836446785073269e-05,0.14423076923076922,0.553,13.34,데이터부족,8.8
대전광역시,서구,신도시/항만/산업,방역/소독,10,502418050.0,50241805.0,2026-04-16 16:36:00,0.006263048016701462,4.151788391393859e-05,0.5084745762711864,0.272,13.32,추천,4.8
서울특별시,서초구,법조/교육/고소득,급수/전기/설비,13,55032478200.0,4233267553.8461537,2026-04-14 18:09:43,0.008350730688935281,0.004547671090646437,0.49180327868852464,0.275,13.32,추천,9.4
강원특별자치도,횡성군,전국 주요 지역,교육물품/교구,4,334348640.0,83587160.0,2025-02-04 10:54:59,0.0020876826722338203,2.7629278092821794e-05,0.06060606060606061,0.616,13.31,데이터부족,11.5
세종특별자치시,세종시,전국 주요 지역,전문용역/컨설팅,28,2725141603.0,97326485.82142857,2026-04-29 13:34:56,0.018789144050104383,0.00022519515913570087,0.6521739130434783,0.138,13.3,추천,8.2
강원특별자치도,고성군,전국 주요 지역,기타/미분류,13,667048500.0,51311423.07692308,2026-04-13 13:40:49,0.008350730688935281,5.5122307385188224e-05,0.48387096774193555,0.285,13.29,제외,2.2
충청북도,제천시,전국 주요 지역,급수/전기/설비,6,848624200.0,141437366.66666666,2026-01-19 09:26:23,0.003479471120389701,7.012702075922432e-05,0.2054794520547945,0.503,13.28,데이터부족,7.7
부산광역시,사하구,공단/항만/주거,급수/전기/설비,5,2788596135.0,557719227.0,2025-10-31 14:56:19,0.0027835768963117608,0.00023043879616942072,0.13274336283185842,0.558,13.27,데이터부족,10.0
충청북도,보은군,전국 주요 지역,건설/공사,24,759267800.0,31636158.333333332,2026-02-09 14:53:57,0.016005567153792623,6.274295356226064e-05,0.24000000000000005,0.451,13.26,제외,1.0
전라북도,임실군,전국 주요 지역,조경/녹지관리,4,2226224000.0,556556000.0,2025-05-19 10:30:01,0.0020876826722338203,0.0001839665386194306,0.07672634271099744,0.601,13.26,데이터부족,5.2
서울특별시,도봉구,주거/자연/교육,교육물품/교구,4,1242540000.0,310635000.0,2024-12-16 17:35:33,0.0020876826722338203,0.00010267869850302005,0.055045871559633024,0.616,13.23,데이터부족,23.5
서울특별시,송파구,가족주거/대형상권/복합문화,교육물품/교구,4,819305000.0,204826250.0,2024-12-16 20:27:50,0.0020876826722338203,6.770419550035962e-05,0.055045871559633024,0.616,13.23,데이터부족,6.5
서울특별시,동대문구,전통시장/패션/대학,교육물품/교구,4,981440000.0,245360000.0,2024-12-18 20:51:08,0.0020876826722338203,8.110240463792233e-05,0.055248618784530384,0.616,13.23,데이터부족,11.8
대구광역시,달서구,주거/산업/신시가지,급수/전기/설비,7,268788000.0,38398285.71428572,2026-02-20 13:03:17,0.0041753653444676405,2.221160044202179e-05,0.2631578947368421,0.456,13.23,데이터부족,12.4
경기도,화성시,산업단지/신도시,시설유지보수,42,11179167390.0,266170652.14285713,2026-04-08 11:14:56,0.028531663187195546,0.0009238031435226259,0.44776119402985076,0.267,13.22,추천,3.6
전라북도,군산시,전국 주요 지역,시설유지보수,72,28887449433.0,401214575.4583333,2026-04-21 19:25:22,0.049408489909533754,0.0023871470623499,0.5555555555555556,0.142,13.21,추천,6.3
전라북도,군산시,전국 주요 지역,IT장비/전산,78,20833860300.0,267100773.07692307,2026-04-28 20:17:31,0.05358385525400139,0.0017216296138536698,0.6382978723404256,0.072,13.2,추천,6.7
경상남도,함양군,전국 주요 지역,기타/미분류,6,479293998.0,79882333.0,2025-09-18 13:23:41,0.003479471120389701,3.960700171821358e-05,0.11152416356877323,0.569,13.19,제외,16.2
경기도,양평군,전국 주요 지역,교육물품/교구,11,516459000.0,46950818.18181818,2026-04-01 09:27:52,0.006958942240779402,4.267817370078326e-05,0.4054054054054054,0.341,13.18,추천,7.5
서울특별시,강동구,주거/강변/문화,교육물품/교구,4,855295000.0,213823750.0,2024-11-11 16:21:05,0.0020876826722338203,7.067826986345755e-05,0.05172413793103449,0.616,13.18,데이터부족,17.0
경상북도,경상북도,전국 주요 지역,교육물품/교구,30,7050527684.0,235017589.46666667,2026-04-28 16:42:07,0.020180932498260265,0.0005826283309612828,0.6382978723404256,0.139,13.18,추천,11.4
인천광역시,서구,신도시/항만/산업,IT장비/전산,22,12931972650.0,587816938.6363636,2026-04-14 10:48:35,0.014613778705636743,0.0010686481890149623,0.49180327868852464,0.259,13.17,추천,8.6
경기도,화성시,산업단지/신도시,의료/복지용품,3,1141632000.0,380544000.0,2025-11-26 12:58:32,0.0013917884481558804,9.434005177249811e-05,0.15,0.541,13.13,데이터부족,9.3
경상남도,함안군,전국 주요 지역,건설/공사,41,2439066300.0,59489421.951219514,2026-04-08 14:22:10,0.027835768963117607,0.00020155500285429578,0.44776119402985076,0.265,13.13,제외,2.2
울산광역시,남구,대학/항만/주거,시설유지보수,122,54233958540.0,444540643.7704918,2026-04-22 15:29:53,0.08420320111343076,0.004481684515230053,0.5660377358490566,0.058,13.13,추천,5.9
울산광역시,중구,도심/관광/명동,조경/녹지관리,12,533371300.0,44447608.333333336,2026-04-10 13:17:37,0.007654836464857342,4.4075740743045584e-05,0.46153846153846145,0.295,13.13,추천,4.4
전라북도,장수군,전국 주요 지역,교육물품/교구,4,289090000.0,72272500.0,2024-09-26 14:27:54,0.0020876826722338203,2.3889279178326708e-05,0.04792332268370607,0.616,13.12,데이터부족,17.0
강원특별자치도,삼척시,전국 주요 지역,의료/복지용품,3,1228719000.0,409573000.0,2025-11-25 17:40:38,0.0013917884481558804,0.00010153658453324022,0.14925373134328357,0.541,13.12,데이터부족,15.0
경상남도,창녕군,전국 주요 지역,기타/미분류,6,218555500.0,36425916.666666664,2025-09-01 14:16:56,0.003479471120389701,1.8060580979829058e-05,0.1048951048951049,0.569,13.09,제외,1.8
부산광역시,동래구,교육/주거/전통,조경/녹지관리,6,1122856320.0,187142720.0,2026-01-30 13:56:02,0.003479471120389701,9.278850221601768e-05,0.2222222222222222,0.48,13.07,데이터부족,7.8
인천광역시,인천광역시,전국 주요 지역,보험/금융,55,13161855435.0,239306462.45454547,2026-05-06 09:10:22,0.037578288100208766,0.001087644813004572,0.7692307692307692,0.0,13.07,추천,6.0
경기도,구리시,전국 주요 지역,기타/미분류,6,347500000.0,57916666.666666664,2025-08-26 14:32:40,0.003479471120389701,2.871605560368235e-05,0.10273972602739727,0.569,13.06,제외,7.2
서울특별시,양천구,교육/주거/신도시,IT장비/전산,9,1803798320.0,200422035.55555555,2025-02-12 17:13:24,0.0055671537926235215,0.0001490589146905002,0.061601642710472276,0.595,13.05,데이터부족,11.3
대전광역시,중구,도심/관광/명동,청소/환경미화,16,8104411000.0,506525687.5,2026-04-15 18:01:55,0.010438413361169102,0.0006697171709671796,0.5,0.256,13.05,추천,11.2
대구광역시,북구,대학/주거/상업,인쇄/홍보물,8,1124080000.0,140510000.0,2026-04-07 09:51:45,0.0048712595685455815,9.288962239708564e-05,0.4411764705882353,0.312,13.05,데이터부족,11.9
대전광역시,중구,도심/관광/명동,전문용역/컨설팅,7,845000000.0,120714285.71428572,2025-11-26 21:38:05,0.0041753653444676405,6.982753089240745e-05,0.15,0.531,13.04,데이터부족,18.0
강원특별자치도,영월군,전국 주요 지역,방역/소독,4,78618440.0,19654610.0,2026-01-30 14:47:30,0.0020876826722338203,6.496723725222345e-06,0.2222222222222222,0.481,13.04,데이터부족,6.0
부산광역시,기장군,농어촌/관광/신도시,행사/운영용역,50,9626220028.0,192524400.56,2026-04-14 10:17:30,0.03409881697981907,0.0007954735815174926,0.49180327868852464,0.214,13.04,추천,10.6
강원특별자치도,속초시,전국 주요 지역,방역/소독,4,128090800.0,32022700.0,2026-01-30 16:57:33,0.0020876826722338203,1.0584928158619151e-05,0.2222222222222222,0.481,13.04,데이터부족,9.2
경상북도,영양군,전국 주요 지역,조경/녹지관리,4,76629000.0,19157250.0,2025-02-17 09:09:22,0.0020876826722338203,6.332324100300935e-06,0.06224066390041494,0.601,13.04,데이터부족,5.0
경상북도,구미시,전국 주요 지역,교육물품/교구,4,640000000.0,160000000.0,2024-07-03 09:01:15,0.0020876826722338203,5.28871239895157e-05,0.04219409282700422,0.616,13.04,데이터부족,11.2
경상남도,남해군,전국 주요 지역,전문용역/컨설팅,7,618111000.0,88301571.42857143,2025-11-25 09:54:11,0.0041753653444676405,5.107830171294303e-05,0.14925373134328357,0.531,13.03,데이터부족,5.7
부산광역시,수영구,해변/문화/청년,행사/운영용역,36,4655100000.0,129308333.33333333,2026-04-03 13:34:53,0.024356297842727904,0.00038467945450561643,0.4166666666666667,0.289,13.01,추천,16.2
강원특별자치도,동해시,전국 주요 지역,방역/소독,4,74474000.0,18618500.0,2026-01-28 16:06:12,0.0020876826722338203,6.154243237492487e-06,0.21897810218978103,0.481,12.99,데이터부족,8.0
강원특별자치도,양양군,전국 주요 지역,인쇄/홍보물,5,324524000.0,64904800.0,2026-01-05 17:28:23,0.0027835768963117608,2.681740785245874e-05,0.1875,0.503,12.98,데이터부족,6.0
전라남도,화순군,전국 주요 지역,급수/전기/설비,5,166926000.0,33385200.0,2025-09-23 13:59:28,0.0027835768963117608,1.3794118842302964e-05,0.11363636363636363,0.558,12.98,데이터부족,3.4
경상남도,사천시,전국 주요 지역,급수/전기/설비,11,95074690.0,8643153.636363637,2026-04-02 17:09:56,0.006958942240779402,7.856604559835576e-06,0.410958904109589,0.327,12.98,추천,0.5
강원특별자치도,태백시,전국 주요 지역,방역/소독,4,104350000.0,26087500.0,2026-01-27 13:39:35,0.0020876826722338203,8.623080294228067e-06,0.2173913043478261,0.481,12.96,데이터부족,6.0
경상북도,영양군,전국 주요 지역,건설/공사,59,1620541104.0,27466798.372881357,2026-04-17 18:25:48,0.04036186499652053,0.00013391524733961664,0.5172413793103449,0.179,12.96,제외,2.7
경기도,과천시,전국 주요 지역,IT장비/전산,11,3927473810.0,357043073.6363636,2025-11-27 18:25:02,0.006958942240779402,0.0003245512411797588,0.1507537688442211,0.52,12.95,추천,9.0
인천광역시,중구,도심/관광/명동,IT장비/전산,13,3643725060.0,280286543.0769231,2026-01-26 17:50:20,0.008350730688935281,0.00030110334223738366,0.21582733812949642,0.468,12.94,추천,11.7
경기도,연천군,전국 주요 지역,차량/운송,10,1179641000.0,117964100.0,2026-01-29 17:38:22,0.006263048016701462,9.748096848455669e-05,0.22058823529411764,0.469,12.94,추천,8.9
경상북도,성주군,전국 주요 지역,의료/복지용품,13,1027041000.0,79003153.84615384,2026-04-30 10:01:15,0.008350730688935281,8.487069485830655e-05,0.6666666666666666,0.13,12.94,추천,3.5
광주광역시,동구,전국 주요 지역,기타/미분류,7,4702532000.0,671790285.7142857,2025-12-30 18:09:31,0.0041753653444676405,0.0003885990514822894,0.18072289156626506,0.502,12.93,제외,17.0
서울특별시,성북구,대학/문화/주거,IT장비/전산,9,4575805850.0,508422872.2222222,2024-11-29 15:31:52,0.0055671537926235215,0.0003781268927201582,0.05338078291814946,0.595,12.93,데이터부족,17.6
전라남도,여수시,전국 주요 지역,조경/녹지관리,4,50805000.0,12701250.0,2024-12-10 08:13:17,0.0020876826722338203,4.198328647323977e-06,0.0544464609800363,0.601,12.92,데이터부족,0.0
전라북도,정읍시,전국 주요 지역,전문용역/컨설팅,29,3428148320.0,118212011.03448276,2026-04-28 09:18:51,0.019485038274182326,0.00028328891445982804,0.6382978723404256,0.128,12.92,추천,12.0
경상남도,창녕군,전국 주요 지역,시설유지보수,28,1371682240.0,48988651.428571425,2026-02-10 14:22:10,0.018789144050104383,0.00011335051359546348,0.24193548387096778,0.427,12.92,추천,2.7
강원특별자치도,춘천시,전국 주요 지역,기타/미분류,18,3255304000.0,180850222.2222222,2026-04-23 13:47:27,0.011830201809324982,0.0002690057285493225,0.5769230769230769,0.189,12.91,제외,7.8
대전광역시,동구,전국 주요 지역,건설/공사,23,11405103600.0,495874069.5652174,2026-01-12 11:08:06,0.015309672929714684,0.0009424736378226123,0.19607843137254904,0.466,12.9,제외,7.7
강원특별자치도,속초시,전국 주요 지역,교육물품/교구,12,863248400.0,71937366.66666667,2026-04-02 15:28:38,0.007654836464857342,7.133550806961101e-05,0.410958904109589,0.321,12.89,추천,12.5
전라북도,장수군,전국 주요 지역,차량/운송,10,626863010.0,62686301.0,2026-01-27 11:14:36,0.006263048016701462,5.180153395986097e-05,0.2173913043478261,0.469,12.89,추천,6.4
대구광역시,수성구,교육/고소득/주거,전문용역/컨설팅,7,939799000.0,134257000.0,2025-11-12 11:14:31,0.0041753653444676405,7.766135349722322e-05,0.14018691588785046,0.531,12.89,데이터부족,11.0
서울특별시,종로구,공공기관/전통상권/관광,청소/환경미화,6,1351846160.0,225307693.33333334,2024-12-12 15:13:51,0.003479471120389701,0.00011171133668542294,0.0546448087431694,0.596,12.88,데이터부족,6.0
경상북도,상주시,전국 주요 지역,인쇄/홍보물,4,259400000.0,64850000.0,2025-07-14 09:39:46,0.0020876826722338203,2.143581244200058e-05,0.08955223880597016,0.571,12.85,데이터부족,0.0
울산광역시,동구,전국 주요 지역,IT장비/전산,13,2486336000.0,191256615.3846154,2026-01-22 13:12:42,0.008350730688935281,0.00020546118798686952,0.2097902097902098,0.468,12.85,추천,6.3
서울특별시,중구,도심/관광/명동,건설/공사,15,4865217000.0,324347800.0,2024-12-17 21:45:58,0.009742519137091163,0.00040204271049203063,0.05514705882352941,0.581,12.85,제외,26.1
서울특별시,강남구,업무지구/고소득/IT,시설유지보수,88,12951127000.0,147171897.72727272,2026-04-20 16:09:37,0.060542797494780795,0.0010702310303952569,0.5454545454545454,0.111,12.85,추천,6.6
경기도,여주시,전국 주요 지역,조경/녹지관리,4,8800000.0,2200000.0,2024-09-27 14:06:21,0.0020876826722338203,7.271979548558408e-07,0.048,0.601,12.82,데이터부족,0.0
부산광역시,동래구,교육/주거/전통,차량/운송,50,5322577486.0,106451549.72,2026-04-17 15:45:36,0.03409881697981907,0.00043983721163419806,0.5172413793103449,0.184,12.81,추천,5.1
충청남도,예산군,전국 주요 지역,기타/미분류,8,794100000.0,99262500.0,2026-02-09 15:45:33,0.0048712595685455815,6.562135181261627e-05,0.24000000000000005,0.45,12.8,제외,6.2
전라북도,완주군,전국 주요 지역,조경/녹지관리,32,7517118100.0,234909940.625,2026-04-30 09:58:02,0.021572720946416143,0.0006211855578102073,0.6666666666666666,0.096,12.8,추천,6.3
부산광역시,사상구,공단/제조/교통,청소/환경미화,8,1510137980.0,188767247.5,2025-12-10 10:06:30,0.0048712595685455815,0.0001247919602961512,0.16129032258064516,0.509,12.8,데이터부족,6.8
부산광역시,서구,신도시/항만/산업,건설/공사,19,8771507500.0,461658289.4736842,2025-10-23 14:31:43,0.012526096033402923,0.000724843444886667,0.12820512820512822,0.518,12.8,제외,10.7
전라남도,전라남도,전국 주요 지역,청소/환경미화,9,10480466270.0,1164496252.2222223,2026-01-28 10:20:31,0.0055671537926235215,0.0008660651860772299,0.21897810218978103,0.463,12.79,데이터부족,13.0
경기도,이천시,전국 주요 지역,차량/운송,28,3108260440.0,111009301.42857143,2026-04-07 14:16:33,0.018789144050104383,0.0002568546176281041,0.4411764705882353,0.27,12.78,추천,7.1
인천광역시,남동구,산업단지/주거,조경/녹지관리,11,658243920.0,59840356.36363637,2026-04-03 17:49:58,0.006958942240779402,5.439473095685133e-05,0.4166666666666667,0.312,12.77,추천,5.2
대전광역시,서구,신도시/항만/산업,교육물품/교구,7,301100000.0,43014285.71428572,2026-02-04 13:11:43,0.0041753653444676405,2.4881739114442465e-05,0.23076923076923073,0.457,12.77,데이터부족,5.6
경기도,안산시,외국인/공단/주거,조경/녹지관리,5,268502000.0,53700400.0,2025-10-29 09:13:02,0.0027835768963117608,2.2187966508488974e-05,0.13157894736842105,0.534,12.77,데이터부족,9.0
충청북도,제천시,전국 주요 지역,기타/미분류,6,241145154.0,40190859.0,2025-06-16 18:35:45,0.003479471120389701,1.992730259229509e-05,0.08264462809917356,0.569,12.76,제외,2.8
전라북도,전주시,전국 주요 지역,차량/운송,84,12490352882.0,148694677.16666666,2026-04-24 15:26:34,0.05775922059846903,0.0010321544399111543,0.5882352941176471,0.08,12.76,추천,6.3
전라남도,여수시,전국 주요 지역,건설/공사,27,18576047000.0,688001740.7407408,2026-02-24 09:57:30,0.018093249826026444,0.001535052657693861,0.27272727272727276,0.395,12.75,제외,2.1
전라북도,남원시,전국 주요 지역,차량/운송,35,3497395000.0,99925571.42857143,2026-04-13 20:36:03,0.023660403618649965,0.0002890111921958004,0.48387096774193555,0.227,12.75,추천,7.3
경상남도,진주시,전국 주요 지역,기타/미분류,14,1638386585.0,117027613.21428572,2026-04-13 13:58:01,0.009046624913013222,0.0001353899288494597,0.48387096774193555,0.256,12.74,제외,1.3
충청북도,청주시,전국 주요 지역,건설/공사,25,850494100.0,34019764.0,2026-02-02 16:22:30,0.016701461377870562,7.028154206101806e-05,0.22727272727272727,0.433,12.74,제외,3.6
울산광역시,울산광역시,전국 주요 지역,교육물품/교구,63,8460320960.0,134290808.8888889,2026-04-29 16:10:24,0.04314544189283229,0.0006991281931290914,0.6521739130434783,0.06,12.73,추천,9.9
서울특별시,은평구,주거/문화/뉴타운,조경/녹지관리,5,815400000.0,163080000.0,2025-10-22 08:48:33,0.0027835768963117608,6.738150140789235e-05,0.12765957446808512,0.534,12.71,데이터부족,7.6
경기도,포천시,전국 주요 지역,차량/운송,24,2226149700.0,92756237.5,2026-04-01 14:17:33,0.016005567153792623,0.00018396039875487997,0.4054054054054054,0.298,12.69,추천,6.2
울산광역시,동구,전국 주요 지역,청소/환경미화,18,1949399440.0,108299968.8888889,2026-04-17 18:44:52,0.011830201809324982,0.00016109082795058197,0.5172413793103449,0.222,12.68,추천,9.2
서울특별시,용산구,외국인/관광/개발,IT장비/전산,11,5246355000.0,476941363.6363636,2025-10-29 20:57:15,0.006958942240779402,0.0004335384802781494,0.13157894736842105,0.52,12.66,추천,15.5
부산광역시,부산진구,상업/교통/중심가,급수/전기/설비,6,4099447000.0,683241166.6666666,2025-12-12 09:57:45,0.003479471120389701,0.0003387624402772628,0.16304347826086957,0.503,12.65,데이터부족,6.2
인천광역시,부평구,주거/상업/교통,보험/금융,5,1484783740.0,296956748.0,2026-02-13 09:14:46,0.0027835768963117608,0.00012269678399218255,0.24793388429752067,0.441,12.65,데이터부족,3.0
서울특별시,영등포구,오피스/금융/교통,시설유지보수,25,21532418502.0,861296740.08,2025-10-29 10:54:05,0.016701461377870562,0.0017793557611084623,0.13157894736842105,0.498,12.65,추천,13.3
부산광역시,부산진구,상업/교통/중심가,기타/미분류,7,589771160.0,84253022.85714285,2025-12-12 10:11:34,0.0041753653444676405,4.8736406975563285e-05,0.16304347826086957,0.502,12.65,제외,5.6
인천광역시,연수구,신도시/IT/주거,보험/금융,5,1355600000.0,271120000.0,2026-02-13 12:11:20,0.0027835768963117608,0.00011202153950029294,0.24793388429752067,0.441,12.65,데이터부족,5.6
경상북도,경상북도,전국 주요 지역,급식/식자재,16,1093141490.0,68321343.125,2026-04-28 13:36:18,0.010438413361169102,9.033298362455303e-05,0.6382978723404256,0.133,12.65,추천,12.8
강원특별자치도,양구군,전국 주요 지역,기타/미분류,6,1181214000.0,196869000.0,2025-05-12 11:10:25,0.003479471120389701,9.761095511898718e-05,0.07537688442211055,0.569,12.65,제외,5.0
서울특별시,강남구,업무지구/고소득/IT,전문용역/컨설팅,19,1900694000.0,100036526.31578948,2026-04-20 14:12:57,0.012526096033402923,0.00015706599881895085,0.5454545454545454,0.198,12.65,추천,11.3
경상남도,의령군,전국 주요 지역,건설/공사,26,11274256186.0,433625237.9230769,2026-02-11 09:43:00,0.017397355601948505,0.0009316609137477287,0.24390243902439027,0.413,12.64,제외,3.1
전라북도,전주시,전국 주요 지역,의료/복지용품,12,1587438160.0,132286513.33333333,2026-04-28 13:10:59,0.007654836464857342,0.00013117974811501353,0.6382978723404256,0.138,12.64,추천,14.4
경상북도,경상북도,전국 주요 지역,차량/운송,89,12572824103.0,141267686.5505618,2026-04-24 08:46:01,0.061238691718858734,0.001038969542552707,0.5882352941176471,0.067,12.64,추천,6.6
경기도,오산시,전국 주요 지역,청소/환경미화,8,4650478800.0,581309850.0,2025-11-25 13:08:31,0.0048712595685455815,0.00038429757641595964,0.14925373134328357,0.509,12.62,데이터부족,7.1
울산광역시,북구,대학/주거/상업,인쇄/홍보물,8,626540000.0,78317500.0,2026-04-02 14:16:51,0.0048712595685455815,5.17748416631112e-05,0.410958904109589,0.312,12.6,데이터부족,8.1
광주광역시,북구,대학/주거/상업,건설/공사,42,130700012670.0,3111905063.571429,2026-04-02 16:02:53,0.028531663187195546,0.010800543399233692,0.410958904109589,0.251,12.6,제외,9.3
대구광역시,중구,도심/관광/명동,기타/미분류,7,1262044000.0,180292000.0,2025-12-08 19:39:36,0.0041753653444676405,0.00010429043360660054,0.1595744680851064,0.502,12.6,제외,7.7
전라남도,나주시,전국 주요 지역,건설/공사,25,650627000.0,26025080.0,2026-01-27 11:21:28,0.016701461377870562,5.376529815613536e-05,0.2173913043478261,0.433,12.59,제외,1.4
강원특별자치도,태백시,전국 주요 지역,청소/환경미화,13,685053070.0,52696390.0,2026-03-31 14:47:30,0.008350730688935281,5.661013539451309e-05,0.4,0.312,12.58,추천,5.8
경상남도,창녕군,전국 주요 지역,건설/공사,19,818949400.0,43102600.0,2025-09-25 11:41:30,0.012526096033402923,6.767481009209295e-05,0.11450381679389311,0.518,12.58,제외,4.0
강원특별자치도,삼척시,전국 주요 지역,방역/소독,3,84577630.0,28192543.333333332,2025-01-15 15:12:45,0.0013917884481558804,6.98916813210841e-06,0.058252427184466014,0.582,12.57,데이터부족,5.0
충청남도,부여군,전국 주요 지역,급식/식자재,4,221255000.0,55313750.0,2026-01-15 10:19:00,0.0020876826722338203,1.8283657216094214e-05,0.2,0.474,12.56,데이터부족,3.5
전라북도,김제시,전국 주요 지역,전문용역/컨설팅,30,4108434000.0,136947800.0,2026-04-27 13:33:59,0.020180932498260265,0.00033950509118865925,0.625,0.118,12.55,추천,8.9
부산광역시,해운대구,관광/해변/고소득,의료/복지용품,3,76431000.0,25477000.0,2025-09-19 15:50:21,0.0013917884481558804,6.315962146316678e-06,0.11194029850746269,0.541,12.55,데이터부족,5.7
경상남도,함양군,전국 주요 지역,전문용역/컨설팅,21,10699552000.0,509502476.1904762,2026-04-22 11:20:07,0.013917884481558803,0.0008841695832129229,0.5660377358490566,0.174,12.55,추천,20.3
부산광역시,중구,도심/관광/명동,기타/미분류,7,1672364840.0,238909262.85714287,2025-12-03 18:43:16,0.0041753653444676405,0.00013819776038872904,0.15544041450777202,0.502,12.54,제외,5.4
전라북도,정읍시,전국 주요 지역,급식/식자재,5,599529800.0,119905960.0,2026-02-20 09:50:25,0.0027835768963117608,4.954282323126492e-05,0.2631578947368421,0.423,12.52,데이터부족,11.8
전라북도,고창군,전국 주요 지역,인쇄/홍보물,16,20279000000.0,1267437500.0,2026-04-29 17:06:50,0.010438413361169102,0.001675778105286545,0.6521739130434783,0.113,12.5,추천,18.6
전라남도,전라남도,전국 주요 지역,차량/운송,15,1587119000.0,105807933.33333333,2026-02-23 09:47:23,0.009742519137091163,0.00013115337396736902,0.27027027027027023,0.402,12.49,추천,6.1
서울특별시,구로구,산업/디지털/제조,전문용역/컨설팅,6,1084500000.0,180750000.0,2024-12-06 18:04:12,0.003479471120389701,8.961888432285902e-05,0.05405405405405406,0.577,12.49,데이터부족,11.7
부산광역시,북구,대학/주거/상업,교육물품/교구,5,449081290.0,89816258.0,2025-06-23 17:48:27,0.0027835768963117608,3.7110340415002585e-05,0.08426966292134831,0.553,12.44,데이터부족,5.4
전라북도,김제시,전국 주요 지역,IT장비/전산,53,6387152000.0,120512301.88679245,2026-04-24 14:18:54,0.03618649965205289,0.0005278095308810675,0.5882352941176471,0.108,12.44,추천,10.9
부산광역시,동구,전국 주요 지역,보험/금융,4,240000000.0,60000000.0,2025-07-16 15:02:03,0.0020876826722338203,1.9832671496068388e-05,0.0900900900900901,0.55,12.44,데이터부족,5.5
서울특별시,노원구,주거/교육/대학,차량/운송,7,49624434200.0,7089204885.714286,2024-10-24 21:50:09,0.0041753653444676405,0.0041007712569452555,0.05016722408026756,0.571,12.44,데이터부족,8.9
울산광역시,울주군,전국 주요 지역,청소/환경미화,22,2170372300.0,98653286.36363636,2026-04-21 17:54:30,0.014613778705636743,0.00017935117020860994,0.5555555555555556,0.176,12.44,추천,8.7
강원특별자치도,철원군,전국 주요 지역,IT장비/전산,13,2034420900.0,156493915.3846154,2025-12-31 09:21:22,0.008350730688935281,0.0001681166724768158,0.18181818181818182,0.468,12.43,추천,5.3
전라북도,순창군,전국 주요 지역,전문용역/컨설팅,10,1212957000.0,121295700.0,2026-02-23 20:45:57,0.006263048016701462,0.00010023407383273592,0.27027027027027023,0.406,12.43,추천,12.0
울산광역시,북구,대학/주거/상업,기타/미분류,15,995764920.0,66384328.0,2026-04-15 15:17:32,0.009742519137091163,8.22861606069534e-05,0.5,0.227,12.43,제외,5.4
충청남도,예산군,전국 주요 지역,조경/녹지관리,5,35210000.0,7042000.0,2025-09-11 13:13:10,0.0027835768963117608,2.9096181807356997e-06,0.10869565217391305,0.534,12.42,데이터부족,0.0
서울특별시,강남구,업무지구/고소득/IT,행사/운영용역,60,28452875100.0,474214585.0,2026-04-10 15:20:08,0.04105775922059847,0.0023512355207373496,0.46153846153846145,0.189,12.4,추천,10.8
경기도,고양시,신도시/주거/교통,인쇄/홍보물,5,624781000.0,124956200.0,2025-11-24 13:15:20,0.0027835768963117608,5.1629484708271265e-05,0.1485148514851485,0.503,12.4,데이터부족,15.2
부산광역시,금정구,대학/주거/산,인쇄/홍보물,4,252074000.0,63018500.0,2025-01-15 20:14:44,0.0020876826722338203,2.0830420144583094e-05,0.058252427184466014,0.571,12.38,데이터부족,9.8
경기도,이천시,전국 주요 지역,조경/녹지관리,5,203266000.0,40653200.0,2025-09-03 09:14:49,0.0027835768963117608,1.6797115851332652e-05,0.1056338028169014,0.534,12.38,데이터부족,5.4
경상남도,통영시,전국 주요 지역,조경/녹지관리,5,82660000.0,16532000.0,2025-09-02 14:45:30,0.0027835768963117608,6.830702607770887e-06,0.10526315789473684,0.534,12.37,데이터부족,0.0
충청남도,보령시,전국 주요 지역,조경/녹지관리,5,86398000.0,17279600.0,2025-09-02 08:50:18,0.0027835768963117608,7.139596466322152e-06,0.10526315789473684,0.534,12.37,데이터부족,0.0
경기도,평택시,미군기지/항만/산업,의료/복지용품,3,102000000.0,34000000.0,2025-08-14 15:41:20,0.0013917884481558804,8.428885385829065e-06,0.09868421052631579,0.541,12.36,데이터부족,12.0
경기도,의정부시,교통/주거/군부대,인쇄/홍보물,4,1748198000.0,437049500.0,2024-12-24 10:58:26,0.0020876826722338203,0.000144464319350349,0.0558659217877095,0.571,12.35,데이터부족,7.5
울산광역시,중구,도심/관광/명동,차량/운송,11,644065630.0,58551420.90909091,2026-01-27 15:51:01,0.006958942240779402,5.322309192374303e-05,0.2173913043478261,0.439,12.32,추천,4.5
전라북도,무주군,전국 주요 지역,차량/운송,11,825207000.0,75018818.18181819,2026-01-27 17:09:47,0.006958942240779402,6.819191394690044e-05,0.2173913043478261,0.439,12.32,추천,5.5
세종특별자치시,세종시,전국 주요 지역,경비/보안,18,5704307709.0,316905983.8333333,2026-04-29 11:09:51,0.011830201809324982,0.00047138192043786443,0.6521739130434783,0.102,12.31,추천,8.3
대전광역시,대전광역시,전국 주요 지역,청소/환경미화,133,14446159339.0,108617739.39097744,2026-04-22 07:54:03,0.0918580375782881,0.0011937747189593644,0.5660377358490566,0.006,12.31,추천,6.6
경상북도,상주시,전국 주요 지역,경비/보안,3,3893601420.0,1297867140.0,2026-02-23 15:32:23,0.0013917884481558804,0.00032175215791452246,0.27027027027027023,0.409,12.3,데이터부족,11.3
서울특별시,관악구,청년/자취생/대학가,인쇄/홍보물,4,675147000.0,168786750.0,2024-11-28 14:55:07,0.0020876826722338203,5.579153609398368e-05,0.05328596802841919,0.571,12.3,데이터부족,9.5
경기도,양주시,전국 주요 지역,청소/환경미화,9,808036204.0,89781800.44444445,2026-01-05 16:44:18,0.0055671537926235215,6.677298579525875e-05,0.1875,0.463,12.3,데이터부족,4.7
경상북도,의성군,전국 주요 지역,건설/공사,48,1763603300.0,36741735.416666664,2026-04-08 15:35:24,0.032707028531663185,0.00014573735374284226,0.44776119402985076,0.213,12.29,제외,1.5
서울특별시,강남구,업무지구/고소득/IT,교육물품/교구,19,13944031650.0,733896402.6315789,2026-04-13 13:49:35,0.012526096033402923,0.0011522808293551268,0.48387096774193555,0.225,12.29,추천,10.2
강원특별자치도,인제군,전국 주요 지역,IT장비/전산,27,24383844832.0,903105364.1481482,2026-04-14 19:31:06,0.018093249826026444,0.0020149866015173367,0.49180327868852464,0.207,12.29,추천,11.1
인천광역시,미추홀구,전국 주요 지역,인쇄/홍보물,5,556340000.0,111268000.0,2025-11-13 16:15:52,0.0027835768963117608,4.5973785250511196e-05,0.14084507042253522,0.503,12.29,데이터부족,14.2
전라북도,남원시,전국 주요 지역,교육물품/교구,25,2284109490.0,91364379.6,2026-04-20 16:24:10,0.016701461377870562,0.00018874997156759292,0.5454545454545454,0.172,12.29,추천,13.8
강원특별자치도,인제군,전국 주요 지역,보험/금융,5,1105706040.0,221141208.0,2026-01-30 12:59:25,0.0027835768963117608,9.137126942724438e-05,0.2222222222222222,0.441,12.27,데이터부족,5.8
울산광역시,북구,대학/주거/상업,차량/운송,173,11795801563.0,68183824.06358382,2026-04-08 14:56:30,0.11969380654140571,0.0009747594059657876,0.44776119402985076,0.037,12.27,추천,5.7
서울특별시,양천구,교육/주거/신도시,행사/운영용역,19,5116150200.0,269271063.15789473,2025-10-13 14:57:01,0.012526096033402923,0.0004227788593381024,0.12295081967213116,0.495,12.26,추천,11.3
강원특별자치도,화천군,전국 주요 지역,기타/미분류,7,1030946120.0,147278017.14285713,2025-11-06 14:19:12,0.0041753653444676405,8.519339886710958e-05,0.13636363636363638,0.502,12.25,제외,9.4
서울특별시,관악구,청년/자취생/대학가,행사/운영용역,16,3280849000.0,205053062.5,2024-12-18 17:49:53,0.010438413361169102,0.0002711166685216853,0.055248618784530384,0.55,12.25,추천,12.7
강원특별자치도,동해시,전국 주요 지역,인쇄/홍보물,4,969742000.0,242435500.0,2024-10-15 17:23:02,0.0020876826722338203,8.013572717475146e-05,0.049423393739703454,0.571,12.25,데이터부족,9.0
서울특별시,도봉구,주거/자연/교육,전문용역/컨설팅,7,996010000.0,142287142.85714287,2025-08-08 14:18:07,0.0041753653444676405,8.230641306999614e-05,0.0967741935483871,0.531,12.24,데이터부족,17.6
서울특별시,강서구,공항/산업단지/주거,경비/보안,2,4128000.0,2064000.0,2024-12-18 15:18:51,0.0006958942240779402,3.4112194973237624e-07,0.055248618784530384,0.568,12.22,데이터부족,2.0
전라북도,전주시,전국 주요 지역,기타/미분류,25,2361422140.0,94456885.6,2026-04-24 15:00:07,0.016701461377870562,0.00019513878985901172,0.5882352941176471,0.136,12.22,제외,8.0
부산광역시,기장군,농어촌/관광/신도시,기타/미분류,14,4887355252.0,349096803.71428573,2026-04-08 17:36:53,0.009046624913013222,0.00040387212998958555,0.44776119402985076,0.256,12.21,제외,6.1
서울특별시,노원구,주거/교육/대학,경비/보안,2,338998000.0,169499000.0,2024-12-09 17:06:07,0.0006958942240779402,2.801348321593413e-05,0.05434782608695653,0.568,12.2,데이터부족,6.5
서울특별시,동대문구,전통시장/패션/대학,IT장비/전산,10,3844119960.0,384411996.0,2024-12-06 13:39:33,0.006263048016701462,0.00031766320149233143,0.05405405405405406,0.556,12.19,추천,15.9
서울특별시,서대문구,대학/의료/주거,IT장비/전산,10,2676893000.0,267689300.0,2024-12-10 19:26:54,0.006263048016701462,0.00022120808124635413,0.0544464609800363,0.556,12.19,추천,14.4
전라북도,진안군,전국 주요 지역,차량/운송,14,1179156000.0,84225428.57142857,2026-02-09 18:18:51,0.009046624913013222,9.74408899609084e-05,0.24000000000000005,0.411,12.18,추천,4.5
강원특별자치도,양양군,전국 주요 지역,경비/보안,2,127109400.0,63554700.0,2024-11-19 14:53:07,0.0006958942240779402,1.050382905942648e-05,0.05244755244755245,0.568,12.17,데이터부족,5.0
전라북도,부안군,전국 주요 지역,차량/운송,12,1061689710.0,88474142.5,2026-02-04 12:22:51,0.007654836464857342,8.773393020494213e-05,0.23076923076923073,0.42,12.17,추천,5.1
경기도,남양주시,주거/자연/신도시,전문용역/컨설팅,8,1648545000.0,206068125.0,2025-11-24 19:38:41,0.0048712595685455815,0.00013622938096452525,0.1485148514851485,0.486,12.15,데이터부족,26.8
서울특별시,성북구,대학/문화/주거,경비/보안,2,88000000.0,44000000.0,2024-11-01 14:34:19,0.0006958942240779402,7.271979548558408e-06,0.05084745762711864,0.568,12.15,데이터부족,8.5
강원특별자치도,평창군,전국 주요 지역,급수/전기/설비,18,931985580.0,51776976.666666664,2026-04-20 16:36:22,0.011830201809324982,7.701568269671984e-05,0.5454545454545454,0.173,12.12,추천,5.0
전라남도,담양군,전국 주요 지역,급수/전기/설비,6,107354000.0,17892333.333333332,2025-10-21 09:34:54,0.003479471120389701,8.871319232453857e-06,0.1271186440677966,0.503,12.11,데이터부족,0.0
서울특별시,강북구,주거/서민/교육,급수/전기/설비,5,3301814600.0,660362920.0,2024-12-13 19:19:27,0.0027835768963117608,0.00027284918459467687,0.05474452554744526,0.558,12.1,데이터부족,18.4
서울특별시,강남구,업무지구/고소득/IT,IT장비/전산,21,13986777271.0,666037012.9047619,2026-03-30 14:36:00,0.013917884481558803,0.0011558131621017453,0.39473684210526316,0.279,12.09,추천,12.4
전라북도,군산시,전국 주요 지역,전문용역/컨설팅,49,8886063920.0,181348243.26530612,2026-04-27 09:56:14,0.033402922755741124,0.0007343099442434404,0.625,0.068,12.09,추천,10.3
전라북도,완주군,전국 주요 지역,보험/금융,10,555573740.0,55557374.0,2026-04-20 13:22:02,0.006263048016701462,4.591046448859212e-05,0.5454545454545454,0.183,12.09,추천,4.8
강원특별자치도,홍천군,전국 주요 지역,의료/복지용품,3,201890000.0,67296666.66666667,2025-06-04 09:55:14,0.0013917884481558804,1.6683408534755195e-05,0.08,0.541,12.08,데이터부족,7.0
강원특별자치도,강원특별자치도,전국 주요 지역,급수/전기/설비,54,16554079211.0,306557022.4259259,2026-04-28 09:49:48,0.03688239387613083,0.0013679650621319082,0.6382978723404256,0.049,12.06,추천,8.2
전라남도,나주시,전국 주요 지역,전문용역/컨설팅,7,526800000.0,75257142.85714285,2025-06-24 15:43:17,0.0041753653444676405,4.353271393387011e-05,0.08450704225352113,0.531,12.06,데이터부족,5.1
전라북도,남원시,전국 주요 지역,방역/소독,4,72358200.0,18089550.0,2025-12-04 17:12:45,0.0020876826722338203,5.979401711028398e-06,0.15625,0.481,12.05,데이터부족,5.5
대구광역시,달성군,농촌/산업단지,교육물품/교구,23,7050689650.0,306551723.9130435,2026-04-14 16:21:33,0.015309672929714684,0.0005826417152049141,0.49180327868852464,0.202,12.04,추천,10.6
울산광역시,남구,대학/항만/주거,전문용역/컨설팅,23,1449187310.0,63008143.91304348,2026-04-20 18:42:56,0.015309672929714684,0.00011975523273125425,0.5454545454545454,0.162,12.04,추천,5.9
광주광역시,북구,대학/주거/상업,기타/미분류,8,1639931000.0,204991375.0,2026-01-06 17:51:22,0.0048712595685455815,0.00013551755333007887,0.18867924528301888,0.45,12.03,제외,9.6
서울특별시,노원구,주거/교육/대학,급수/전기/설비,5,13537276000.0,2707455200.0,2024-09-30 18:20:17,0.0027835768963117608,0.001118668116081711,0.04823151125401929,0.558,12.02,데이터부족,9.8
서울특별시,양천구,교육/주거/신도시,보험/금융,4,1218122460.0,304530615.0,2025-02-13 17:55:02,0.0020876826722338203,0.00010066092746317793,0.0617283950617284,0.55,12.01,데이터부족,7.0
인천광역시,서구,신도시/항만/산업,전문용역/컨설팅,7,2672325450.0,381760778.5714286,2025-06-05 16:47:22,0.0041753653444676405,0.00022083063658513802,0.08021390374331551,0.531,12.0,데이터부족,11.3
경상남도,통영시,전국 주요 지역,전문용역/컨설팅,13,4025403000.0,309646384.61538464,2026-03-31 15:34:10,0.008350730688935281,0.0003326437305762007,0.4,0.283,12.0,추천,10.8
경기도,광명시,전국 주요 지역,차량/운송,12,851559500.0,70963291.66666667,2026-01-28 10:50:31,0.007654836464857342,7.036958259523436e-05,0.21897810218978103,0.42,11.99,추천,6.3
제주특별자치도,서귀포시,전국 주요 지역,급식/식자재,5,200183000.0,40036600.0,2026-02-02 15:32:55,0.0027835768963117608,1.6542348658739407e-05,0.22727272727272727,0.423,11.98,데이터부족,8.4
경기도,동두천시,전국 주요 지역,IT장비/전산,13,1854114560.0,142624196.92307693,2025-11-27 14:01:46,0.008350730688935281,0.00015321685410232241,0.1507537688442211,0.468,11.96,추천,8.8
서울특별시,동작구,대학/주거/공원,조경/녹지관리,5,1432234000.0,286446800.0,2025-05-23 18:57:06,0.0027835768963117608,0.00011835427678125004,0.07751937984496124,0.534,11.96,데이터부족,6.6
전라북도,고창군,전국 주요 지역,차량/운송,9,424386000.0,47154000.0,2025-09-09 11:34:37,0.0055671537926235215,3.506961718971033e-05,0.1079136690647482,0.506,11.96,데이터부족,5.6
인천광역시,옹진군,전국 주요 지역,급식/식자재,3,115440000.0,38480000.0,2025-05-21 15:12:49,0.0013917884481558804,9.539514989608895e-06,0.07712082262210797,0.536,11.93,데이터부족,6.0
인천광역시,부평구,주거/상업/교통,조경/녹지관리,18,33295854000.0,1849769666.6666667,2026-04-16 15:53:28,0.011830201809324982,0.002751440560679394,0.5084745762711864,0.188,11.93,추천,11.1
서울특별시,동작구,대학/주거/공원,보험/금융,4,2050347400.0,512586850.0,2024-12-24 16:13:41,0.0020876826722338203,0.00016943277682090804,0.0558659217877095,0.55,11.93,데이터부족,6.8
충청남도,아산시,전국 주요 지역,보험/금융,5,17896000.0,3579200.0,2026-01-15 13:47:46,0.0027835768963117608,1.4788562045568328e-06,0.2,0.441,11.93,데이터부족,0.0
강원특별자치도,횡성군,전국 주요 지역,급수/전기/설비,5,642020000.0,128404000.0,2024-07-31 13:24:46,0.0027835768963117608,5.305404897460761e-05,0.043923865300146414,0.558,11.93,데이터부족,5.8
대구광역시,달성군,농촌/산업단지,의료/복지용품,3,303814000.0,101271333.33333333,2025-04-09 08:55:28,0.0013917884481558804,2.5106013574610504e-05,0.06960556844547564,0.541,11.92,데이터부족,4.7
부산광역시,강서구,공항/산업단지/주거,청소/환경미화,9,588050000.0,65338888.88888889,2025-12-11 11:53:59,0.0055671537926235215,4.8594176971929227e-05,0.16216216216216214,0.463,11.92,데이터부족,6.7
경기도,의정부시,교통/주거/군부대,의료/복지용품,6,1736640000.0,289440000.0,2026-03-30 15:47:29,0.003479471120389701,0.00014350921094555085,0.39473684210526316,0.293,11.92,데이터부족,8.5
충청북도,청주시,전국 주요 지역,인쇄/홍보물,6,361600000.0,60266666.666666664,2026-01-29 11:17:56,0.003479471120389701,2.988122505407637e-05,0.22058823529411764,0.423,11.91,데이터부족,9.7
부산광역시,사하구,공단/항만/주거,조경/녹지관리,5,5295000000.0,1059000000.0,2025-05-02 10:32:15,0.0027835768963117608,0.00043755831488200876,0.07352941176470588,0.534,11.91,데이터부족,11.4
경상북도,고령군,전국 주요 지역,급수/전기/설비,6,177315026.0,29552504.333333332,2025-09-24 09:31:08,0.003479471120389701,1.4652627758228437e-05,0.1140684410646388,0.503,11.91,데이터부족,1.7
충청남도,충청남도,전국 주요 지역,급식/식자재,4,11860387200.0,2965096800.0,2025-12-02 14:41:39,0.0020876826722338203,0.0009800965131407265,0.15463917525773196,0.474,11.91,데이터부족,8.8
경기도,파주시,출판/DMZ/신도시,전문용역/컨설팅,15,2915461000.0,194364066.66666666,2026-04-06 16:32:52,0.009742519137091163,0.000240922417802496,0.4347826086956522,0.249,11.9,추천,10.1
전라북도,임실군,전국 주요 지역,전문용역/컨설팅,16,10245600000.0,640350000.0,2026-04-09 13:31:51,0.010438413361169102,0.0008466567461671594,0.45454545454545453,0.232,11.9,추천,22.2
경상북도,의성군,전국 주요 지역,전문용역/컨설팅,8,414935000.0,51866875.0,2025-10-29 10:36:33,0.0048712595685455815,3.42886231134214e-05,0.13157894736842105,0.486,11.89,데이터부족,0.0
경기도,파주시,출판/DMZ/신도시,차량/운송,51,5381837000.0,105526215.68627451,2026-04-10 10:58:10,0.03479471120389701,0.0004447341886099425,0.46153846153846145,0.178,11.89,추천,6.2
경기도,의정부시,교통/주거/군부대,행사/운영용역,25,1552352680.0,62094107.2,2026-01-25 13:40:13,0.016701461377870562,0.00012828041978533904,0.2142857142857143,0.4,11.89,추천,15.0
부산광역시,부산진구,상업/교통/중심가,행사/운영용역,26,3712875540.0,142802905.3846154,2026-02-06 10:16:14,0.017397355601948505,0.00030681767037753135,0.234375,0.383,11.88,추천,12.7
인천광역시,미추홀구,전국 주요 지역,시설유지보수,34,14340766068.0,421787237.2941176,2026-02-23 09:27:45,0.022964509394572025,0.001185065426785868,0.27027027027027023,0.344,11.88,추천,7.0
인천광역시,계양구,주거/교통,보험/금융,5,890698000.0,178139600.0,2026-01-12 16:20:36,0.0027835768963117608,7.360383681752133e-05,0.19607843137254904,0.441,11.87,데이터부족,7.4
충청남도,당진시,전국 주요 지역,경비/보안,3,31782000.0,10594000.0,2026-02-10 09:33:59,0.0013917884481558804,2.6263415228668563e-06,0.24193548387096778,0.409,11.86,데이터부족,0.0
충청북도,옥천군,전국 주요 지역,보험/금융,4,32466000.0,8116500.0,2024-10-29 11:42:26,0.0020876826722338203,2.682864636630651e-06,0.050590219224283306,0.55,11.84,데이터부족,0.5
경기도,성남시,IT/판교/주거,급식/식자재,5,1967721480.0,393544296.0,2026-01-27 14:16:48,0.0027835768963117608,0.00016260489045248958,0.2173913043478261,0.423,11.84,데이터부족,16.4
전라북도,군산시,전국 주요 지역,교육물품/교구,61,6173560800.0,101205914.75409836,2026-04-24 16:22:06,0.04175365344467641,0.0005101591804475214,0.5882352941176471,0.066,11.83,추천,12.0
경기도,평택시,미군기지/항만/산업,차량/운송,39,3275666840.0,83991457.43589744,2026-04-06 18:03:19,0.026443980514961725,0.0002706884348678517,0.4347826086956522,0.212,11.83,추천,6.0
경기도,과천시,전국 주요 지역,급식/식자재,5,1177831000.0,235566200.0,2026-01-27 10:45:59,0.0027835768963117608,9.733139708702385e-05,0.2173913043478261,0.423,11.83,데이터부족,10.8
전라북도,진안군,전국 주요 지역,인쇄/홍보물,5,1956912000.0,391382400.0,2025-09-10 10:29:32,0.0027835768963117608,0.0001617116368446424,0.10830324909747294,0.503,11.8,데이터부족,9.6
경기도,의왕시,전국 주요 지역,보험/금융,5,719378010.0,143875602.0,2026-01-07 16:32:17,0.0027835768963117608,5.944661564093916e-05,0.189873417721519,0.441,11.78,데이터부족,4.2
전라북도,순창군,전국 주요 지역,교육물품/교구,5,567573080.0,113514616.0,2024-06-05 10:40:58,0.0027835768963117608,4.690204352354893e-05,0.04059539918809202,0.553,11.78,데이터부족,18.0
강원특별자치도,속초시,전국 주요 지역,차량/운송,61,4580811986.0,75095278.4590164,2026-04-15 17:49:45,0.04175365344467641,0.0003785405804316276,0.5,0.129,11.76,추천,6.4
경기도,안양시,전국 주요 지역,IT장비/전산,13,9067215160.0,697478089.2307693,2025-11-03 16:50:36,0.008350730688935281,0.0007492795818852131,0.13452914798206278,0.468,11.73,추천,14.1
경기도,파주시,출판/DMZ/신도시,IT장비/전산,15,2491196590.0,166079772.66666666,2026-01-29 13:44:32,0.009742519137091163,0.00020586284833998234,0.22058823529411764,0.401,11.72,추천,7.4
전라북도,무주군,전국 주요 지역,시설유지보수,26,15799511900.0,607673534.6153846,2025-09-24 18:04:35,0.017397355601948505,0.0013056105387955136,0.1140684410646388,0.464,11.72,추천,6.6
전라북도,익산시,전국 주요 지역,차량/운송,59,8944342690.0,151599028.6440678,2026-04-13 17:47:28,0.04036186499652053,0.0007391258763292944,0.48387096774193555,0.141,11.71,추천,5.3
인천광역시,미추홀구,전국 주요 지역,조경/녹지관리,6,809931700.0,134988616.66666666,2025-10-27 17:10:11,0.003479471120389701,6.692962225146755e-05,0.13043478260869565,0.48,11.7,데이터부족,6.2
전라북도,부안군,전국 주요 지역,보험/금융,8,2891606470.0,361450808.75,2026-04-06 09:12:21,0.0048712595685455815,0.0002389511717308997,0.4347826086956522,0.248,11.68,데이터부족,4.8
경상북도,영천시,전국 주요 지역,급수/전기/설비,8,90956000.0,11369500.0,2026-01-26 13:27:10,0.0048712595685455815,7.5162519524849845e-06,0.21582733812949642,0.412,11.67,데이터부족,0.0
경기도,의왕시,전국 주요 지역,IT장비/전산,14,3142651330.0,224475095.0,2025-12-26 17:35:13,0.009046624913013222,0.000259696547727385,0.1764705882352941,0.432,11.66,추천,38.1
경상남도,함안군,전국 주요 지역,기타/미분류,15,256275000.0,17085000.0,2026-04-08 14:16:37,0.009742519137091163,2.1177574531895526e-05,0.44776119402985076,0.227,11.65,제외,0.0
서울특별시,은평구,주거/문화/뉴타운,인쇄/홍보물,5,5105000000.0,1021000000.0,2025-08-11 11:49:42,0.0027835768963117608,0.0004218574499476213,0.09771986970684039,0.503,11.65,데이터부족,12.6
울산광역시,북구,대학/주거/상업,청소/환경미화,62,5898155400.0,95131538.70967741,2026-04-24 18:02:42,0.04244954766875435,0.00048740074367067433,0.5882352941176471,0.056,11.65,추천,6.6
인천광역시,중구,도심/관광/명동,보험/금융,5,744392690.0,148878538.0,2025-12-29 11:28:43,0.0027835768963117608,6.151373202018613e-05,0.17964071856287425,0.441,11.63,데이터부족,3.8
경기도,파주시,출판/DMZ/신도시,의료/복지용품,3,136414800.0,45471600.0,2024-10-18 16:40:24,0.0013917884481558804,1.127279131500779e-05,0.049668874172185434,0.541,11.62,데이터부족,3.3
부산광역시,부산광역시,전국 주요 지역,청소/환경미화,78,38542955691.0,494140457.5769231,2026-04-23 15:50:24,0.05358385525400139,0.0031850407446130107,0.5769230769230769,0.037,11.62,추천,10.2
전라북도,전주시,전국 주요 지역,경비/보안,3,187417000.0,62472333.333333336,2026-02-01 10:08:53,0.0013917884481558804,1.5487415807411038e-05,0.22556390977443608,0.409,11.62,데이터부족,7.3
전라남도,화순군,전국 주요 지역,인쇄/홍보물,6,6549738600.0,1091623100.0,2026-01-15 17:31:30,0.003479471120389701,0.0005412450584954952,0.2,0.423,11.61,데이터부족,5.5
충청북도,제천시,전국 주요 지역,전문용역/컨설팅,8,2536349000.0,317043625.0,2025-09-19 10:51:17,0.0048712595685455815,0.0002095940688182565,0.11194029850746269,0.486,11.6,데이터부족,6.2
인천광역시,서구,신도시/항만/산업,차량/운송,16,4503631330.0,281476958.125,2026-02-06 11:25:20,0.010438413361169102,0.00037216266961371484,0.234375,0.383,11.6,추천,6.4
강원특별자치도,속초시,전국 주요 지역,경비/보안,5,556330000.0,111266000.0,2026-03-30 20:18:54,0.0027835768963117608,4.597295888919886e-05,0.39473684210526316,0.278,11.59,데이터부족,5.6
서울특별시,동대문구,전통시장/패션/대학,의료/복지용품,3,157500000.0,52500000.0,2024-09-10 16:01:16,0.0013917884481558804,1.3015190669294879e-05,0.04672897196261683,0.541,11.58,데이터부족,12.3
서울특별시,중랑구,주거/제조/서민,의료/복지용품,3,225000000.0,75000000.0,2024-09-10 17:39:53,0.0013917884481558804,1.8593129527564113e-05,0.04672897196261683,0.541,11.58,데이터부족,12.0
충청북도,옥천군,전국 주요 지역,전문용역/컨설팅,7,4393913900.0,627701985.7142857,2024-11-08 10:46:10,0.0041753653444676405,0.0003630960456696195,0.051457975986277875,0.531,11.57,데이터부족,15.7
전라북도,김제시,전국 주요 지역,청소/환경미화,10,672715686.0,67271568.6,2026-01-23 14:43:07,0.006263048016701462,5.559062171120955e-05,0.2112676056338028,0.407,11.56,추천,5.5
서울특별시,구로구,산업/디지털/제조,급식/식자재,3,1209550920.0,403183640.0,2024-11-13 16:08:09,0.0013917884481558804,9.995260855886372e-05,0.051903114186851215,0.536,11.56,데이터부족,15.3
광주광역시,북구,대학/주거/상업,교육물품/교구,6,165000000.0,27500000.0,2025-06-27 14:39:37,0.003479471120389701,1.3634961653547016e-05,0.08522727272727273,0.507,11.56,데이터부족,4.7
충청남도,홍성군,전국 주요 지역,건설/공사,26,363624000.0,13985538.461538462,2025-12-23 16:32:03,0.017397355601948505,3.0048480583693213e-05,0.17341040462427745,0.413,11.56,제외,0.3
인천광역시,옹진군,전국 주요 지역,급수/전기/설비,7,490776000.0,70110857.14285715,2025-11-28 13:39:40,0.0041753653444676405,4.0555829942310244e-05,0.15151515151515152,0.456,11.56,데이터부족,4.9
강원특별자치도,고성군,전국 주요 지역,IT장비/전산,26,4851495000.0,186595961.53846154,2026-04-06 16:04:25,0.017397355601948505,0.0004009087774992429,0.4347826086956522,0.216,11.55,추천,5.1
전라북도,완주군,전국 주요 지역,전문용역/컨설팅,31,3567594000.0,115083677.41935484,2026-04-22 14:38:41,0.020876826722338204,0.00029481216597226917,0.5660377358490566,0.111,11.55,추천,8.6
전라북도,무주군,전국 주요 지역,인쇄/홍보물,6,241318000.0,40219666.666666664,2026-01-12 14:11:31,0.003479471120389701,1.9941585917034296e-05,0.19607843137254904,0.423,11.54,데이터부족,4.8
인천광역시,서구,신도시/항만/산업,청소/환경미화,19,18852435230.0,992233433.1578947,2026-04-10 13:50:16,0.012526096033402923,0.0015578923117395686,0.46153846153846145,0.204,11.54,추천,5.7
부산광역시,사상구,공단/제조/교통,인쇄/홍보물,6,589970000.0,98328333.33333333,2026-01-12 16:39:48,0.003479471120389701,4.875283834389778e-05,0.19607843137254904,0.423,11.54,데이터부족,12.3
전라북도,무주군,전국 주요 지역,교육물품/교구,6,334351200.0,55725200.0,2025-06-20 14:04:56,0.003479471120389701,2.7629489641317752e-05,0.08356545961002786,0.507,11.53,데이터부족,4.7
경기도,남양주시,주거/자연/신도시,방역/소독,4,189804780.0,47451195.0,2025-10-10 08:59:53,0.0020876826722338203,1.5684732708848046e-05,0.12145748987854249,0.481,11.53,데이터부족,9.5
전라남도,순천시,전국 주요 지역,건설/공사,25,3382981440.0,135319257.6,2025-11-20 17:49:56,0.016701461377870562,0.00027955649823673494,0.14563106796116507,0.433,11.52,제외,7.4
부산광역시,해운대구,관광/해변/고소득,교육물품/교구,53,2476136423.0,46719555.1509434,2026-04-22 15:01:01,0.03618649965205289,0.00020461833440337015,0.5660377358490566,0.079,11.52,추천,12.4
부산광역시,금정구,대학/주거/산,급식/식자재,3,24084560.0,8028186.666666667,2024-10-14 15:31:17,0.0013917884481558804,1.9902548608639532e-06,0.049342105263157895,0.536,11.52,데이터부족,9.3
서울특별시,강북구,주거/서민/교육,IT장비/전산,11,1791824000.0,162893090.9090909,2024-12-09 18:00:30,0.006958942240779402,0.00014806940321154683,0.05434782608695653,0.52,11.5,추천,10.3
경상북도,구미시,전국 주요 지역,기타/미분류,7,3079117980.0,439873997.14285713,2025-06-27 17:29:15,0.0041753653444676405,0.0002544463974790736,0.08522727272727273,0.502,11.49,제외,10.9
경기도,김포시,신도시/공항/주거,방역/소독,11,825814500.0,75074045.45454545,2026-04-06 18:34:30,0.006958942240779402,6.824211539662486e-05,0.4347826086956522,0.234,11.48,추천,4.5
서울특별시,강동구,주거/강변/문화,조경/녹지관리,5,857615000.0,171523000.0,2024-08-30 14:35:40,0.0027835768963117608,7.086998568791954e-05,0.045941807044410414,0.534,11.48,데이터부족,7.0
경기도,동두천시,전국 주요 지역,교육물품/교구,15,1571761490.0,104784099.33333333,2026-03-30 09:26:08,0.009742519137091163,0.0001298842887555874,0.39473684210526316,0.258,11.47,추천,18.5
경기도,남양주시,주거/자연/신도시,청소/환경미화,9,1611774000.0,179086000.0,2025-10-30 17:17:03,0.0055671537926235215,0.00013319076778293387,0.13215859030837004,0.463,11.47,데이터부족,5.8
강원특별자치도,횡성군,전국 주요 지역,급식/식자재,3,782684000.0,260894666.66666666,2024-09-02 18:20:49,0.0013917884481558804,6.467797773845329e-05,0.04615384615384615,0.536,11.47,데이터부족,8.0
강원특별자치도,영월군,전국 주요 지역,조경/녹지관리,26,1269464800.0,48825569.23076923,2026-04-20 16:09:09,0.017397355601948505,0.00010490365980925898,0.5454545454545454,0.129,11.46,추천,5.7
강원특별자치도,정선군,전국 주요 지역,기타/미분류,10,1145132760.0,114513276.0,2026-02-09 17:07:55,0.006263048016701462,9.46293410352755e-05,0.24000000000000005,0.38,11.45,제외,10.0
대구광역시,군위군,전국 주요 지역,급식/식자재,13,992175200.0,76321169.23076923,2026-04-17 08:24:30,0.008350730688935281,8.198952003394146e-05,0.5172413793103449,0.168,11.45,추천,6.3
경기도,의왕시,전국 주요 지역,인쇄/홍보물,6,946904000.0,157817333.33333334,2026-01-07 15:31:33,0.003479471120389701,7.824848320963809e-05,0.189873417721519,0.423,11.45,데이터부족,12.3
전라남도,곡성군,전국 주요 지역,건설/공사,32,987757000.0,30867406.25,2026-02-12 17:55:11,0.021572720946416143,8.162441707892508e-05,0.24590163934426232,0.345,11.45,제외,1.5
강원특별자치도,강릉시,전국 주요 지역,전문용역/컨설팅,43,7236547730.0,168291807.6744186,2026-04-24 16:26:15,0.029227557411273485,0.0005980003078946225,0.5882352941176471,0.072,11.45,추천,8.1
강원특별자치도,삼척시,전국 주요 지역,시설유지보수,84,24191415850.0,287993045.8333333,2026-04-08 10:07:02,0.05775922059846903,0.001999085014907633,0.44776119402985076,0.118,11.44,추천,5.8
대전광역시,동구,전국 주요 지역,시설유지보수,34,7659852840.0,225289789.4117647,2026-02-10 16:32:34,0.022964509394572025,0.0006329806045164436,0.24193548387096778,0.344,11.44,추천,7.1
광주광역시,광산구,전국 주요 지역,기타/미분류,8,438759000.0,54844875.0,2025-11-25 15:57:23,0.0048712595685455815,3.6257346303931124e-05,0.14925373134328357,0.45,11.43,제외,6.9
충청북도,충청북도,전국 주요 지역,차량/운송,18,2120019800.0,117778877.77777778,2026-02-20 17:09:42,0.011830201809324982,0.0001751902344106692,0.2631578947368421,0.35,11.42,추천,6.7
충청남도,당진시,전국 주요 지역,급식/식자재,4,1788280000.0,447070000.0,2025-10-14 17:01:17,0.0020876826722338203,0.0001477765407624549,0.1234567901234568,0.474,11.42,데이터부족,16.8
전라북도,진안군,전국 주요 지역,기타/미분류,19,5550100000.0,292110526.31578946,2026-04-15 11:28:15,0.012526096033402923,0.00045863879195970483,0.5,0.17,11.41,제외,11.9
부산광역시,동래구,교육/주거/전통,IT장비/전산,15,3957366270.0,263824418.0,2026-01-14 13:08:28,0.009742519137091163,0.00032702143842721444,0.19867549668874174,0.401,11.4,추천,11.1
경기도,용인시,주거/산업/반도체,급식/식자재,5,1462838100.0,292567620.0,2026-01-06 15:51:03,0.0027835768963117608,0.00012088328120513681,0.18867924528301888,0.423,11.4,데이터부족,25.6
충청남도,충청남도,전국 주요 지역,교육물품/교구,26,4478869221.0,172264200.80769232,2026-04-15 16:32:35,0.017397355601948505,0.00037011642472476966,0.5,0.159,11.39,추천,10.0
부산광역시,금정구,대학/주거/산,청소/환경미화,10,2775336754.0,277533675.4,2026-01-14 17:20:27,0.006263048016701462,0.00022934309222102817,0.19867549668874174,0.407,11.38,추천,7.1
부산광역시,기장군,농어촌/관광/신도시,IT장비/전산,15,2636396880.0,175759792.0,2026-01-12 10:27:34,0.009742519137091163,0.00021786163855958178,0.19607843137254904,0.401,11.36,추천,7.6
경상북도,의성군,전국 주요 지역,조경/녹지관리,7,145123000.0,20731857.14285714,2025-11-17 10:03:40,0.0041753653444676405,1.1992403273016385e-05,0.14354066985645933,0.452,11.36,데이터부족,0.0
강원특별자치도,춘천시,전국 주요 지역,청소/환경미화,30,4700935820.0,156697860.66666666,2026-04-17 10:04:03,0.020180932498260265,0.000388467149342337,0.5172413793103449,0.139,11.36,추천,6.8
경상북도,봉화군,전국 주요 지역,기타/미분류,8,235675000.0,29459375.0,2025-11-17 09:29:52,0.0048712595685455815,1.9475270228482988e-05,0.14354066985645933,0.45,11.35,제외,2.4
경상남도,의령군,전국 주요 지역,전문용역/컨설팅,16,5556398000.0,347274875.0,2026-04-03 16:00:38,0.010438413361169102,0.00045915923431421414,0.4166666666666667,0.232,11.32,추천,18.0
경기도,고양시,신도시/주거/교통,전문용역/컨설팅,8,844790000.0,105598750.0,2025-07-24 16:26:00,0.0048712595685455815,6.981017730484839e-05,0.0923076923076923,0.486,11.3,데이터부족,13.6
서울특별시,용산구,외국인/관광/개발,인쇄/홍보물,9,3226148600.0,358460955.5555556,2026-03-27 17:02:03,0.0055671537926235215,0.0002665964390887539,0.379746835443038,0.268,11.29,데이터부족,16.0
인천광역시,부평구,주거/상업/교통,IT장비/전산,25,9311021930.0,372440877.2,2026-03-31 14:34:14,0.016701461377870562,0.0007694268301265777,0.4,0.23,11.29,추천,15.7
경기도,양주시,전국 주요 지역,IT장비/전산,14,4617382900.0,329813064.28571427,2025-11-28 09:03:22,0.009046624913013222,0.00038156265928026493,0.15151515151515152,0.432,11.28,추천,10.1
광주광역시,서구,신도시/항만/산업,급수/전기/설비,10,4018694363.0,401869436.3,2026-02-18 13:51:19,0.006263048016701462,0.00033208935476867,0.25862068965517243,0.357,11.28,추천,8.1
울산광역시,동구,전국 주요 지역,건설/공사,25,34251741000.0,1370069640.0,2025-10-15 18:59:09,0.016701461377870562,0.0028304313642559037,0.12396694214876033,0.433,11.26,제외,10.1
전라남도,담양군,전국 주요 지역,보험/금융,6,47124000.0,7854000.0,2026-02-13 09:47:03,0.003479471120389701,3.894145048253028e-06,0.24793388429752067,0.37,11.26,데이터부족,0.0
강원특별자치도,속초시,전국 주요 지역,의료/복지용품,4,209570000.0,52392500.0,2026-01-12 17:37:27,0.0020876826722338203,1.7318054022629383e-05,0.19607843137254904,0.411,11.25,데이터부족,4.5
인천광역시,연수구,신도시/IT/주거,의료/복지용품,4,337352000.0,84338000.0,2026-01-12 18:50:16,0.0020876826722338203,2.7877464143923593e-05,0.19607843137254904,0.411,11.25,데이터부족,13.0
경기도,포천시,전국 주요 지역,청소/환경미화,10,414264000.0,41426400.0,2026-01-07 10:06:13,0.006263048016701462,3.4233174269363645e-05,0.189873417721519,0.407,11.24,추천,6.0
경상남도,밀양시,전국 주요 지역,기타/미분류,38,595537000.0,15672026.315789474,2026-04-22 16:00:40,0.025748086290883786,4.921287368647533e-05,0.5660377358490566,0.086,11.24,제외,0.0
전라북도,익산시,전국 주요 지역,건설/공사,95,27448182694.0,288928238.8842105,2026-04-09 10:00:45,0.06541405706332637,0.002268211627225714,0.45454545454545453,0.087,11.23,제외,15.0
경기도,경기도,전국 주요 지역,보험/금융,26,5584608581.0,214792637.73076922,2026-04-29 11:24:49,0.017397355601948505,0.00046149044758790673,0.6521739130434783,0.037,11.23,추천,7.2
전라북도,진안군,전국 주요 지역,IT장비/전산,13,3430625000.0,263894230.76923078,2025-08-20 17:55:53,0.008350730688935281,0.0002834935777133317,0.10067114093959731,0.468,11.21,추천,13.5
전라북도,익산시,전국 주요 지역,IT장비/전산,51,27595379310.0,541085868.8235294,2026-04-15 10:35:48,0.03479471120389701,0.0022803753861026345,0.5,0.113,11.21,추천,8.7
서울특별시,영등포구,오피스/금융/교통,교육물품/교구,7,3046408000.0,435201142.85714287,2025-10-20 17:40:24,0.0041753653444676405,0.0002517433712791446,0.12658227848101264,0.457,11.21,데이터부족,8.7
경기도,시흥시,전국 주요 지역,청소/환경미화,9,394536000.0,43837333.333333336,2025-09-25 10:18:05,0.0055671537926235215,3.260292867238682e-05,0.11450381679389311,0.463,11.2,데이터부족,8.1
인천광역시,강화군,전국 주요 지역,급수/전기/설비,7,188584000.0,26940571.42857143,2025-10-22 16:07:33,0.0041753653444676405,1.558385217256067e-05,0.12765957446808512,0.456,11.2,데이터부족,5.0
광주광역시,광산구,전국 주요 지역,조경/녹지관리,9,350885000.0,38987222.222222224,2026-02-05 17:21:23,0.0055671537926235215,2.899577890790815e-05,0.23255813953488372,0.374,11.19,데이터부족,7.0
인천광역시,중구,도심/관광/명동,조경/녹지관리,15,1684822080.0,112321472.0,2026-03-30 16:30:02,0.009742519137091163,0.0001392271785081777,0.39473684210526316,0.244,11.19,추천,6.7
강원특별자치도,철원군,전국 주요 지역,교육물품/교구,9,764361000.0,84929000.0,2026-01-19 08:52:34,0.0055671537926235215,6.31638359058597e-05,0.2054794520547945,0.394,11.19,데이터부족,8.0
전라북도,정읍시,전국 주요 지역,차량/운송,17,3053511000.0,179618294.11764705,2026-02-05 17:14:43,0.011134307585247043,0.00025233033571929697,0.23255813953488372,0.362,11.18,추천,8.1
부산광역시,해운대구,관광/해변/고소득,행사/운영용역,92,6080514378.0,66092547.58695652,2026-04-03 11:10:37,0.06332637439109255,0.0005024701841083108,0.4166666666666667,0.119,11.18,추천,14.9
인천광역시,인천광역시,전국 주요 지역,의료/복지용품,175,37732873268.0,215616418.6742857,2026-04-03 10:55:13,0.12108559498956159,0.003118098667195935,0.4166666666666667,0.0,11.17,추천,21.4
경기도,광명시,전국 주요 지역,기타/미분류,10,678588000.0,67858800.0,2026-01-29 13:45:35,0.006263048016701462,5.607588702155856e-05,0.22058823529411764,0.38,11.16,제외,10.2
부산광역시,강서구,공항/산업단지/주거,조경/녹지관리,9,292679960.0,32519995.555555556,2026-02-04 15:03:58,0.0055671537926235215,2.4185939584010147e-05,0.23076923076923073,0.374,11.16,데이터부족,4.6
광주광역시,광산구,전국 주요 지역,전문용역/컨설팅,11,733043000.0,66640272.72727273,2026-02-19 16:53:42,0.006958942240779402,6.057583754788524e-05,0.2608695652173913,0.348,11.15,추천,10.2
경기도,과천시,전국 주요 지역,교육물품/교구,7,1118318110.0,159759730.0,2025-10-13 13:31:10,0.0041753653444676405,9.241348209889196e-05,0.12295081967213116,0.457,11.15,데이터부족,19.3
강원특별자치도,정선군,전국 주요 지역,시설유지보수,56,13116791136.0,234228413.14285713,2026-04-02 13:36:54,0.038274182324286705,0.001083920873678457,0.410958904109589,0.171,11.14,추천,6.0
강원특별자치도,속초시,전국 주요 지역,기타/미분류,17,815743000.0,47984882.35294118,2026-04-06 13:13:31,0.011134307585247043,6.740984560090548e-05,0.4347826086956522,0.208,11.13,제외,5.8
경기도,김포시,신도시/공항/주거,IT장비/전산,26,10125140340.0,389428474.61538464,2026-04-01 17:43:03,0.017397355601948505,0.0008367024258950424,0.4054054054054054,0.216,11.12,추천,9.8
경기도,포천시,전국 주요 지역,조경/녹지관리,7,561308000.0,80186857.14285715,2025-10-21 10:30:12,0.0041753653444676405,4.638432155047981e-05,0.1271186440677966,0.452,11.11,데이터부족,5.0
부산광역시,동래구,교육/주거/전통,건설/공사,26,32022202370.0,1231623168.0769231,2025-11-10 12:08:51,0.017397355601948505,0.0026461909174368024,0.1388888888888889,0.413,11.11,제외,7.8
제주특별자치도,제주시,전국 주요 지역,보험/금융,25,3324847990.0,132993919.6,2026-04-28 15:43:35,0.016701461377870562,0.00027475257483347196,0.6382978723404256,0.043,11.11,추천,5.6
전라북도,전라북도,전국 주요 지역,의료/복지용품,22,3326303690.0,151195622.27272728,2026-04-27 10:36:56,0.014613778705636743,0.00027487286824970874,0.625,0.057,11.11,추천,9.5
서울특별시,중랑구,주거/제조/서민,전문용역/컨설팅,8,1546616760.0,193327095.0,2025-05-26 15:57:01,0.0048712595685455815,0.0001278064255474735,0.078125,0.486,11.09,데이터부족,15.8
인천광역시,강화군,전국 주요 지역,전문용역/컨설팅,28,5922094538.0,211503376.35714287,2026-04-15 08:41:40,0.018789144050104383,0.000489378981420062,0.5,0.138,11.02,추천,12.3
인천광역시,부평구,주거/상업/교통,행사/운영용역,33,5715057890.0,173183572.42424244,2026-02-12 09:20:40,0.022268615170494086,0.00047227027380576555,0.24590163934426232,0.321,11.01,추천,17.0
대전광역시,대덕구,전국 주요 지역,방역/소독,13,558058460.0,42927573.84615385,2026-04-13 17:38:50,0.008350730688935281,4.6115792136590915e-05,0.48387096774193555,0.171,11.01,추천,4.4
인천광역시,남동구,산업단지/주거,의료/복지용품,4,96447700.0,24111925.0,2025-12-29 10:44:12,0.0020876826722338203,7.970064794380646e-06,0.17964071856287425,0.411,11.0,데이터부족,2.0
경기도,고양시,신도시/주거/교통,조경/녹지관리,18,14446694000.0,802594111.1111112,2026-04-08 17:47:21,0.011830201809324982,0.0011938189012759258,0.44776119402985076,0.188,10.98,추천,7.3
전라남도,여수시,전국 주요 지역,전문용역/컨설팅,21,10567177000.0,503198904.7619048,2026-04-10 18:21:13,0.013917884481558803,0.0008732306253408727,0.46153846153846145,0.174,10.98,추천,14.6
경상남도,창원시,전국 주요 지역,인쇄/홍보물,5,1821990000.0,364398000.0,2024-12-03 13:14:43,0.0027835768963117608,0.00015056220474634016,0.05376344086021505,0.503,10.98,데이터부족,7.6
대전광역시,유성구,전국 주요 지역,의료/복지용품,7,1552970000.0,221852857.14285713,2026-03-30 17:53:14,0.0041753653444676405,0.00012833143272187217,0.39473684210526316,0.244,10.97,데이터부족,4.6
울산광역시,중구,도심/관광/명동,IT장비/전산,15,3055273440.0,203684896.0,2025-12-19 14:07:16,0.009742519137091163,0.0002524759769424284,0.1694915254237288,0.401,10.96,추천,6.5
전라북도,고창군,전국 주요 지역,급수/전기/설비,6,585631000.0,97605166.66666667,2024-10-28 13:50:14,0.003479471120389701,4.839428017047511e-05,0.050505050505050504,0.503,10.96,데이터부족,5.2
서울특별시,금천구,제조/산업단지/중소기업,인쇄/홍보물,5,974200000.0,194840000.0,2024-11-15 09:51:27,0.0027835768963117608,8.050411904779093e-05,0.052083333333333336,0.503,10.95,데이터부족,20.4
서울특별시,중구,도심/관광/명동,인쇄/홍보물,5,699000002.0,139800000.4,2024-10-30 16:34:35,0.0027835768963117608,5.776265589757144e-05,0.05067567567567567,0.503,10.93,데이터부족,17.6
경기도,화성시,산업단지/신도시,차량/운송,67,12288807652.0,183415039.58208954,2026-04-08 17:30:28,0.04592901878914405,0.0010154995218353644,0.44776119402985076,0.117,10.92,추천,7.7
전라북도,부안군,전국 주요 지역,급수/전기/설비,7,2852822000.0,407546000.0,2025-09-11 09:22:24,0.0041753653444676405,0.00023574617317815335,0.10869565217391305,0.456,10.92,데이터부족,9.1
대전광역시,동구,전국 주요 지역,인쇄/홍보물,6,651368000.0,108561333.33333333,2025-12-02 18:02:25,0.003479471120389701,5.382653152937947e-05,0.15463917525773196,0.423,10.92,데이터부족,6.7
충청북도,제천시,전국 주요 지역,조경/녹지관리,7,103629000.0,14804142.857142856,2025-09-24 11:07:23,0.0041753653444676405,8.563499643608628e-06,0.1140684410646388,0.452,10.92,데이터부족,0.1
울산광역시,남구,대학/항만/주거,교육물품/교구,33,1143880690.0,34663051.21212121,2026-04-14 10:57:07,0.022268615170494086,9.452587481444183e-05,0.49180327868852464,0.132,10.91,추천,6.5
대전광역시,대덕구,전국 주요 지역,행사/운영용역,29,3848793960.0,132717033.10344827,2026-01-20 18:00:19,0.019485038274182326,0.00031804944276971736,0.2068965517241379,0.351,10.91,추천,10.5
전라북도,순창군,전국 주요 지역,기타/미분류,8,887778000.0,110972250.0,2025-09-24 18:10:49,0.0048712595685455815,7.336253931431916e-05,0.1140684410646388,0.45,10.91,제외,8.8
경기도,고양시,신도시/주거/교통,교육물품/교구,10,884961740.0,88496174.0,2026-01-28 08:31:00,0.006263048016701462,7.312981448337118e-05,0.21897810218978103,0.368,10.9,추천,15.7
제주특별자치도,서귀포시,전국 주요 지역,차량/운송,66,4029841652.0,61058206.84848485,2026-04-07 09:05:52,0.04523312456506611,0.0003330105236053731,0.4411764705882353,0.123,10.9,추천,5.5
충청남도,보령시,전국 주요 지역,보험/금융,5,12340000.0,2468000.0,2025-10-27 10:19:52,0.0027835768963117608,1.0197298594228496e-06,0.13043478260869565,0.441,10.89,데이터부족,0.6
대전광역시,대덕구,전국 주요 지역,청소/환경미화,10,2990622600.0,299062260.0,2025-12-15 18:01:33,0.006263048016701462,0.0002471334816438247,0.16574585635359115,0.407,10.88,추천,6.1
전라북도,남원시,전국 주요 지역,청소/환경미화,11,962575680.0,87506880.0,2026-01-29 16:44:50,0.006958942240779402,7.954353021476935e-05,0.22058823529411764,0.364,10.87,추천,8.7
강원특별자치도,홍천군,전국 주요 지역,보험/금융,6,1341175000.0,223529166.66666666,2026-01-29 16:33:37,0.003479471120389701,0.00011082951330724799,0.22058823529411764,0.37,10.85,데이터부족,3.0
대구광역시,달서구,주거/산업/신시가지,인쇄/홍보물,6,3947399600.0,657899933.3333334,2025-11-24 14:21:37,0.003479471120389701,0.0003261978313771323,0.1485148514851485,0.423,10.84,데이터부족,10.3
전라북도,장수군,전국 주요 지역,보험/금융,6,180000000.0,30000000.0,2026-01-27 11:36:55,0.003479471120389701,1.487450362205129e-05,0.2173913043478261,0.37,10.8,데이터부족,3.3
경기도,부천시,제조/주거/교통,방역/소독,4,598073000.0,149518250.0,2025-04-29 10:27:12,0.0020876826722338203,4.9422438915283786e-05,0.07299270072992702,0.481,10.8,데이터부족,6.2
대구광역시,북구,대학/주거/상업,차량/운송,19,1340969510.0,70577342.63157895,2026-02-02 13:23:52,0.012526096033402923,0.0001108125324086408,0.22727272727272727,0.344,10.79,추천,5.9
경기도,의정부시,교통/주거/군부대,청소/환경미화,11,2912770780.0,264797343.63636363,2026-01-25 13:16:14,0.006958942240779402,0.00024070010842952867,0.2142857142857143,0.364,10.78,추천,6.7
인천광역시,중구,도심/관광/명동,인쇄/홍보물,12,2436700000.0,203058333.33333334,2026-04-09 09:50:51,0.007654836464857342,0.00020135946097695766,0.45454545454545453,0.182,10.77,추천,12.2
경기도,수원시,행정/산업/대학,전문용역/컨설팅,21,4299700085.0,204747623.0952381,2026-04-08 09:29:45,0.013917884481558803,0.00035531058048925965,0.44776119402985076,0.174,10.76,추천,10.0
부산광역시,영도구,전국 주요 지역,청소/환경미화,10,3106993080.0,310699308.0,2025-12-05 16:35:17,0.006263048016701462,0.00025674988790082385,0.15706806282722513,0.407,10.75,추천,6.8
경기도,남양주시,주거/자연/신도시,IT장비/전산,18,7311565720.0,406198095.5555556,2026-01-29 16:20:05,0.011830201809324982,0.0006041995043611447,0.22058823529411764,0.347,10.74,추천,12.6
대구광역시,달서구,주거/산업/신시가지,청소/환경미화,10,817724000.0,81772400.0,2025-12-04 17:43:22,0.006263048016701462,6.757354777687927e-05,0.15625,0.407,10.74,추천,5.6
전라북도,진안군,전국 주요 지역,급수/전기/설비,7,2447960000.0,349708571.4285714,2025-08-05 17:33:25,0.0041753653444676405,0.0002022899438146482,0.09584664536741214,0.456,10.73,데이터부족,5.4
강원특별자치도,영월군,전국 주요 지역,의료/복지용품,4,69410000.0,17352500.0,2025-12-10 17:36:07,0.0020876826722338203,5.735773868925444e-06,0.16129032258064516,0.411,10.72,데이터부족,5.0
전라북도,정읍시,전국 주요 지역,건설/공사,66,17394852427.0,263558370.1060606,2026-03-31 09:37:22,0.04523312456506611,0.0014374433079469954,0.4,0.143,10.71,제외,9.4
서울특별시,동작구,대학/주거/공원,시설유지보수,28,20256791431.0,723456836.8214285,2025-07-16 13:23:42,0.018789144050104383,0.0016739428750641501,0.0900900900900901,0.427,10.68,추천,12.4
전라북도,부안군,전국 주요 지역,건설/공사,34,14142246440.0,415948424.7058824,2026-01-29 09:38:13,0.022964509394572025,0.001168660532754011,0.22058823529411764,0.321,10.68,제외,13.9
경기도,군포시,전국 주요 지역,IT장비/전산,15,3030023710.0,202001580.66666666,2025-11-27 13:53:26,0.009742519137091163,0.0002503894369405349,0.1507537688442211,0.401,10.68,추천,11.7
충청북도,보은군,전국 주요 지역,조경/녹지관리,9,110810000.0,12312222.222222222,2026-01-13 15:04:47,0.0055671537926235215,9.156909701997242e-06,0.19736842105263158,0.374,10.66,데이터부족,0.0
강원특별자치도,삼척시,전국 주요 지역,인쇄/홍보물,7,997373200.0,142481885.7142857,2026-02-02 13:55:17,0.0041753653444676405,8.241906264409381e-05,0.22727272727272727,0.354,10.66,데이터부족,6.1
전라북도,부안군,전국 주요 지역,경비/보안,3,495597000.0,165199000.0,2025-12-10 14:03:17,0.0013917884481558804,4.095421873098752e-05,0.16129032258064516,0.409,10.66,데이터부족,7.7
강원특별자치도,원주시,전국 주요 지역,인쇄/홍보물,14,1171494399.0,83678171.35714285,2026-04-14 11:28:21,0.009046624913013222,9.680776489521277e-05,0.49180327868852464,0.146,10.66,추천,7.8
강원특별자치도,강릉시,전국 주요 지역,방역/소독,26,420757359.0,16182975.346153846,2026-04-24 15:09:36,0.017397355601948505,3.4769760335834636e-05,0.5882352941176471,0.057,10.66,추천,6.4
충청남도,당진시,전국 주요 지역,건설/공사,33,870804000.0,26388000.0,2026-01-21 09:52:01,0.022268615170494086,7.195987362275973e-05,0.20833333333333334,0.332,10.66,제외,0.8
충청북도,제천시,전국 주요 지역,건설/공사,38,2699704000.0,71044842.10526316,2026-02-19 13:43:54,0.025748086290883786,0.0002230930940359242,0.2608695652173913,0.285,10.65,제외,6.7
인천광역시,부평구,주거/상업/교통,경비/보안,3,1275138218.0,425046072.6666667,2025-12-09 11:42:27,0.0013917884481558804,0.00010537248912365016,0.16042780748663102,0.409,10.64,데이터부족,20.7
강원특별자치도,횡성군,전국 주요 지역,청소/환경미화,12,519990650.0,43332554.166666664,2026-02-09 16:46:14,0.007654836464857342,4.297001559365447e-05,0.24000000000000005,0.336,10.63,추천,6.2
강원특별자치도,횡성군,전국 주요 지역,시설유지보수,35,24511839900.0,700338282.8571428,2026-01-26 13:26:26,0.023660403618649965,0.002025563618753841,0.21582733812949642,0.32,10.63,추천,6.9
부산광역시,강서구,공항/산업단지/주거,경비/보안,3,1575302000.0,525100666.6666667,2025-12-08 15:29:17,0.0013917884481558804,0.00013017686280458133,0.1595744680851064,0.409,10.63,데이터부족,5.0
강원특별자치도,평창군,전국 주요 지역,차량/운송,21,1263791660.0,60180555.23809524,2026-02-03 12:01:52,0.013917884481558803,0.0001044348534677123,0.22900763358778622,0.331,10.61,추천,4.9
울산광역시,남구,대학/항만/주거,조경/녹지관리,10,6408028999.0,640802899.9,2026-02-09 13:42:05,0.006263048016701462,0.0005295347253101956,0.24000000000000005,0.337,10.6,추천,6.4
전라북도,익산시,전국 주요 지역,급식/식자재,5,504244000.0,100848800.0,2025-11-03 20:35:14,0.0027835768963117608,4.1668773357764616e-05,0.13452914798206278,0.423,10.59,데이터부족,7.0
강원특별자치도,화천군,전국 주요 지역,교육물품/교구,7,525817400.0,75116771.42857143,2025-06-26 10:12:00,0.0041753653444676405,4.345151567131996e-05,0.08498583569405098,0.457,10.58,데이터부족,6.0
경기도,김포시,신도시/공항/주거,전문용역/컨설팅,11,2250821200.0,204620109.0909091,2026-01-29 10:17:11,0.006958942240779402,0.00018599915606661016,0.22058823529411764,0.348,10.55,추천,9.7
충청남도,부여군,전국 주요 지역,인쇄/홍보물,8,187139000.0,23392375.0,2026-02-24 13:16:44,0.0048712595685455815,1.546444296292809e-05,0.27272727272727276,0.312,10.53,데이터부족,0.0
충청남도,당진시,전국 주요 지역,조경/녹지관리,6,832859000.0,138809833.33333334,2024-11-21 16:52:05,0.003479471120389701,6.882424562310008e-05,0.05263157894736842,0.48,10.53,데이터부족,5.3
광주광역시,광산구,전국 주요 지역,의료/복지용품,8,1143220000.0,142902500.0,2026-04-03 16:38:04,0.0048712595685455815,9.447127794889709e-05,0.4166666666666667,0.203,10.51,데이터부족,6.0
전라북도,김제시,전국 주요 지역,조경/녹지관리,10,733976000.0,73397600.0,2026-02-06 14:12:45,0.006263048016701462,6.065293705832621e-05,0.234375,0.337,10.51,추천,6.0
부산광역시,해운대구,관광/해변/고소득,급식/식자재,65,2119668074.0,32610278.06153846,2026-04-15 11:22:19,0.04453723034098817,0.0001751611691347749,0.5,0.061,10.51,추천,8.9
경기도,평택시,미군기지/항만/산업,IT장비/전산,48,11211160182.0,233565837.125,2026-04-09 17:19:04,0.032707028531663185,0.0009264469040808678,0.45454545454545453,0.117,10.49,추천,8.2
전라북도,순창군,전국 주요 지역,급수/전기/설비,8,282989000.0,35373625.0,2025-11-06 19:56:40,0.0048712595685455815,2.3385116141670402e-05,0.13636363636363638,0.412,10.48,데이터부족,4.8
강원특별자치도,고성군,전국 주요 지역,급식/식자재,6,2280645000.0,380107500.0,2026-01-15 08:53:44,0.003479471120389701,0.00018846367951729537,0.2,0.367,10.48,데이터부족,8.0
강원특별자치도,강원특별자치도,전국 주요 지역,방역/소독,6,523994900.0,87332483.33333333,2026-01-20 14:44:00,0.003479471120389701,4.330091132214669e-05,0.2068965517241379,0.361,10.46,데이터부족,7.2
대구광역시,달성군,농촌/산업단지,보험/금융,11,974400000.0,88581818.18181819,2026-04-14 13:28:05,0.006958942240779402,8.052064627403764e-05,0.49180327868852464,0.14,10.46,추천,4.4
서울특별시,강동구,주거/강변/문화,차량/운송,10,589492050.0,58949205.0,2024-12-10 21:15:48,0.006263048016701462,4.8713342404974666e-05,0.0544464609800363,0.469,10.45,추천,5.9
경상남도,남해군,전국 주요 지역,인쇄/홍보물,6,459412930.0,76568821.66666667,2025-10-14 10:31:56,0.003479471120389701,3.7964107173901086e-05,0.1234567901234568,0.423,10.45,데이터부족,4.8
대구광역시,군위군,전국 주요 지역,차량/운송,23,1757069800.0,76394339.13043478,2026-02-09 15:04:38,0.015309672929714684,0.00014519745057942743,0.24000000000000005,0.31,10.42,추천,8.6
대구광역시,동구,전국 주요 지역,급식/식자재,7,83283030.0,11897575.714285715,2026-02-12 14:25:10,0.0041753653444676405,6.882187396613368e-06,0.24590163934426232,0.327,10.4,데이터부족,12.3
전라북도,군산시,전국 주요 지역,차량/운송,86,12120490750.0,140935938.95348838,2026-04-06 20:40:22,0.05915100904662491,0.0010015904642328565,0.4347826086956522,0.074,10.39,추천,8.8
강원특별자치도,인제군,전국 주요 지역,급수/전기/설비,7,3366000000.0,480857142.85714287,2025-04-29 13:09:13,0.0041753653444676405,0.0002781532177323591,0.07299270072992702,0.456,10.39,데이터부족,7.3
부산광역시,기장군,농어촌/관광/신도시,차량/운송,16,1004083000.0,62755187.5,2025-12-01 13:47:37,0.010438413361169102,8.297353455744514e-05,0.15384615384615385,0.383,10.39,추천,5.1
인천광역시,계양구,주거/교통,차량/운송,16,3210850620.0,200678163.75,2025-12-01 17:54:49,0.010438413361169102,0.00026533227320586463,0.15384615384615385,0.383,10.39,추천,7.1
전라북도,정읍시,전국 주요 지역,경비/보안,4,174756000.0,43689000.0,2026-02-09 18:56:55,0.0020876826722338203,1.4441159749862196e-05,0.24000000000000005,0.335,10.38,데이터부족,7.8
대구광역시,달성군,농촌/산업단지,급식/식자재,41,601728140.0,14676296.097560976,2026-04-16 16:21:52,0.027835768963117607,4.972448554400103e-05,0.5084745762711864,0.082,10.38,추천,12.0
경상남도,경상남도,전국 주요 지역,인쇄/홍보물,33,3110363010.0,94253424.54545455,2026-04-20 13:29:37,0.022268615170494086,0.000257028365878552,0.5454545454545454,0.065,10.38,추천,14.3
경기도,이천시,전국 주요 지역,IT장비/전산,33,10247419020.0,310527849.09090906,2026-03-31 14:11:01,0.022268615170494086,0.000846807062942596,0.4,0.173,10.37,추천,9.3
전라북도,익산시,전국 주요 지역,보험/금융,7,1141814120.0,163116302.85714287,2026-02-23 14:12:42,0.0041753653444676405,9.435510146471837e-05,0.27027027027027023,0.307,10.36,데이터부족,7.4
전라북도,완주군,전국 주요 지역,차량/운송,25,5092315210.0,203692608.4,2026-02-19 10:17:17,0.016701461377870562,0.0004208092279765104,0.2608695652173913,0.288,10.35,추천,6.7
서울특별시,중구,도심/관광/명동,청소/환경미화,9,5339611000.0,593290111.1111112,2024-12-20 16:21:41,0.0055671537926235215,0.00044124479533247174,0.055452865064695,0.463,10.33,데이터부족,7.4
전라북도,군산시,전국 주요 지역,청소/환경미화,71,8625703640.0,121488783.66197184,2026-04-15 16:22:33,0.04871259568545581,0.0007127947779773389,0.5,0.043,10.33,추천,5.3
충청북도,음성군,전국 주요 지역,급수/전기/설비,7,238454000.0,34064857.14285714,2025-04-02 08:47:53,0.0041753653444676405,1.970491603718121e-05,0.0684931506849315,0.456,10.31,데이터부족,2.1
강원특별자치도,양구군,전국 주요 지역,방역/소독,4,35354560.0,8838640.0,2024-05-17 16:35:41,0.0020876826722338203,2.9215640598668314e-06,0.0395778364116095,0.481,10.3,데이터부족,4.0
인천광역시,서구,신도시/항만/산업,방역/소독,6,533555600.0,88925933.33333333,2026-01-12 15:18:35,0.003479471120389701,4.409097058203194e-05,0.19607843137254904,0.361,10.3,데이터부족,4.8
경기도,김포시,신도시/공항/주거,기타/미분류,11,1659622500.0,150874772.72727272,2026-01-29 10:31:58,0.006958942240779402,0.00013714478270826565,0.22058823529411764,0.335,10.29,제외,4.8
강원특별자치도,삼척시,전국 주요 지역,청소/환경미화,12,753262920.0,62771910.0,2026-01-27 10:00:36,0.007654836464857342,6.224673351053851e-05,0.2173913043478261,0.336,10.29,추천,6.2
전라북도,전주시,전국 주요 지역,건설/공사,103,53406580307.0,518510488.4174757,2026-03-31 16:43:44,0.0709812108559499,0.004413313178988025,0.4,0.067,10.29,제외,9.6
인천광역시,계양구,주거/교통,IT장비/전산,17,4460223110.0,262366065.29411766,2025-12-08 17:57:22,0.011134307585247043,0.00036857558224917704,0.1595744680851064,0.372,10.29,추천,8.6
경상남도,남해군,전국 주요 지역,조경/녹지관리,8,262880000.0,32860000.0,2025-09-23 14:09:18,0.0048712595685455815,2.172338617869357e-05,0.11363636363636363,0.419,10.28,데이터부족,0.1
대전광역시,동구,전국 주요 지역,청소/환경미화,11,3110987500.0,282817045.45454544,2025-12-30 18:12:37,0.006958942240779402,0.00025707997131614607,0.18072289156626506,0.364,10.28,추천,10.7
대구광역시,수성구,교육/고소득/주거,기타/미분류,10,4457271000.0,445727100.0,2025-12-10 11:51:18,0.006263048016701462,0.00036833163129980096,0.16129032258064516,0.38,10.28,제외,10.3
강원특별자치도,삼척시,전국 주요 지역,기타/미분류,23,9049779100.0,393468656.5217391,2026-04-07 11:20:47,0.015309672929714684,0.0007478387333428559,0.4411764705882353,0.151,10.27,제외,4.3
부산광역시,부산광역시,전국 주요 지역,방역/소독,7,705648744.0,100806963.42857143,2026-02-06 17:26:25,0.0041753653444676405,5.8312082214021906e-05,0.234375,0.329,10.26,데이터부족,4.7
울산광역시,북구,대학/주거/상업,교육물품/교구,42,1433595370.0,34133223.0952381,2026-04-13 12:52:21,0.028531663187195546,0.00011846677513122756,0.48387096774193555,0.093,10.26,추천,5.0
대구광역시,달성군,농촌/산업단지,조경/녹지관리,70,4919525700.0,70278938.57142857,2026-04-16 16:15:55,0.04801670146137787,0.00040653057135235784,0.5084745762711864,0.034,10.24,추천,3.1
경기도,평택시,미군기지/항만/산업,전문용역/컨설팅,25,2866064870.0,114642594.8,2026-04-07 18:02:18,0.016701461377870562,0.0002368405127213831,0.4411764705882353,0.147,10.23,추천,7.4
인천광역시,강화군,전국 주요 지역,청소/환경미화,14,2219307770.0,158521983.57142857,2026-02-23 12:15:22,0.009046624913013222,0.00018339500812950872,0.27027027027027023,0.29,10.22,추천,12.0
대구광역시,수성구,교육/고소득/주거,IT장비/전산,17,3457667000.0,203392176.47058824,2025-12-03 11:33:18,0.011134307585247043,0.0002857282239741512,0.15544041450777202,0.372,10.22,추천,7.4
전라북도,순창군,전국 주요 지역,차량/운송,22,1620252270.0,73647830.45454545,2026-01-26 19:41:37,0.014613778705636743,0.0001338913792152879,0.21582733812949642,0.319,10.21,추천,8.9
강원특별자치도,평창군,전국 주요 지역,의료/복지용품,4,135424200.0,33856050.0,2025-10-21 15:57:02,0.0020876826722338203,1.119093196340777e-05,0.1271186440677966,0.411,10.21,데이터부족,3.8
강원특별자치도,고성군,전국 주요 지역,차량/운송,24,1957994920.0,81583121.66666667,2026-02-09 09:26:11,0.016005567153792623,0.00016180112516387792,0.24000000000000005,0.298,10.2,추천,6.6
울산광역시,울주군,전국 주요 지역,전문용역/컨설팅,20,2955151000.0,147757550.0,2026-03-30 18:58:26,0.013221990257480862,0.0002442022458511583,0.39473684210526316,0.186,10.18,추천,8.8
부산광역시,동구,전국 주요 지역,IT장비/전산,17,15557601320.0,915153018.8235294,2025-11-27 16:27:13,0.011134307585247043,0.001285619984359833,0.1507537688442211,0.372,10.18,추천,8.4
전라북도,진안군,전국 주요 지역,건설/공사,31,7089623891.0,228697544.87096775,2025-11-17 17:35:12,0.020876826722338204,0.0005858590902536715,0.14354066985645933,0.359,10.18,제외,14.3
경기도,광명시,전국 주요 지역,교육물품/교구,8,704387531.0,88048441.375,2025-09-11 11:06:34,0.0048712595685455815,5.820786045104036e-05,0.10869565217391305,0.417,10.17,데이터부족,19.6
경기도,남양주시,주거/자연/신도시,경비/보안,3,162192000.0,54064000.0,2025-10-24 09:37:44,0.0013917884481558804,1.3402919397043017e-05,0.12875536480686695,0.409,10.17,데이터부족,6.0
서울특별시,중구,도심/관광/명동,시설유지보수,28,7486452048.0,267373287.42857143,2024-12-19 15:28:57,0.018789144050104383,0.0006186514339127184,0.055350553505535055,0.427,10.14,추천,5.9
부산광역시,남구,대학/항만/주거,청소/환경미화,12,1371830240.0,114319186.66666667,2026-01-20 08:44:47,0.007654836464857342,0.00011336274374288606,0.2068965517241379,0.336,10.13,추천,6.2
충청북도,청주시,전국 주요 지역,조경/녹지관리,11,201408400.0,18309854.545454547,2026-02-09 10:06:13,0.006958942240779402,1.6643610973953084e-05,0.24000000000000005,0.312,10.12,추천,7.0
경상북도,봉화군,전국 주요 지역,조경/녹지관리,8,58477000.0,7309625.0,2025-08-27 09:11:44,0.0048712595685455815,4.832313046148296e-06,0.10309278350515465,0.419,10.12,데이터부족,0.4
경기도,수원시,행정/산업/대학,교육물품/교구,34,8575436770.0,252218728.52941176,2026-04-08 08:57:11,0.022964509394572025,0.0007086409183113156,0.44776119402985076,0.123,10.11,추천,18.0
경기도,이천시,전국 주요 지역,보험/금융,5,1049911680.0,209982336.0,2025-05-22 19:04:08,0.0027835768963117608,8.676063937218863e-05,0.07731958762886598,0.441,10.09,데이터부족,1.6
대전광역시,유성구,전국 주요 지역,기타/미분류,11,1019949000.0,92722636.36363636,2026-01-20 10:10:29,0.006958942240779402,8.428463941559773e-05,0.2068965517241379,0.335,10.08,제외,4.2
부산광역시,해운대구,관광/해변/고소득,차량/운송,72,7197948084.0,99971501.16666667,2026-03-31 15:25:43,0.049408489909533754,0.0005948105824821953,0.4,0.104,10.07,추천,7.2
서울특별시,강남구,업무지구/고소득/IT,의료/복지용품,17,1172706800.0,68982752.94117647,2026-04-15 15:52:53,0.011134307585247043,9.690795302335655e-05,0.5,0.106,10.07,추천,5.2
강원특별자치도,홍천군,전국 주요 지역,교육물품/교구,7,489420800.0,69917257.14285715,2024-10-25 11:33:24,0.0041753653444676405,4.044384145726244e-05,0.05025125628140704,0.457,10.06,데이터부족,6.0
울산광역시,북구,대학/주거/상업,보험/금융,6,970004960.0,161667493.33333334,2025-12-15 16:51:34,0.003479471120389701,8.015745717182065e-05,0.16574585635359115,0.37,10.03,데이터부족,4.7
서울특별시,강동구,주거/강변/문화,전문용역/컨설팅,10,1049255500.0,104925550.0,2025-09-13 13:33:09,0.006263048016701462,8.670641519559577e-05,0.10948905109489052,0.406,10.02,추천,10.6
서울특별시,강서구,공항/산업단지/주거,기타/미분류,8,1368954160.0,171119270.0,2024-12-13 16:00:22,0.0048712595685455815,0.00011312507561856768,0.05474452554744526,0.45,10.02,제외,7.9
인천광역시,계양구,주거/교통,기타/미분류,11,528184800.0,48016800.0,2026-01-14 19:27:13,0.006958942240779402,4.3647148448402426e-05,0.19867549668874174,0.335,9.96,제외,4.7
강원특별자치도,양양군,전국 주요 지역,전문용역/컨설팅,12,5123013000.0,426917750.0,2026-02-04 09:11:33,0.007654836464857342,0.00042334597457953247,0.23076923076923073,0.309,9.96,추천,12.1
서울특별시,마포구,홍대/관광/문화콘텐츠,전문용역/컨설팅,9,1511010000.0,167890000.0,2024-11-22 22:07:55,0.0055671537926235215,0.00012486402065530955,0.05272407732864675,0.447,9.96,데이터부족,10.1
경기도,의왕시,전국 주요 지역,조경/녹지관리,9,775577000.0,86175222.22222222,2025-11-26 17:31:27,0.0055671537926235215,6.409068275377597e-05,0.15,0.374,9.95,데이터부족,6.4
제주특별자치도,서귀포시,전국 주요 지역,전문용역/컨설팅,13,2062283000.0,158637153.84615386,2026-02-20 09:08:07,0.008350730688935281,0.00017041908862886,0.2631578947368421,0.283,9.95,추천,14.9
충청남도,홍성군,전국 주요 지역,급수/전기/설비,9,121368000.0,13485333.333333334,2025-10-29 10:51:40,0.0055671537926235215,1.0029381975561783e-05,0.13157894736842105,0.387,9.94,데이터부족,0.3
인천광역시,연수구,신도시/IT/주거,교육물품/교구,10,904632750.0,90463275.0,2025-12-03 10:05:38,0.006263048016701462,7.4755350647229e-05,0.15544041450777202,0.368,9.94,추천,9.5
광주광역시,광산구,전국 주요 지역,인쇄/홍보물,6,1337529000.0,222921500.0,2025-07-03 13:54:03,0.003479471120389701,0.00011052822197277023,0.08670520231213873,0.423,9.9,데이터부족,16.3
부산광역시,북구,대학/주거/상업,청소/환경미화,11,1645352380.0,149577489.0909091,2025-12-03 13:04:49,0.006958942240779402,0.00013596555519922618,0.15544041450777202,0.364,9.89,추천,5.5
경기도,이천시,전국 주요 지역,청소/환경미화,13,4374553664.0,336504128.0,2026-01-28 11:12:25,0.008350730688935281,0.0003614961906668097,0.21897810218978103,0.312,9.87,추천,4.7
경기도,이천시,전국 주요 지역,방역/소독,5,378480580.0,75696116.0,2025-09-15 13:53:45,0.0027835768963117608,3.127617087825596e-05,0.11029411764705882,0.405,9.87,데이터부족,5.4
강원특별자치도,강릉시,전국 주요 지역,청소/환경미화,42,8028965000.0,191165833.33333334,2026-04-08 13:40:14,0.028531663187195546,0.000663482605410128,0.44776119402985076,0.099,9.85,추천,6.2
경기도,안성시,전국 주요 지역,급식/식자재,14,1265859880.0,90418562.85714285,2026-04-07 17:16:45,0.009046624913013222,0.00010460576316705229,0.4411764705882353,0.143,9.84,추천,11.1
대구광역시,대구광역시,전국 주요 지역,방역/소독,8,445918212.0,55739776.5,2026-02-02 12:22:07,0.0048712595685455815,3.684895588629242e-05,0.22727272727272727,0.31,9.8,데이터부족,8.0
대구광역시,군위군,전국 주요 지역,전문용역/컨설팅,25,5558296000.0,222331840.0,2026-04-02 13:26:46,0.016701461377870562,0.00045931607769129554,0.410958904109589,0.147,9.78,추천,9.0
경기도,화성시,산업단지/신도시,보험/금융,5,6310000000.0,1262000000.0,2024-12-20 10:33:59,0.0027835768963117608,0.0005214339880841313,0.055452865064695,0.441,9.78,데이터부족,5.8
경기도,화성시,산업단지/신도시,경비/보안,13,1993502230.0,153346325.3846154,2026-04-08 13:42:26,0.008350730688935281,0.0001647353118927907,0.44776119402985076,0.136,9.77,추천,5.1
강원특별자치도,화천군,전국 주요 지역,의료/복지용품,5,247589000.0,49517800.0,2026-01-06 15:58:13,0.0027835768963117608,2.0459797096000317e-05,0.18867924528301888,0.341,9.76,데이터부족,6.4
경기도,시흥시,전국 주요 지역,전문용역/컨설팅,10,1018639530.0,101863953.0,2025-07-23 17:22:51,0.006263048016701462,8.417642988083124e-05,0.09202453987730061,0.406,9.75,추천,6.0
강원특별자치도,영월군,전국 주요 지역,보험/금융,7,891506050.0,127358007.14285715,2026-02-03 14:02:21,0.0041753653444676405,7.367061094336466e-05,0.22900763358778622,0.307,9.74,데이터부족,3.1
대전광역시,서구,신도시/항만/산업,조경/녹지관리,12,5002163000.0,416846916.6666667,2026-02-06 15:54:27,0.007654836464857342,0.0004133593981199497,0.234375,0.295,9.73,추천,4.6
강원특별자치도,동해시,전국 주요 지역,기타/미분류,10,10814687700.0,1081468770.0,2025-10-15 16:51:57,0.006263048016701462,0.0008936839520277975,0.12396694214876033,0.38,9.73,제외,8.2
경기도,부천시,제조/주거/교통,인쇄/홍보물,6,441574000.0,73595666.66666667,2025-05-01 15:18:21,0.003479471120389701,3.648996701335376e-05,0.07334963325183375,0.423,9.7,데이터부족,11.3
경기도,김포시,신도시/공항/주거,차량/운송,27,2751271980.0,101898962.22222222,2026-01-30 13:03:34,0.018093249826026444,0.0002273544723986568,0.2222222222222222,0.282,9.7,추천,6.1
대전광역시,유성구,전국 주요 지역,IT장비/전산,20,5959120270.0,297956013.5,2026-01-20 09:42:10,0.013221990257480862,0.0004924386446686348,0.2068965517241379,0.302,9.68,추천,9.4
경기도,김포시,신도시/공항/주거,인쇄/홍보물,8,1254805700.0,156850712.5,2026-01-26 09:02:11,0.0048712595685455815,0.00010369228849789225,0.21582733812949642,0.312,9.67,데이터부족,9.4
부산광역시,사하구,공단/항만/주거,IT장비/전산,18,10591587872.0,588421548.4444444,2025-11-24 21:04:04,0.011830201809324982,0.0008752478453629917,0.1485148514851485,0.347,9.66,추천,20.8
인천광역시,강화군,전국 주요 지역,방역/소독,39,1246531600.0,31962348.717948716,2026-04-21 17:25:26,0.026443980514961725,0.00010300854888445217,0.5555555555555556,0.013,9.65,추천,8.9
강원특별자치도,평창군,전국 주요 지역,조경/녹지관리,27,1239681500.0,45914129.62962963,2026-04-07 16:10:22,0.018093249826026444,0.00010244248312188876,0.4411764705882353,0.115,9.64,추천,6.9
전라북도,완주군,전국 주요 지역,청소/환경미화,44,3037278000.0,69029045.45454545,2026-04-08 17:25:01,0.029923451635351428,0.0002509889034009817,0.44776119402985076,0.086,9.64,추천,6.3
강원특별자치도,횡성군,전국 주요 지역,차량/운송,28,2371064999.0,84680892.82142857,2026-02-05 09:22:19,0.018789144050104383,0.00019593563842080299,0.23255813953488372,0.27,9.64,추천,5.7
전라남도,전라남도,전국 주요 지역,경비/보안,5,602630445.0,120526089.0,2026-02-20 10:02:06,0.0027835768963117608,4.979904853839378e-05,0.2631578947368421,0.278,9.62,데이터부족,10.2
경기도,안성시,전국 주요 지역,교육물품/교구,8,645880500.0,80735062.5,2025-04-23 10:09:14,0.0048712595685455815,5.337306575923499e-05,0.07194244604316546,0.417,9.62,데이터부족,10.1
경기도,안양시,전국 주요 지역,교육물품/교구,10,1593528880.0,159352888.0,2025-10-29 17:14:34,0.006263048016701462,0.00013168306165224075,0.13157894736842105,0.368,9.59,추천,23.6
부산광역시,부산광역시,전국 주요 지역,의료/복지용품,45,7471122442.0,166024943.15555555,2026-04-15 09:52:25,0.030619345859429367,0.0006173846545795427,0.5,0.041,9.56,추천,8.2
부산광역시,북구,대학/주거/상업,급식/식자재,6,8183000.0,1363833.3333333333,2025-11-10 16:33:55,0.003479471120389701,6.762114618846983e-07,0.1388888888888889,0.367,9.56,데이터부족,5.2
대구광역시,동구,전국 주요 지역,인쇄/홍보물,7,1333760000.0,190537142.85714287,2025-12-01 10:24:43,0.0041753653444676405,0.00011021676639415071,0.15384615384615385,0.354,9.56,데이터부족,14.0
충청남도,청양군,전국 주요 지역,급수/전기/설비,10,107875001.0,10787500.1,2025-11-19 16:39:27,0.006263048016701462,8.914372739462703e-06,0.14492753623188406,0.357,9.56,추천,0.2
부산광역시,동구,전국 주요 지역,급식/식자재,6,7883000.0,1313833.3333333333,2025-11-10 16:50:09,0.003479471120389701,6.514206225146129e-07,0.1388888888888889,0.367,9.56,데이터부족,6.3
전라북도,순창군,전국 주요 지역,의료/복지용품,4,1050530000.0,262632500.0,2025-06-18 14:21:54,0.0020876826722338203,8.681173494485302e-05,0.08310249307479224,0.411,9.55,데이터부족,9.2
부산광역시,사상구,공단/제조/교통,보험/금융,7,544000000.0,77714285.71428572,2026-01-26 15:36:36,0.0041753653444676405,4.4954055391088346e-05,0.21582733812949642,0.307,9.55,데이터부족,2.7
경기도,동두천시,전국 주요 지역,조경/녹지관리,9,705990999.0,78443444.33333333,2025-10-13 17:33:31,0.0055671537926235215,5.834036484311727e-05,0.12295081967213116,0.374,9.55,데이터부족,3.9
경기도,가평군,전국 주요 지역,교육물품/교구,13,824185460.0,63398881.538461536,2026-01-29 18:04:10,0.008350730688935281,6.810749783340005e-05,0.22058823529411764,0.295,9.54,추천,13.8
대구광역시,수성구,교육/고소득/주거,청소/환경미화,13,808579160.0,62198396.92307692,2026-01-13 16:03:53,0.008350730688935281,6.681785357852883e-05,0.19736842105263158,0.312,9.54,추천,4.7
부산광역시,남구,대학/항만/주거,방역/소독,6,1878600000.0,313100000.0,2025-11-19 14:37:02,0.003479471120389701,0.0001552402361354753,0.14492753623188406,0.361,9.54,데이터부족,6.2
전라북도,임실군,전국 주요 지역,IT장비/전산,20,1849857620.0,92492881.0,2026-01-13 14:27:44,0.013221990257480862,0.00015286507704982878,0.19736842105263158,0.302,9.53,추천,5.8
인천광역시,남동구,산업단지/주거,IT장비/전산,22,6807053390.0,309411517.72727275,2026-02-13 17:38:36,0.014613778705636743,0.0005625085572502861,0.24793388429752067,0.259,9.5,추천,9.0
경기도,구리시,전국 주요 지역,행사/운영용역,42,3895662330.0,92753865.0,2026-01-27 10:31:28,0.028531663187195546,0.00032192246354374314,0.2173913043478261,0.254,9.49,추천,8.6
서울특별시,강남구,업무지구/고소득/IT,인쇄/홍보물,13,8597709570.0,661362274.6153846,2026-03-30 13:44:57,0.008350730688935281,0.0007104814563350558,0.39473684210526316,0.161,9.49,추천,14.9
전라남도,보성군,전국 주요 지역,건설/공사,32,855301000.0,26728156.25,2025-09-25 13:34:52,0.021572720946416143,7.067876568024495e-05,0.11450381679389311,0.345,9.48,제외,1.8
경기도,화성시,산업단지/신도시,급식/식자재,7,1820440120.0,260062874.2857143,2026-01-02 14:35:08,0.0041753653444676405,0.00015043412865926382,0.18404907975460122,0.327,9.47,데이터부족,19.9
전라남도,전라남도,전국 주요 지역,전문용역/컨설팅,56,24655383760.0,440274710.0,2026-04-08 10:49:54,0.038274182324286705,0.002037425528006581,0.44776119402985076,0.058,9.46,추천,11.6
충청북도,보은군,전국 주요 지역,기타/미분류,14,345777000.0,24698357.14285714,2026-02-20 11:45:44,0.009046624913013222,2.8573673549566828e-05,0.2631578947368421,0.256,9.43,제외,0.5
인천광역시,중구,도심/관광/명동,시설유지보수,36,17062631967.0,473961999.0833333,2025-12-10 19:32:18,0.024356297842727904,0.0014099898944159423,0.16129032258064516,0.3,9.43,추천,7.2
서울특별시,노원구,주거/교육/대학,인쇄/홍보물,6,3906050000.0,651008333.3333334,2024-12-04 16:39:58,0.003479471120389701,0.00032278086040507466,0.05385996409335727,0.423,9.42,데이터부족,18.0
서울특별시,서초구,법조/교육/고소득,인쇄/홍보물,6,2327885640.0,387980940.0,2024-12-11 10:53:56,0.003479471120389701,0.00019236746324389548,0.05454545454545455,0.423,9.42,데이터부족,14.3
서울특별시,동작구,대학/주거/공원,인쇄/홍보물,6,1095952000.0,182658666.66666666,2024-12-02 18:47:57,0.003479471120389701,9.056523329774642e-05,0.053667262969588556,0.423,9.41,데이터부족,11.0
서울특별시,서대문구,대학/의료/주거,인쇄/홍보물,6,1463004000.0,243834000.0,2024-12-06 17:07:08,0.003479471120389701,0.00012089699053930847,0.05405405405405406,0.423,9.41,데이터부족,12.3
강원특별자치도,횡성군,전국 주요 지역,조경/녹지관리,37,2697117500.0,72895067.56756757,2026-04-10 09:04:57,0.025052192066805846,0.00022287935568248845,0.46153846153846145,0.073,9.39,추천,5.1
대전광역시,중구,도심/관광/명동,IT장비/전산,20,2448715290.0,122435764.5,2026-01-05 17:16:36,0.013221990257480862,0.00020235235805820764,0.1875,0.302,9.39,추천,6.8
서울특별시,서초구,법조/교육/고소득,조경/녹지관리,8,1096739000.0,137092375.0,2024-11-25 17:02:39,0.0048712595685455815,9.063026793302728e-05,0.053003533568904596,0.419,9.37,데이터부족,9.2
충청남도,예산군,전국 주요 지역,급수/전기/설비,10,221061000.0,22106100.0,2025-10-28 10:57:46,0.006263048016701462,1.826762580663489e-05,0.13100436681222707,0.357,9.36,추천,0.0
서울특별시,은평구,주거/문화/뉴타운,교육물품/교구,8,2009260000.0,251157500.0,2024-12-11 20:06:13,0.0048712595685455815,0.00016603747304245987,0.05454545454545455,0.417,9.36,데이터부족,20.2
전라북도,장수군,전국 주요 지역,조경/녹지관리,8,926504000.0,115813000.0,2024-11-12 11:07:58,0.0048712595685455815,7.656270613247227e-05,0.05181347150259067,0.419,9.35,데이터부족,6.6
전라남도,전라남도,전국 주요 지역,급식/식자재,6,1369154880.0,228192480.0,2025-10-16 16:22:53,0.003479471120389701,0.00011314166234282889,0.12448132780082988,0.367,9.35,데이터부족,9.5
인천광역시,중구,도심/관광/명동,방역/소독,5,549047070.0,109809414.0,2025-05-12 15:07:04,0.0027835768963117608,4.53711257299536e-05,0.07537688442211055,0.405,9.34,데이터부족,8.4
광주광역시,광산구,전국 주요 지역,건설/공사,53,8014244500.0,151212160.3773585,2026-02-23 17:56:41,0.03618649965205289,0.0006622661602403035,0.27027027027027023,0.191,9.34,제외,8.2
강원특별자치도,강릉시,전국 주요 지역,보험/금융,11,1618487390.0,147135217.27272728,2026-04-03 16:21:54,0.006958942240779402,0.00013374553635999632,0.4166666666666667,0.14,9.33,추천,1.5
제주특별자치도,서귀포시,전국 주요 지역,보험/금융,7,697162000.0,99594571.42857143,2026-01-16 18:10:41,0.0041753653444676405,5.761077052309179e-05,0.20134228187919462,0.307,9.33,데이터부족,5.6
경상북도,김천시,전국 주요 지역,경비/보안,4,2200.0,550.0,2025-12-19 17:20:05,0.0020876826722338203,1.817994887139602e-10,0.1694915254237288,0.335,9.33,데이터부족,7.8
강원특별자치도,태백시,전국 주요 지역,전문용역/컨설팅,11,1766561000.0,160596454.54545453,2025-11-10 17:00:33,0.006958942240779402,0.00014598176662819194,0.1388888888888889,0.348,9.33,추천,7.7
전라북도,장수군,전국 주요 지역,시설유지보수,37,48872526500.0,1320879094.5945945,2025-12-11 09:16:50,0.025052192066805846,0.004038636513572487,0.16216216216216214,0.289,9.32,추천,10.0
광주광역시,서구,신도시/항만/산업,경비/보안,4,56160000.0,14040000.0,2025-12-17 11:40:01,0.0020876826722338203,4.640845130080003e-06,0.16759776536312848,0.335,9.3,데이터부족,3.5
경기도,양주시,전국 주요 지역,기타/미분류,10,3012494000.0,301249400.0,2025-08-07 14:18:58,0.006263048016701462,0.00024894084952448766,0.09646302250803858,0.38,9.3,제외,7.3
경기도,안성시,전국 주요 지역,청소/환경미화,13,1355348910.0,104257608.46153846,2025-12-29 15:55:05,0.008350730688935281,0.00011200079039410149,0.17964071856287425,0.312,9.27,추천,5.5
전라남도,고흥군,전국 주요 지역,급수/전기/설비,10,448592000.0,44859200.0,2025-10-16 09:50:39,0.006263048016701462,3.706990738235129e-05,0.12448132780082988,0.357,9.26,추천,1.7
강원특별자치도,고성군,전국 주요 지역,전문용역/컨설팅,11,2229260000.0,202660000.0,2025-11-03 17:47:36,0.006958942240779402,0.00018421742191385588,0.13452914798206278,0.348,9.26,추천,4.4
전라북도,부안군,전국 주요 지역,의료/복지용품,4,1852217000.0,463054250.0,2025-02-14 18:13:11,0.0020876826722338203,0.00015306004708513874,0.06185567010309279,0.411,9.24,데이터부족,25.8
강원특별자치도,동해시,전국 주요 지역,IT장비/전산,21,3331432430.0,158639639.52380952,2026-01-19 15:30:09,0.013917884481558803,0.0002752966874814118,0.2054794520547945,0.279,9.23,추천,5.7
경기도,화성시,산업단지/신도시,방역/소독,8,711596000.0,88949500.0,2026-01-06 13:48:46,0.0048712595685455815,5.880354044131783e-05,0.18867924528301888,0.31,9.23,데이터부족,8.8
광주광역시,남구,대학/항만/주거,인쇄/홍보물,9,3589690000.0,398854444.4444444,2026-02-10 19:32:00,0.0055671537926235215,0.0002966380939280072,0.24193548387096778,0.268,9.22,데이터부족,21.4
경상북도,구미시,전국 주요 지역,인쇄/홍보물,7,1540260000.0,220037142.85714287,2025-10-27 11:06:50,0.0041753653444676405,0.0001272811274938929,0.13043478260869565,0.354,9.21,데이터부족,11.4
경기도,동두천시,전국 주요 지역,차량/운송,29,5919094600.0,204106710.3448276,2026-01-27 16:30:49,0.019485038274182326,0.0004891310781498013,0.2173913043478261,0.258,9.21,추천,6.8
부산광역시,기장군,농어촌/관광/신도시,경비/보안,4,678720000.0,169680000.0,2025-12-10 17:23:33,0.0020876826722338203,5.60867949908814e-05,0.16129032258064516,0.335,9.2,데이터부족,6.5
강원특별자치도,삼척시,전국 주요 지역,차량/운송,31,1845079190.0,59518683.548387095,2026-02-06 09:52:50,0.020876826722338204,0.0001524702060812581,0.234375,0.242,9.19,추천,5.2
부산광역시,기장군,농어촌/관광/신도시,건설/공사,36,13335034220.0,370417617.2222222,2025-11-05 09:58:20,0.024356297842727904,0.0011019556378087105,0.13574660633484165,0.307,9.18,제외,19.3
전라북도,김제시,전국 주요 지역,차량/운송,31,4358462000.0,140595548.38709676,2026-02-05 14:10:11,0.020876826722338204,0.0003601664378087384,0.23255813953488372,0.242,9.17,추천,5.5
인천광역시,서구,신도시/항만/산업,기타/미분류,14,1123626000.0,80259000.0,2026-02-12 15:43:26,0.009046624913013222,9.285210559350558e-05,0.24590163934426232,0.256,9.17,제외,8.1
전라북도,고창군,전국 주요 지역,시설유지보수,43,32026589380.0,744804404.1860465,2025-12-31 11:21:42,0.029227557411273485,0.0026465534429708855,0.18181818181818182,0.26,9.16,추천,7.8
울산광역시,남구,대학/항만/주거,급식/식자재,8,340644500.0,42580562.5,2026-01-30 09:35:12,0.0048712595685455815,2.814954360601028e-05,0.2222222222222222,0.281,9.15,데이터부족,9.4
경기도,안양시,전국 주요 지역,급식/식자재,8,2995269920.0,374408740.0,2026-01-29 10:31:03,0.0048712595685455815,0.0002475175181892293,0.22058823529411764,0.281,9.13,데이터부족,22.5
강원특별자치도,홍천군,전국 주요 지역,조경/녹지관리,43,6736145500.0,156654546.5116279,2026-04-09 14:58:24,0.029227557411273485,0.0005566490035467472,0.45454545454545453,0.056,9.12,추천,5.9
울산광역시,중구,도심/관광/명동,전문용역/컨설팅,16,968582000.0,60536375.0,2026-02-23 10:00:20,0.010438413361169102,8.003986926252045e-05,0.27027027027027023,0.232,9.11,추천,7.7
경상남도,진주시,전국 주요 지역,전문용역/컨설팅,11,4175590000.0,379599090.90909094,2025-10-15 17:12:19,0.006958942240779402,0.0003450546032177841,0.12396694214876033,0.348,9.11,추천,11.2
경상남도,사천시,전국 주요 지역,전문용역/컨설팅,11,1641830000.0,149257272.72727272,2025-10-15 10:46:23,0.006958942240779402,0.0001356744793432915,0.12396694214876033,0.348,9.1,추천,15.2
경기도,안산시,외국인/공단/주거,차량/운송,30,2009308990.0,66976966.333333336,2026-01-26 20:15:49,0.020180932498260265,0.000166041521386529,0.21582733812949642,0.252,9.09,추천,6.3
경기도,성남시,IT/판교/주거,인쇄/홍보물,8,3098040000.0,387255000.0,2025-12-26 07:05:02,0.0048712595685455815,0.0002560100400069988,0.1764705882352941,0.312,9.09,데이터부족,15.2
인천광역시,서구,신도시/항만/산업,건설/공사,49,98826877157.0,2016875044.0204082,2026-02-04 09:44:37,0.033402922755741124,0.008166670790154524,0.23076923076923073,0.204,9.08,제외,8.6
강원특별자치도,강릉시,전국 주요 지역,의료/복지용품,6,857487000.0,142914500.0,2026-01-19 15:09:27,0.003479471120389701,7.085940826312164e-05,0.2054794520547945,0.293,9.08,데이터부족,15.3
서울특별시,강남구,업무지구/고소득/IT,청소/환경미화,22,108708605646.0,4941300256.636364,2026-03-11 09:19:11,0.014613778705636743,0.008983258602386513,0.31578947368421056,0.176,9.07,추천,6.8
전라북도,정읍시,전국 주요 지역,인쇄/홍보물,9,486347800.0,54038644.44444445,2026-02-05 14:37:29,0.0055671537926235215,4.018990062598154e-05,0.23255813953488372,0.268,9.07,데이터부족,6.2
서울특별시,중구,도심/관광/명동,경비/보안,3,2303231000.0,767743666.6666666,2024-12-20 16:46:10,0.0013917884481558804,0.00019033009917733787,0.055452865064695,0.409,9.07,데이터부족,7.7
울산광역시,울주군,전국 주요 지역,조경/녹지관리,31,13654158000.0,440456709.67741936,2026-04-02 17:32:16,0.020876826722338204,0.0011283267923725589,0.410958904109589,0.101,9.05,추천,7.0
경기도,평택시,미군기지/항만/산업,조경/녹지관리,27,2524892480.0,93514536.2962963,2026-03-31 13:51:52,0.018093249826026444,0.00020864734632805592,0.4,0.115,9.03,추천,4.5
서울특별시,성동구,성수/브랜드/라이프스타일,경비/보안,3,587525340.0,195841780.0,2024-11-14 16:55:07,0.0013917884481558804,4.85508210993162e-05,0.05199306759098787,0.409,9.02,데이터부족,10.3
서울특별시,용산구,외국인/관광/개발,의료/복지용품,4,1633133140.0,408283285.0,2024-09-03 21:16:49,0.0020876826722338203,0.0001349558044790111,0.046224961479198766,0.411,9.0,데이터부족,17.8
충청남도,예산군,전국 주요 지역,건설/공사,42,562324000.0,13388666.666666666,2026-01-06 12:47:53,0.028531663187195546,4.646827985981316e-05,0.18867924528301888,0.251,8.99,제외,0.0
광주광역시,광산구,전국 주요 지역,IT장비/전산,20,2234588600.0,111729430.0,2025-12-10 16:50:43,0.013221990257480862,0.00018465775680274733,0.16129032258064516,0.302,8.99,추천,5.5
서울특별시,종로구,공공기관/전통상권/관광,전문용역/컨설팅,10,454680000.0,45468000.0,2024-05-30 13:59:22,0.006263048016701462,3.757299614930156e-05,0.04026845637583893,0.406,8.98,추천,14.5
경기도,안성시,전국 주요 지역,전문용역/컨설팅,11,2785100000.0,253190909.0909091,2025-09-24 16:37:50,0.006958942240779402,0.00023014988909875027,0.1140684410646388,0.348,8.96,추천,13.4
경기도,수원시,행정/산업/대학,인쇄/홍보물,18,11173652000.0,620758444.4444444,2026-04-07 15:04:17,0.011830201809324982,0.0009233473730307813,0.4411764705882353,0.092,8.95,추천,10.6
경상북도,문경시,전국 주요 지역,조경/녹지관리,16,403011000.0,25188187.5,2026-02-20 16:56:35,0.010438413361169102,3.3303269884591735e-05,0.2631578947368421,0.228,8.93,추천,6.8
전라북도,전주시,전국 주요 지역,급수/전기/설비,27,3302957534.0,122331760.51851852,2026-03-31 16:39:30,0.018093249826026444,0.0002729436322386922,0.4,0.11,8.93,추천,7.4
전라북도,익산시,전국 주요 지역,급수/전기/설비,11,294640001.0,26785454.636363637,2025-11-13 09:08:27,0.006958942240779402,2.434790978930942e-05,0.14084507042253522,0.327,8.93,추천,4.9
부산광역시,부산광역시,전국 주요 지역,보험/금융,43,3088591171.0,71827701.65116279,2026-04-16 19:11:19,0.029227557411273485,0.00025522922533375073,0.5084745762711864,0.006,8.92,추천,5.6
경기도,고양시,신도시/주거/교통,경비/보안,5,664780960.0,132956192.0,2026-01-26 10:56:54,0.0027835768963117608,5.493492665217074e-05,0.21582733812949642,0.278,8.91,데이터부족,10.8
전라북도,부안군,전국 주요 지역,조경/녹지관리,10,1143886000.0,114388600.0,2025-10-22 16:34:43,0.006263048016701462,9.452631361229868e-05,0.12765957446808512,0.337,8.91,추천,8.2
경기도,안산시,외국인/공단/주거,인쇄/홍보물,9,5515733000.0,612859222.2222222,2026-01-29 13:47:27,0.0055671537926235215,0.00045579883603759906,0.22058823529411764,0.268,8.9,데이터부족,11.2
울산광역시,울주군,전국 주요 지역,급수/전기/설비,29,11770493537.0,405879087.48275864,2026-04-02 16:36:24,0.019485038274182326,0.0009726680486079877,0.410958904109589,0.096,8.89,추천,10.5
전라북도,진안군,전국 주요 지역,보험/금융,8,900360530.0,112545066.25,2026-02-13 11:03:37,0.0048712595685455815,7.44023109146501e-05,0.24793388429752067,0.248,8.88,데이터부족,7.8
경기도,남양주시,주거/자연/신도시,기타/미분류,13,1156006000.0,88923538.46153846,2026-01-07 15:39:32,0.008350730688935281,9.552786352285013e-05,0.189873417721519,0.285,8.88,제외,6.4
전라북도,순창군,전국 주요 지역,보험/금융,8,1311200000.0,163900000.0,2026-02-13 16:34:28,0.0048712595685455815,0.00010835249527352028,0.24793388429752067,0.248,8.88,데이터부족,6.0
부산광역시,연제구,행정/주거/교육,보험/금융,6,706000000.0,117666666.66666667,2025-07-07 11:15:36,0.003479471120389701,5.8341108650934505e-05,0.08771929824561403,0.37,8.86,데이터부족,3.5
전라남도,나주시,전국 주요 지역,보험/금융,6,737423318.0,122903886.33333333,2025-07-09 16:52:12,0.003479471120389701,6.0937810080978225e-05,0.08823529411764705,0.37,8.86,데이터부족,2.8
강원특별자치도,동해시,전국 주요 지역,급수/전기/설비,13,7831021700.0,602386284.6153846,2026-01-15 13:39:28,0.008350730688935281,0.0006471253368945125,0.2,0.275,8.85,추천,6.2
경기도,용인시,주거/산업/반도체,의료/복지용품,6,766755000.0,127792500.0,2026-01-07 17:14:28,0.003479471120389701,6.336166680403299e-05,0.189873417721519,0.293,8.85,데이터부족,10.8
경상남도,경상남도,전국 주요 지역,청소/환경미화,16,761364220.0,47585263.75,2026-01-29 14:07:54,0.010438413361169102,6.291619360050141e-05,0.22058823529411764,0.256,8.85,추천,8.2
경기도,양주시,전국 주요 지역,조경/녹지관리,10,1006951800.0,100695180.0,2025-10-10 16:11:01,0.006263048016701462,8.321060109072815e-05,0.12145748987854249,0.337,8.81,추천,5.9
경기도,평택시,미군기지/항만/산업,기타/미분류,31,4965059980.0,160163225.16129032,2026-03-31 11:09:41,0.020876826722338204,0.00041029334809006615,0.4,0.098,8.81,제외,4.7
대전광역시,서구,신도시/항만/산업,건설/공사,61,38345663639.0,628617436.704918,2026-02-12 14:06:38,0.04175365344467641,0.0031687372927125886,0.24590163934426232,0.166,8.76,제외,10.9
강원특별자치도,원주시,전국 주요 지역,급식/식자재,7,532955598.0,76136514.0,2025-11-04 14:36:28,0.0041753653444676405,4.4041388738019504e-05,0.13513513513513511,0.327,8.74,데이터부족,5.4
대구광역시,동구,전국 주요 지역,IT장비/전산,23,3417781022.0,148599174.86956522,2026-01-22 09:28:46,0.015309672929714684,0.000282432201061762,0.2097902097902098,0.248,8.73,추천,7.4
충청북도,옥천군,전국 주요 지역,조경/녹지관리,9,577253000.0,64139222.222222224,2025-03-26 10:15:58,0.0055671537926235215,4.770195466299985e-05,0.06741573033707865,0.374,8.72,데이터부족,2.0
강원특별자치도,춘천시,전국 주요 지역,급수/전기/설비,32,1928446000.0,60263937.5,2026-04-02 19:07:59,0.021572720946416143,0.00015935931673294624,0.410958904109589,0.082,8.67,추천,6.7
경기도,화성시,산업단지/신도시,청소/환경미화,117,924417649390.0,7901005550.341881,2026-01-28 09:56:49,0.08072372999304106,0.07639029818966497,0.21897810218978103,0.012,8.66,추천,18.6
강원특별자치도,평창군,전국 주요 지역,교육물품/교구,11,6199104200.0,563554927.2727273,2025-08-28 16:54:39,0.006958942240779402,0.0005122699882020743,0.10344827586206898,0.341,8.66,추천,14.2
경기도,안성시,전국 주요 지역,차량/운송,39,5188116320.0,133028623.58974358,2026-01-30 12:50:02,0.026443980514961725,0.0004287258610747967,0.2222222222222222,0.212,8.64,추천,7.2
대구광역시,달성군,농촌/산업단지,차량/운송,41,9394612902.0,229136900.0487805,2026-02-04 15:17:51,0.027835768963117607,0.0007763344646587154,0.23076923076923073,0.202,8.63,추천,7.8
전라북도,임실군,전국 주요 지역,기타/미분류,11,3278470000.0,298042727.27272725,2025-09-08 14:51:20,0.006958942240779402,0.0002709200771654805,0.1075268817204301,0.335,8.6,제외,10.7
부산광역시,수영구,해변/문화/청년,급수/전기/설비,10,7078503986.0,707850398.6,2025-05-28 20:47:09,0.006263048016701462,0.0005849401843247861,0.07853403141361257,0.357,8.58,추천,7.8
경기도,과천시,전국 주요 지역,기타/미분류,12,1149692330.0,95807694.16666667,2025-11-26 17:30:15,0.007654836464857342,9.500612626016437e-05,0.15,0.301,8.58,제외,6.9
대구광역시,달서구,주거/산업/신시가지,IT장비/전산,24,6300314360.0,262513098.33333334,2026-01-20 11:45:57,0.016005567153792623,0.0005206336042660098,0.2068965517241379,0.241,8.58,추천,9.6
인천광역시,동구,전국 주요 지역,조경/녹지관리,11,2805273640.0,255024876.36363637,2025-11-04 09:06:23,0.006958942240779402,0.00023181696066125004,0.13513513513513511,0.312,8.55,추천,7.2
경상남도,창녕군,전국 주요 지역,전문용역/컨설팅,11,3552023000.0,322911181.8181818,2025-07-01 16:20:37,0.006958942240779402,0.0002935254387728305,0.08620689655172414,0.348,8.54,추천,10.0
강원특별자치도,강원특별자치도,전국 주요 지역,의료/복지용품,20,4038171380.0,201908569.0,2026-04-06 15:42:42,0.013221990257480862,0.0003336988601015214,0.4347826086956522,0.073,8.52,추천,13.5
인천광역시,연수구,신도시/IT/주거,IT장비/전산,28,17069392850.0,609621173.2142857,2026-02-11 20:57:11,0.018789144050104383,0.0014105485876307856,0.24390243902439027,0.203,8.51,추천,9.6
강원특별자치도,영월군,전국 주요 지역,청소/환경미화,16,957502450.0,59843903.125,2026-01-13 16:56:34,0.010438413361169102,7.912429811471103e-05,0.19736842105263158,0.256,8.5,추천,5.7
전라북도,정읍시,전국 주요 지역,급수/전기/설비,12,1178498640.0,98208220.0,2025-11-11 17:38:33,0.007654836464857342,9.738656827368067e-05,0.13953488372093023,0.305,8.5,추천,5.6
전라북도,김제시,전국 주요 지역,교육물품/교구,16,2127789800.0,132986862.5,2026-01-23 09:02:47,0.010438413361169102,0.00017583231715035438,0.2112676056338028,0.245,8.49,추천,12.9
경기도,안산시,외국인/공단/주거,교육물품/교구,13,1348473890.0,103728760.76923077,2025-11-25 11:23:37,0.008350730688935281,0.00011143266533914774,0.14925373134328357,0.295,8.48,추천,6.5
강원특별자치도,홍천군,전국 주요 지역,차량/운송,52,5477131860.0,105329458.84615384,2026-02-09 14:48:38,0.03549060542797495,0.0004526089871667918,0.24000000000000005,0.172,8.47,추천,7.0
인천광역시,남동구,산업단지/주거,청소/환경미화,17,2632547560.0,154855738.82352942,2026-01-27 13:29:35,0.011134307585247043,0.00021754354564690158,0.2173913043478261,0.238,8.47,추천,6.3
경기도,양평군,전국 주요 지역,급식/식자재,8,672840990.0,84105123.75,2025-12-26 15:03:59,0.0048712595685455815,5.5600976348997645e-05,0.1764705882352941,0.281,8.46,데이터부족,18.6
인천광역시,계양구,주거/교통,인쇄/홍보물,7,2625000000.0,375000000.0,2025-05-28 15:04:50,0.0041753653444676405,0.00021691984448824798,0.07853403141361257,0.354,8.43,데이터부족,10.0
전라북도,전라북도,전국 주요 지역,급수/전기/설비,55,16471432070.0,299480583.09090906,2026-03-31 10:37:30,0.037578288100208766,0.0013611354221421488,0.4,0.044,8.42,추천,12.5
전라남도,화순군,전국 주요 지역,의료/복지용품,6,1547330000.0,257888333.33333334,2025-12-09 17:17:13,0.003479471120389701,0.00012786536494171458,0.16042780748663102,0.293,8.41,데이터부족,4.8
전라북도,고창군,전국 주요 지역,의료/복지용품,5,1471829000.0,294365800.0,2025-08-12 17:48:03,0.0027835768963117608,0.00012162625439744516,0.09803921568627452,0.341,8.4,데이터부족,12.2
대전광역시,유성구,전국 주요 지역,교육물품/교구,17,1401536850.0,82443344.11764705,2026-01-26 10:05:10,0.011134307585247043,0.00011581758306535197,0.21582733812949642,0.235,8.39,추천,6.9
경기도,남양주시,주거/자연/신도시,보험/금융,19,8742804350.0,460147597.3684211,2026-04-07 14:39:41,0.012526096033402923,0.0007224715276164487,0.4411764705882353,0.062,8.38,추천,2.9
전라북도,순창군,전국 주요 지역,조경/녹지관리,17,1193518800.0,70206988.23529412,2026-02-11 14:37:28,0.011134307585247043,9.86277761865906e-05,0.24390243902439027,0.213,8.37,추천,5.8
광주광역시,북구,대학/주거/상업,급수/전기/설비,16,43843524467.0,2740220279.1875,2026-02-20 18:44:28,0.010438413361169102,0.003623059241599366,0.2631578947368421,0.195,8.36,추천,11.6
광주광역시,남구,대학/항만/주거,IT장비/전산,22,1966424760.0,89382943.63636364,2025-12-22 11:21:48,0.014613778705636743,0.00016249773452839633,0.1724137931034483,0.259,8.35,추천,5.0
경상남도,남해군,전국 주요 지역,급수/전기/설비,15,214950200.0,14330013.333333334,2026-02-11 13:18:43,0.009742519137091163,1.7762652935892494e-05,0.24390243902439027,0.214,8.33,추천,0.8
경기도,광명시,전국 주요 지역,인쇄/홍보물,8,813027000.0,101628375.0,2025-10-15 08:30:12,0.0048712595685455815,6.718540586847497e-05,0.12396694214876033,0.312,8.3,데이터부족,8.9
인천광역시,연수구,신도시/IT/주거,인쇄/홍보물,9,1885432000.0,209492444.44444445,2025-12-30 21:22:03,0.0055671537926235215,0.00015580480618406338,0.18072289156626506,0.268,8.3,데이터부족,9.1
경기도,이천시,전국 주요 지역,기타/미분류,13,2139905200.0,164608092.30769232,2025-11-27 15:44:58,0.008350730688935281,0.00017683348693470216,0.1507537688442211,0.285,8.3,제외,6.1
강원특별자치도,홍천군,전국 주요 지역,전문용역/컨설팅,16,934466980.0,58404186.25,2026-01-26 17:36:36,0.010438413361169102,7.722073599276295e-05,0.21582733812949642,0.232,8.3,추천,10.3
경상북도,상주시,전국 주요 지역,전문용역/컨설팅,11,3995799400.0,363254490.90909094,2025-04-02 14:33:44,0.006958942240779402,0.0003301974036016132,0.0684931506849315,0.348,8.27,추천,10.5
경기도,김포시,신도시/공항/주거,청소/환경미화,18,10821436130.0,601190896.1111112,2026-01-30 09:12:59,0.011830201809324982,0.0008942416161748983,0.2222222222222222,0.222,8.27,추천,6.6
인천광역시,중구,도심/관광/명동,청소/환경미화,15,7182756200.0,478850413.3333333,2025-12-04 18:15:31,0.009742519137091163,0.0005935551839622854,0.15625,0.275,8.25,추천,6.1
강원특별자치도,철원군,전국 주요 지역,방역/소독,11,225618680.0,20510789.09090909,2026-01-28 15:55:26,0.006958942240779402,1.864425484923573e-05,0.21897810218978103,0.234,8.24,추천,5.5
전라북도,남원시,전국 주요 지역,급수/전기/설비,14,6912837000.0,493774071.4285714,2026-01-15 20:53:53,0.009046624913013222,0.000571250105528612,0.2,0.242,8.22,추천,13.8
경기도,이천시,전국 주요 지역,교육물품/교구,13,2205710796.0,169670061.23076922,2025-10-30 09:39:15,0.008350730688935281,0.00018227140680166464,0.13215859030837004,0.295,8.22,추천,7.9
강원특별자치도,강릉시,전국 주요 지역,교육물품/교구,14,979321530.0,69951537.85714285,2025-12-04 15:53:58,0.009046624913013222,8.092734247298784e-05,0.15625,0.275,8.21,추천,10.7
경기도,하남시,전국 주요 지역,IT장비/전산,24,5881121160.0,245046715.0,2025-12-30 16:20:41,0.016005567153792623,0.00048599309997856936,0.18072289156626506,0.241,8.18,추천,10.5
울산광역시,남구,대학/항만/주거,의료/복지용품,8,317176000.0,39647000.0,2026-02-19 13:29:07,0.0048712595685455815,2.621019756015411e-05,0.2608695652173913,0.203,8.17,데이터부족,2.9
경상북도,상주시,전국 주요 지역,건설/공사,44,5992184000.0,136186000.0,2025-11-18 09:56:19,0.029923451635351428,0.0004951709033999877,0.14423076923076922,0.24,8.17,제외,1.9
서울특별시,동작구,대학/주거/공원,급수/전기/설비,10,9232657352.0,923265735.2,2024-11-01 17:25:07,0.006263048016701462,0.0007629510845749026,0.05084745762711864,0.357,8.17,추천,11.3
대전광역시,대전광역시,전국 주요 지역,방역/소독,12,519339080.0,43278256.666666664,2026-02-20 08:31:01,0.007654836464857342,4.291617236962658e-05,0.2631578947368421,0.196,8.17,추천,4.8
경상북도,경상북도,전국 주요 지역,경비/보안,5,7701243170.0,1540248634.0,2025-12-11 13:54:39,0.0027835768963117608,0.0006364009412581264,0.16216216216216214,0.278,8.12,데이터부족,5.0
울산광역시,울주군,전국 주요 지역,IT장비/전산,44,7556382560.0,171735967.27272728,2026-02-24 17:50:50,0.029923451635351428,0.0006244302208795844,0.27272727272727276,0.14,8.1,추천,8.5
서울특별시,동작구,대학/주거/공원,의료/복지용품,5,402908000.0,80581600.0,2025-05-21 12:57:37,0.0027835768963117608,3.329475836307467e-05,0.07712082262210797,0.341,8.09,데이터부족,7.0
강원특별자치도,강원특별자치도,전국 주요 지역,조경/녹지관리,14,16234821142.0,1159630081.5714285,2025-11-28 17:10:19,0.009046624913013222,0.0013415828104446326,0.15151515151515152,0.27,8.07,추천,7.1
세종특별자치시,세종시,전국 주요 지역,의료/복지용품,7,437880000.0,62554285.71428572,2026-01-16 16:10:44,0.0041753653444676405,3.618470914457677e-05,0.20134228187919462,0.244,8.07,데이터부족,6.0
경상북도,포항시,전국 주요 지역,급수/전기/설비,12,167720740.0,13976728.333333334,2025-09-16 12:47:54,0.007654836464857342,1.385979308123957e-05,0.11070110701107011,0.305,8.07,추천,0.2
경기도,안양시,전국 주요 지역,전문용역/컨설팅,11,5038000000.0,458000000.0,2024-11-22 16:24:36,0.006958942240779402,0.0004163208291549689,0.05272407732864675,0.348,8.04,추천,17.4
인천광역시,남동구,산업단지/주거,경비/보안,5,1756582300.0,351316460.0,2025-12-06 17:19:43,0.0027835768963117608,0.00014515716546545103,0.15789473684210528,0.278,8.04,데이터부족,5.0
전라북도,부안군,전국 주요 지역,인쇄/홍보물,10,13746758000.0,1374675800.0,2026-01-19 14:03:41,0.006263048016701462,0.001135978898124792,0.2054794520547945,0.232,8.0,추천,22.6
전라북도,정읍시,전국 주요 지역,시설유지보수,95,16346050631.0,172063690.85263157,2026-02-05 14:53:37,0.06541405706332637,0.0013507743850946848,0.23255813953488372,0.093,8.0,추천,6.9
경기도,용인시,주거/산업/반도체,방역/소독,26,1139700300.0,43834626.92307692,2026-04-02 15:50:20,0.017397355601948505,9.418042355779413e-05,0.410958904109589,0.057,8.0,추천,4.3
전라북도,정읍시,전국 주요 지역,보험/금융,10,1340454160.0,134045416.0,2026-02-24 08:52:17,0.006263048016701462,0.00011076994587840956,0.27272727272727276,0.183,8.0,추천,6.8
강원특별자치도,홍천군,전국 주요 지역,방역/소독,11,280687140.0,25517012.727272727,2026-01-14 17:25:47,0.006958942240779402,2.3194899336628987e-05,0.19867549668874174,0.234,7.94,추천,3.9
강원특별자치도,춘천시,전국 주요 지역,방역/소독,30,1328657690.0,44288589.666666664,2026-04-07 22:20:17,0.020180932498260265,0.00010979513123539611,0.4411764705882353,0.025,7.93,추천,5.6
부산광역시,해운대구,관광/해변/고소득,IT장비/전산,26,9562683008.0,367795500.3076923,2026-01-09 10:01:02,0.017397355601948505,0.0007902231279945796,0.1923076923076923,0.216,7.92,추천,20.7
대구광역시,북구,대학/주거/상업,급수/전기/설비,12,8434785098.0,702898758.1666666,2025-08-18 17:35:31,0.007654836464857342,0.0006970180082856958,0.1,0.305,7.92,추천,8.7
경기도,성남시,IT/판교/주거,청소/환경미화,15,8132567000.0,542171133.3333334,2025-10-27 10:12:58,0.009742519137091163,0.0006720438738781933,0.13043478260869565,0.275,7.86,추천,2.5
제주특별자치도,서귀포시,전국 주요 지역,조경/녹지관리,18,1060524000.0,58918000.0,2026-02-09 15:02:47,0.011830201809324982,8.763760044040179e-05,0.24000000000000005,0.188,7.84,추천,4.8
경상남도,경상남도,전국 주요 지역,경비/보안,5,4735592000.0,947118400.0,2025-11-18 17:01:13,0.0027835768963117608,0.00039133100198087285,0.14423076923076922,0.278,7.84,데이터부족,12.6
전라북도,전라북도,전국 주요 지역,방역/소독,12,53798275480.0,4483189623.333333,2026-02-05 10:57:40,0.007654836464857342,0.004445681352707629,0.23255813953488372,0.196,7.83,추천,7.3
광주광역시,동구,전국 주요 지역,보험/금융,10,549318270.0,54931827.0,2026-02-19 11:32:00,0.006263048016701462,4.539353664874416e-05,0.2608695652173913,0.183,7.82,추천,4.5
경기도,가평군,전국 주요 지역,인쇄/홍보물,9,1999480000.0,222164444.44444445,2025-11-24 16:58:11,0.0055671537926235215,0.00016522929167899508,0.1485148514851485,0.268,7.81,데이터부족,12.2
경기도,시흥시,전국 주요 지역,교육물품/교구,15,1464324464.0,97621630.93333334,2025-11-27 10:15:15,0.009742519137091163,0.00012100610857570175,0.1507537688442211,0.258,7.81,추천,28.1
경기도,하남시,전국 주요 지역,조경/녹지관리,14,1331625000.0,95116071.42857143,2025-11-03 16:00:53,0.009046624913013222,0.00011004033825396693,0.13452914798206278,0.27,7.78,추천,5.5
서울특별시,영등포구,오피스/금융/교통,의료/복지용품,5,142560000.0,28512000.0,2024-12-04 15:50:16,0.0027835768963117608,1.1780606868664622e-05,0.05385996409335727,0.341,7.74,데이터부족,2.0
경기도,평택시,미군기지/항만/산업,인쇄/홍보물,10,1239907000.0,123990700.0,2026-01-07 09:10:06,0.006263048016701462,0.00010246111756948193,0.189873417721519,0.232,7.74,추천,8.1
강원특별자치도,삼척시,전국 주요 지역,보험/금융,20,4669284100.0,233464205.0,2026-04-01 15:38:51,0.013221990257480862,0.0003858515736546472,0.4054054054054054,0.056,7.74,추천,2.6
경기도,수원시,행정/산업/대학,급식/식자재,9,1432406720.0,159156302.2222222,2026-01-05 15:29:09,0.0055671537926235215,0.00011836854969383672,0.1875,0.235,7.74,데이터부족,13.7
충청북도,충청북도,전국 주요 지역,경비/보안,7,922285900.0,131755128.57142857,2026-02-04 13:49:05,0.0041753653444676405,7.621413866731575e-05,0.23076923076923073,0.205,7.73,데이터부족,8.6
울산광역시,울산광역시,전국 주요 지역,사무용품/소모품,2,400000000.0,200000000.0,2025-12-12 11:36:47,0.0006958942240779402,3.305445249344731e-05,0.16304347826086957,0.263,7.73,데이터부족,10.0
울산광역시,중구,도심/관광/명동,청소/환경미화,17,1783019260.0,104883485.88235295,2025-12-16 15:51:00,0.011134307585247043,0.00014734181356142894,0.16666666666666666,0.238,7.71,추천,5.9
경기도,용인시,주거/산업/반도체,차량/운송,60,5733738899.0,95562314.98333333,2026-01-30 13:11:07,0.04105775922059847,0.000473814000117066,0.2222222222222222,0.135,7.69,추천,5.8
광주광역시,서구,신도시/항만/산업,IT장비/전산,25,4335681960.0,173427278.4,2025-12-09 10:46:51,0.016701461377870562,0.0003582839834337913,0.16042780748663102,0.23,7.68,추천,6.8
강원특별자치도,철원군,전국 주요 지역,청소/환경미화,21,982530999.0,46787190.428571425,2026-01-27 14:59:47,0.013917884481558803,8.119256057446207e-05,0.2173913043478261,0.191,7.64,추천,5.4
충청북도,충청북도,전국 주요 지역,급식/식자재,8,660000000.0,82500000.0,2025-10-10 18:09:07,0.0048712595685455815,5.4539846614188064e-05,0.12145748987854249,0.281,7.64,데이터부족,5.4
서울특별시,동대문구,전통시장/패션/대학,전문용역/컨설팅,13,3286480000.0,252806153.84615386,2025-09-12 16:26:16,0.008350730688935281,0.0002715819925766618,0.1090909090909091,0.283,7.64,추천,14.2
경기도,안산시,외국인/공단/주거,전문용역/컨설팅,13,1931782010.0,148598616.15384614,2025-09-11 17:16:25,0.008350730688935281,0.0001596349916931029,0.10869565217391305,0.283,7.63,추천,8.0
경상북도,경산시,전국 주요 지역,의료/복지용품,5,30000.0,6000.0,2024-09-09 14:11:35,0.0027835768963117608,2.4790839370085483e-09,0.04665629860031104,0.341,7.63,데이터부족,41.8
전라북도,정읍시,전국 주요 지역,기타/미분류,24,1873192600.0,78049691.66666667,2026-02-24 09:00:13,0.016005567153792623,0.00015479338951944263,0.27272727272727276,0.144,7.62,제외,7.5
전라남도,전라남도,전국 주요 지역,교육물품/교구,25,10731233539.0,429249341.56,2026-02-05 14:58:29,0.016701461377870562,0.0008867876230274099,0.23255813953488372,0.172,7.62,추천,10.4
전라북도,전라북도,전국 주요 지역,급식/식자재,13,1271654260.0,97819558.46153846,2026-02-19 20:13:43,0.008350730688935281,0.00010508458831314974,0.2608695652173913,0.168,7.61,추천,13.1
강원특별자치도,고성군,전국 주요 지역,조경/녹지관리,14,3102667000.0,221619071.42857143,2025-10-10 16:04:12,0.009046624913013222,0.00025639239738621674,0.12145748987854249,0.27,7.59,추천,10.3
서울특별시,용산구,외국인/관광/개발,보험/금융,7,1721185090.0,245883584.2857143,2025-06-26 16:05:25,0.0041753653444676405,0.00014223207697458708,0.08498583569405098,0.307,7.59,데이터부족,7.4
강원특별자치도,춘천시,전국 주요 지역,차량/운송,73,9292337669.0,127292296.83561644,2026-02-09 17:56:45,0.05010438413361169,0.0007678828350825786,0.24000000000000005,0.098,7.58,추천,6.2
경기도,부천시,제조/주거/교통,의료/복지용품,8,3552647000.0,444080875.0,2026-01-29 09:27:04,0.0048712595685455815,0.00029357700371872026,0.22058823529411764,0.203,7.57,데이터부족,17.5
경기도,안산시,외국인/공단/주거,급식/식자재,9,1630579300.0,181175477.7777778,2025-12-26 15:32:49,0.0055671537926235215,0.00013474476502162142,0.1764705882352941,0.235,7.57,데이터부족,20.2
인천광역시,연수구,신도시/IT/주거,조경/녹지관리,24,2102256870.0,87594036.25,2026-02-23 16:49:07,0.016005567153792623,0.0001737223745960956,0.27027027027027023,0.143,7.56,추천,4.5
대구광역시,대구광역시,전국 주요 지역,경비/보안,109,87342853872.0,801310585.9816514,2026-02-19 15:41:54,0.07515657620041753,0.007217675534885336,0.2608695652173913,0.023,7.56,추천,8.3
대전광역시,서구,신도시/항만/산업,인쇄/홍보물,10,749854000.0,74985400.0,2025-12-26 14:53:54,0.006263048016701462,6.19650335500536e-05,0.1764705882352941,0.232,7.54,추천,10.6
경기도,평택시,미군기지/항만/산업,교육물품/교구,23,2585218720.0,112400813.91304348,2026-01-08 09:21:02,0.015309672929714684,0.00021363247341352667,0.19108280254777069,0.202,7.52,추천,12.4
경기도,의정부시,교통/주거/군부대,경비/보안,6,1431720000.0,238620000.0,2025-12-30 17:38:14,0.003479471120389701,0.00011831180180979597,0.18072289156626506,0.233,7.51,데이터부족,7.8
부산광역시,기장군,농어촌/관광/신도시,보험/금융,8,1181690000.0,147711250.0,2025-12-03 16:48:40,0.0048712595685455815,9.765028991745438e-05,0.15544041450777202,0.248,7.49,데이터부족,4.6
광주광역시,북구,대학/주거/상업,IT장비/전산,30,4994420558.0,166480685.26666668,2026-01-06 17:55:09,0.020180932498260265,0.00041271959266676905,0.18867924528301888,0.191,7.47,추천,6.7
경기도,연천군,전국 주요 지역,인쇄/홍보물,9,2223600000.0,247066666.66666666,2025-10-17 17:22:17,0.0055671537926235215,0.0001837497014110736,0.125,0.268,7.46,데이터부족,10.6
충청남도,충청남도,전국 주요 지역,경비/보안,9,697727400.0,77525266.66666667,2026-02-23 14:54:33,0.0055671537926235215,5.765749299169127e-05,0.27027027027027023,0.159,7.46,데이터부족,6.2
강원특별자치도,인제군,전국 주요 지역,전문용역/컨설팅,13,3407200000.0,262092307.69230768,2025-08-08 16:56:28,0.008350730688935281,0.0002815578263391842,0.0967741935483871,0.283,7.45,추천,9.6
경기도,구리시,전국 주요 지역,교육물품/교구,25,2928498141.0,117139925.64,2026-01-28 15:00:26,0.016701461377870562,0.00024199975669708315,0.21897810218978103,0.172,7.4,추천,13.6
울산광역시,남구,대학/항만/주거,인쇄/홍보물,11,2900695000.0,263699545.45454547,2026-01-16 16:00:55,0.006958942240779402,0.00023970221268870037,0.20134228187919462,0.205,7.4,추천,10.4
강원특별자치도,양양군,전국 주요 지역,보험/금융,10,1675334740.0,167533474.0,2026-02-05 09:44:53,0.006263048016701462,0.00013844318143487976,0.23255813953488372,0.183,7.4,추천,2.9
인천광역시,부평구,주거/상업/교통,기타/미분류,23,9684061100.0,421046134.7826087,2026-02-13 15:28:37,0.015309672929714684,0.0008002533439339778,0.24793388429752067,0.151,7.37,제외,8.2
경상남도,통영시,전국 주요 지역,보험/금융,7,53449000.0,7635571.428571428,2025-04-10 10:49:50,0.0041753653444676405,4.416818578305664e-06,0.06976744186046512,0.307,7.35,데이터부족,0.0
경상남도,경상남도,전국 주요 지역,급수/전기/설비,21,6388259000.0,304202809.52380955,2026-02-20 08:40:43,0.013917884481558803,0.0005279010090783431,0.2631578947368421,0.14,7.32,추천,-12.6
강원특별자치도,평창군,전국 주요 지역,보험/금융,10,1601813680.0,160181368.0,2026-02-02 17:34:18,0.006263048016701462,0.00013236768547228504,0.22727272727272727,0.183,7.32,추천,4.7
경상북도,안동시,전국 주요 지역,조경/녹지관리,14,226010010.0,16143572.142857144,2025-08-29 09:34:21,0.009046624913013222,1.867659284647138e-05,0.10380622837370243,0.27,7.32,추천,1.4
경기도,고양시,신도시/주거/교통,의료/복지용품,6,546454180.0,91075696.66666667,2025-06-24 13:32:34,0.003479471120389701,4.5156859331639266e-05,0.08450704225352113,0.293,7.27,데이터부족,9.2
전라북도,남원시,전국 주요 지역,인쇄/홍보물,14,14287390130.0,1020527866.4285715,2026-02-20 15:47:42,0.009046624913013222,0.0011806546457685824,0.2631578947368421,0.146,7.26,추천,20.9
울산광역시,울주군,전국 주요 지역,의료/복지용품,7,4282639000.0,611805571.4285715,2025-11-21 15:57:13,0.0041753653444676405,0.00035390071843021173,0.14634146341463417,0.244,7.25,데이터부족,12.6
전라북도,전라북도,전국 주요 지역,청소/환경미화,36,5740539307.0,159459425.19444445,2026-02-19 13:41:05,0.024356297842727904,0.0004743759595249961,0.2608695652173913,0.117,7.24,추천,6.4
인천광역시,서구,신도시/항만/산업,조경/녹지관리,15,3581277410.0,238751827.33333334,2025-10-27 10:36:53,0.009742519137091163,0.0002959429100367526,0.13043478260869565,0.244,7.23,추천,8.9
울산광역시,북구,대학/주거/상업,의료/복지용품,9,310995600.0,34555066.666666664,2026-02-03 15:04:53,0.0055671537926235215,2.5699473214677857e-05,0.22900763358778622,0.175,7.16,데이터부족,6.2
경기도,파주시,출판/DMZ/신도시,인쇄/홍보물,10,3399164000.0,339916400.0,2025-11-26 17:38:56,0.006263048016701462,0.00028089376238859084,0.15,0.232,7.15,추천,14.7
경기도,평택시,미군기지/항만/산업,보험/금융,8,2484797780.0,310599722.5,2025-10-30 17:31:23,0.0048712595685455815,0.00020533407543708336,0.13215859030837004,0.248,7.14,데이터부족,3.1
인천광역시,중구,도심/관광/명동,급수/전기/설비,14,7954693084.0,568192363.1428572,2025-10-23 16:24:51,0.009046624913013222,0.0006573450616125797,0.12820512820512822,0.242,7.14,추천,6.9
전라남도,고흥군,전국 주요 지역,보험/금융,7,40788000.0,5826857.142857143,2024-12-16 13:32:10,0.0041753653444676405,3.370562520756822e-06,0.055045871559633024,0.307,7.13,데이터부족,0.1
서울특별시,종로구,공공기관/전통상권/관광,보험/금융,7,3337849400.0,476835628.5714286,2024-12-06 11:04:05,0.0041753653444676405,0.00027582696105645405,0.05405405405405406,0.307,7.12,데이터부족,5.4
부산광역시,금정구,대학/주거/산,사무용품/소모품,2,200000000.0,100000000.0,2025-10-10 16:48:22,0.0006958942240779402,1.6527226246723656e-05,0.12145748987854249,0.263,7.11,데이터부족,11.0
인천광역시,인천광역시,전국 주요 지역,방역/소독,13,4481937136.0,344764395.0769231,2026-01-30 07:56:03,0.008350730688935281,0.00037036994535132327,0.2222222222222222,0.171,7.1,추천,8.5
경기도,고양시,신도시/주거/교통,IT장비/전산,29,12032873310.0,414926665.86206895,2025-11-28 10:46:09,0.019485038274182326,0.0009943500979626627,0.15151515151515152,0.198,7.04,추천,10.4
대전광역시,중구,도심/관광/명동,방역/소독,9,496059260.0,55117695.55555555,2025-03-21 20:16:06,0.0055671537926235215,4.099241810901157e-05,0.06666666666666667,0.291,7.04,데이터부족,4.9
울산광역시,북구,대학/주거/상업,IT장비/전산,31,5921921900.0,191029738.70967743,2025-12-12 17:42:07,0.020876826722338204,0.0004893647152836381,0.16304347826086957,0.185,6.99,추천,10.5
강원특별자치도,태백시,전국 주요 지역,조경/녹지관리,16,1237398300.0,77337393.75,2025-10-27 17:03:44,0.010438413361169102,0.00010225380830705616,0.13043478260869565,0.228,6.94,추천,5.8
충청남도,당진시,전국 주요 지역,보험/금융,10,157374924.0,15737492.4,2026-01-15 16:17:21,0.006263048016701462,1.3004854872544703e-05,0.2,0.183,6.91,추천,2.4
서울특별시,강남구,업무지구/고소득/IT,조경/녹지관리,13,3076704260.0,236669558.46153846,2024-12-17 13:34:22,0.008350730688935281,0.0002542469369963924,0.05514705882352941,0.287,6.91,추천,5.5
경상북도,경상북도,전국 주요 지역,청소/환경미화,49,13731491130.0,280234512.85714287,2026-02-19 14:53:39,0.033402922755741124,0.0011347173030519454,0.2608695652173913,0.08,6.88,추천,6.8
울산광역시,울산광역시,전국 주요 지역,청소/환경미화,61,21282984021.0,348901377.39344263,2026-02-19 16:25:26,0.04175365344467641,0.001758743460602357,0.2608695652173913,0.062,6.87,추천,8.0
인천광역시,남동구,산업단지/주거,급수/전기/설비,20,13774678760.0,688733938.0,2026-01-28 17:49:03,0.013221990257480862,0.0011382861617122942,0.21897810218978103,0.151,6.86,추천,6.0
부산광역시,사하구,공단/항만/주거,의료/복지용품,6,1193642400.0,198940400.0,2024-12-31 14:03:42,0.003479471120389701,9.863799001241108e-05,0.056603773584905655,0.293,6.85,데이터부족,2.3
전라북도,전주시,전국 주요 지역,인쇄/홍보물,12,3758672000.0,313222666.6666667,2026-01-09 14:10:21,0.007654836464857342,0.0003106021126561265,0.1923076923076923,0.182,6.84,추천,9.1
경기도,안성시,전국 주요 지역,IT장비/전산,37,5389231324.0,145654900.64864865,2026-01-02 13:20:17,0.025052192066805846,0.0004453452269383904,0.18404907975460122,0.153,6.83,추천,7.4
경상남도,진주시,전국 주요 지역,조경/녹지관리,18,381846500.0,21213694.444444444,2025-12-22 14:14:22,0.011830201809324982,3.155431748509782e-05,0.1724137931034483,0.188,6.82,추천,0.1
대전광역시,중구,도심/관광/명동,인쇄/홍보물,11,1090009200.0,99091745.45454545,2025-12-11 20:01:55,0.006958942240779402,9.007414329705127e-05,0.16216216216216214,0.205,6.81,추천,6.7
강원특별자치도,속초시,전국 주요 지역,사무용품/소모품,2,110990000.0,55495000.0,2025-08-13 12:54:03,0.0006958942240779402,9.171784205619293e-06,0.09836065573770493,0.263,6.76,데이터부족,2.5
전라북도,정읍시,전국 주요 지역,조경/녹지관리,18,1040144000.0,57785777.777777776,2025-12-17 13:50:08,0.011830201809324982,8.595347608586064e-05,0.16759776536312848,0.188,6.75,추천,4.6
대전광역시,대덕구,전국 주요 지역,전문용역/컨설팅,19,1557582595.0,81978031.31578948,2025-11-28 18:54:45,0.012526096033402923,0.0001287125997276197,0.15151515151515152,0.198,6.74,추천,9.0
전라북도,정읍시,전국 주요 지역,청소/환경미화,28,2932605944.0,104735926.57142857,2026-01-13 14:56:22,0.018789144050104383,0.00024233920964487302,0.19736842105263158,0.151,6.74,추천,7.1
경기도,성남시,IT/판교/주거,조경/녹지관리,17,6703162000.0,394303647.0588235,2025-10-31 17:14:29,0.011134307585247043,0.0005539233747122032,0.13274336283185842,0.213,6.71,추천,6.2
전라북도,군산시,전국 주요 지역,보험/금융,11,3141575030.0,285597730.0,2026-02-09 23:17:15,0.006958942240779402,0.0002596076064593383,0.24193548387096778,0.14,6.71,추천,5.8
인천광역시,동구,전국 주요 지역,의료/복지용품,6,184800000.0,30800000.0,2024-09-09 16:14:04,0.003479471120389701,1.5271157051972657e-05,0.04665629860031104,0.293,6.7,데이터부족,4.5
전라북도,정읍시,전국 주요 지역,교육물품/교구,22,3983379780.0,181062717.27272728,2025-10-15 13:50:36,0.014613778705636743,0.0003291710942534215,0.12396694214876033,0.212,6.69,추천,29.6
울산광역시,북구,대학/주거/상업,급식/식자재,11,2123666000.0,193060545.45454547,2025-12-15 19:58:37,0.006958942240779402,0.0001754915422723732,0.16574585635359115,0.194,6.65,추천,5.8
전라북도,전주시,전국 주요 지역,조경/녹지관리,17,3000725912.0,176513288.94117647,2025-10-24 09:15:39,0.011134307585247043,0.0002479683802601509,0.12875536480686695,0.213,6.64,추천,8.3
서울특별시,강남구,업무지구/고소득/IT,급수/전기/설비,16,3297822250.0,206113890.625,2025-12-02 15:43:56,0.010438413361169102,0.0002725192722361463,0.15463917525773196,0.195,6.64,추천,7.6
전라북도,익산시,전국 주요 지역,조경/녹지관리,19,1316225000.0,69275000.0,2026-01-08 10:27:31,0.012526096033402923,0.00010876774183296922,0.19108280254777069,0.163,6.63,추천,7.3
서울특별시,중구,도심/관광/명동,급식/식자재,8,1227012000.0,153376500.0,2024-12-09 09:12:02,0.0048712595685455815,0.00010139552465722443,0.05434782608695653,0.281,6.63,데이터부족,9.5
강원특별자치도,화천군,전국 주요 지역,조경/녹지관리,22,816419430.0,37109974.09090909,2026-01-15 11:42:01,0.014613778705636743,6.746574315915583e-05,0.2,0.152,6.63,추천,5.0
경기도,수원시,행정/산업/대학,경비/보안,7,2940906000.0,420129428.5714286,2025-11-27 08:05:21,0.0041753653444676405,0.0002430250941617354,0.1507537688442211,0.205,6.53,데이터부족,8.4
충청북도,충청북도,전국 주요 지역,전문용역/컨설팅,36,5142509320.0,142847481.1111111,2026-02-09 14:59:17,0.024356297842727904,0.0004249570750376251,0.24000000000000005,0.097,6.52,추천,11.0
전라북도,고창군,전국 주요 지역,급식/식자재,10,4856470000.0,485647000.0,2025-11-05 16:22:36,0.006263048016701462,0.00040131989225213017,0.13574660633484165,0.209,6.48,추천,4.3
전라북도,완주군,전국 주요 지역,급식/식자재,13,1148174800.0,88321138.46153846,2025-12-31 16:43:09,0.008350730688935281,9.488072345193342e-05,0.18181818181818182,0.168,6.42,추천,11.5
경상남도,경상남도,전국 주요 지역,급식/식자재,17,322180220.0,18951777.647058822,2026-02-09 12:26:54,0.011134307585247043,2.662372694079601e-05,0.24000000000000005,0.117,6.39,추천,17.1
대전광역시,유성구,전국 주요 지역,청소/환경미화,28,6896014790.0,246286242.5,2025-12-22 17:03:14,0.018789144050104383,0.0005698599831754126,0.1724137931034483,0.151,6.37,추천,8.0
서울특별시,서초구,법조/교육/고소득,기타/미분류,14,4126260000.0,294732857.14285713,2024-12-17 17:21:31,0.009046624913013222,0.00034097816286402974,0.05514705882352941,0.256,6.32,제외,9.9
경기도,남양주시,주거/자연/신도시,차량/운송,55,3609280000.0,65623272.72727273,2025-08-13 13:36:25,0.037578288100208766,0.00029825693573887375,0.09836065573770493,0.166,6.31,추천,4.8
서울특별시,도봉구,주거/자연/교육,인쇄/홍보물,11,6484461000.0,589496454.5454545,2025-10-21 16:05:19,0.006958942240779402,0.0005358507701752796,0.1271186440677966,0.205,6.3,추천,24.8
경기도,포천시,전국 주요 지역,인쇄/홍보물,15,7012568000.0,467504533.3333333,2026-01-27 16:28:13,0.009742519137091163,0.0005794914895326721,0.2173913043478261,0.131,6.29,추천,13.3
경기도,남양주시,주거/자연/신도시,인쇄/홍보물,15,1612785260.0,107519017.33333333,2026-01-27 17:03:39,0.009742519137091163,0.0001332743343970052,0.2173913043478261,0.131,6.27,추천,9.7
대구광역시,중구,도심/관광/명동,경비/보안,8,1914105000.0,239263125.0,2025-12-10 09:39:20,0.0048712595685455815,0.0001581742319749249,0.16129032258064516,0.182,6.26,데이터부족,11.9
부산광역시,사하구,공단/항만/주거,기타/미분류,19,17719731780.0,932617462.1052631,2025-12-02 22:20:10,0.012526096033402923,0.0014642900807965964,0.15463917525773196,0.17,6.26,제외,12.9
인천광역시,서구,신도시/항만/산업,인쇄/홍보물,12,46625199205.0,3885433267.0833335,2025-11-21 11:19:04,0.007654836464857342,0.0038529260802979744,0.14634146341463417,0.182,6.24,추천,15.8
경기도,수원시,행정/산업/대학,청소/환경미화,85,27725301080.0,326180012.7058824,2026-01-30 10:55:00,0.05845511482254697,0.0022911116185384585,0.2222222222222222,0.025,6.23,추천,1.6
경기도,경기도,전국 주요 지역,경비/보안,14,5280524648.0,377180332.0,2026-01-30 08:36:45,0.009046624913013222,0.00043636212779448396,0.2222222222222222,0.125,6.21,추천,9.6
강원특별자치도,강릉시,전국 주요 지역,조경/녹지관리,66,6703373600.0,101566266.66666667,2026-02-09 11:31:36,0.04523312456506611,0.0005539408605175722,0.24000000000000005,0.039,6.2,추천,4.6
울산광역시,북구,대학/주거/상업,급수/전기/설비,78,1104365000.0,14158525.641025642,2026-02-05 17:23:42,0.05358385525400139,9.126045106981484e-05,0.23255813953488372,0.027,6.17,추천,4.6
강원특별자치도,강원특별자치도,전국 주요 지역,급식/식자재,13,1245774960.0,95828843.07692307,2025-12-11 15:00:01,0.008350730688935281,0.00010294602308211556,0.16216216216216214,0.168,6.13,추천,5.8
인천광역시,서구,신도시/항만/산업,보험/금융,13,2098300390.0,161407722.30769232,2026-02-13 16:13:06,0.008350730688935281,0.0001733954263955924,0.24793388429752067,0.102,6.1,추천,7.0
전라북도,전라북도,전국 주요 지역,경비/보안,28,3294940281.0,117676438.60714285,2026-02-20 14:44:03,0.018789144050104383,0.0002722811174676511,0.2631578947368421,0.068,6.07,추천,7.6
전라북도,완주군,전국 주요 지역,급수/전기/설비,17,12523205153.0,736659126.6470588,2025-10-28 18:11:24,0.011134307585247043,0.0010348692244888326,0.13100436681222707,0.181,6.06,추천,8.2
전라남도,보성군,전국 주요 지역,전문용역/컨설팅,18,2800869000.0,155603833.33333334,2025-07-28 13:58:10,0.011830201809324982,0.0002314529782521732,0.09345794392523366,0.208,6.04,추천,3.1
강원특별자치도,삼척시,전국 주요 지역,전문용역/컨설팅,38,9965123000.0,262240078.9473684,2026-01-30 14:59:17,0.025748086290883786,0.0008234792119871479,0.2222222222222222,0.082,6.02,추천,7.9
세종특별자치시,세종시,전국 주요 지역,방역/소독,15,1937038935.0,129135929.0,2026-01-13 09:20:08,0.009742519137091163,0.0001600694036372882,0.19736842105263158,0.133,6.01,추천,5.2
광주광역시,서구,신도시/항만/산업,보험/금융,18,2170987150.0,120610397.22222222,2026-02-24 15:09:09,0.011830201809324982,0.00017940197903389894,0.27272727272727276,0.071,5.99,추천,4.2
서울특별시,서대문구,대학/의료/주거,사무용품/소모품,9,1060417000.0,117824111.1111111,2026-03-20 14:24:06,0.0055671537926235215,8.762875837435979e-05,0.3488372093023256,0.026,5.98,데이터부족,8.6
경기도,수원시,행정/산업/대학,보험/금융,12,24908343600.0,2075695300.0,2026-01-27 10:07:20,0.007654836464857342,0.0020583291505416558,0.2173913043478261,0.118,5.98,추천,1.9
부산광역시,동래구,교육/주거/전통,교육물품/교구,43,4372341080.0,101682350.69767442,2026-01-19 09:33:05,0.029227557411273485,0.00036131335128502027,0.2054794520547945,0.086,5.98,추천,12.0
세종특별자치시,세종시,전국 주요 지역,급식/식자재,37,5160985165.0,139486085.54054055,2026-01-21 16:43:28,0.025052192066805846,0.0004264838473896971,0.20833333333333334,0.092,5.98,추천,9.5
대구광역시,달성군,농촌/산업단지,인쇄/홍보물,11,6863000000.0,623909090.9090909,2025-09-02 17:32:18,0.006958942240779402,0.0005671317686563222,0.10526315789473684,0.205,5.97,추천,19.0
경기도,화성시,산업단지/신도시,인쇄/홍보물,16,2669642500.0,166852656.25,2026-01-28 13:39:44,0.010438413361169102,0.0002206089279768448,0.21897810218978103,0.113,5.97,추천,7.3
울산광역시,울주군,전국 주요 지역,기타/미분류,18,4801604150.0,266755786.1111111,2025-09-24 14:07:20,0.011830201809324982,0.00039678599067128614,0.1140684410646388,0.189,5.97,제외,9.4
강원특별자치도,강원특별자치도,전국 주요 지역,경비/보안,19,47727537251.0,2511975644.7894735,2026-02-06 12:47:09,0.012526096033402923,0.0039440190317310405,0.234375,0.091,5.94,추천,10.8
울산광역시,남구,대학/항만/주거,청소/환경미화,33,5781884800.0,175208630.3030303,2025-12-19 14:43:47,0.022268615170494086,0.00047779259111046276,0.1694915254237288,0.123,5.91,추천,5.7
강원특별자치도,철원군,전국 주요 지역,조경/녹지관리,27,4778656200.0,176987266.66666666,2026-01-08 15:51:55,0.018093249826026444,0.0003948896608635436,0.19108280254777069,0.115,5.9,추천,5.3
강원특별자치도,정선군,전국 주요 지역,조경/녹지관리,27,1083679070.0,40136261.85185185,2026-01-08 15:51:10,0.018093249826026444,8.95510458436454e-05,0.19108280254777069,0.115,5.89,추천,5.3
부산광역시,동래구,교육/주거/전통,급식/식자재,36,1687738790.0,46881633.05555555,2026-01-08 16:12:46,0.024356297842727904,0.0001394682041385081,0.19108280254777069,0.102,5.88,추천,11.9
대전광역시,동구,전국 주요 지역,방역/소독,14,6036325530.0,431166109.28571427,2025-12-09 13:21:51,0.009046624913013222,0.0004988185886659204,0.16042780748663102,0.152,5.82,추천,4.3
경기도,용인시,주거/산업/반도체,인쇄/홍보물,13,1461170040.0,112397695.38461539,2025-11-26 15:56:46,0.008350730688935281,0.00012074543918007127,0.15,0.161,5.81,추천,6.5
강원특별자치도,강릉시,전국 주요 지역,인쇄/홍보물,12,579617103.0,48301425.25,2025-10-15 13:11:48,0.007654836464857342,4.7897314988757644e-05,0.12396694214876033,0.182,5.81,추천,2.8
강원특별자치도,속초시,전국 주요 지역,보험/금융,12,1723146710.0,143595559.16666666,2026-01-19 20:11:50,0.007654836464857342,0.00014239417766233757,0.2054794520547945,0.118,5.75,추천,4.1
제주특별자치도,서귀포시,전국 주요 지역,의료/복지용품,16,1214330740.0,75895671.25,2026-01-08 16:59:49,0.010438413361169102,0.00010034759439165679,0.19108280254777069,0.122,5.73,추천,5.3
강원특별자치도,강릉시,전국 주요 지역,급수/전기/설비,31,940206100.0,30329229.032258064,2026-01-21 20:00:14,0.020876826722338204,7.769499466624843e-05,0.20833333333333334,0.088,5.72,추천,7.0
경기도,파주시,출판/DMZ/신도시,교육물품/교구,29,11336547492.0,390915430.7586207,2025-10-28 10:39:24,0.019485038274182326,0.0009368084262850582,0.13100436681222707,0.146,5.69,추천,7.2
강원특별자치도,춘천시,전국 주요 지역,보험/금융,15,5166528040.0,344435202.6666667,2026-02-09 15:13:01,0.009742519137091163,0.00042694188913560864,0.24000000000000005,0.084,5.68,추천,4.1
경기도,성남시,IT/판교/주거,경비/보안,9,3298935000.0,366548333.3333333,2025-11-27 09:42:41,0.0055671537926235215,0.0002726112255911765,0.1507537688442211,0.159,5.67,데이터부족,7.4
경기도,용인시,주거/산업/반도체,경비/보안,6,2618644200.0,436440700.0,2024-12-23 17:58:43,0.003479471120389701,0.00021639462576535334,0.055762081784386616,0.233,5.64,데이터부족,6.2
경기도,안산시,외국인/공단/주거,경비/보안,9,658420190.0,73157798.8888889,2025-11-25 15:09:20,0.0055671537926235215,5.440929722770388e-05,0.14925373134328357,0.159,5.64,데이터부족,7.0
인천광역시,연수구,신도시/IT/주거,경비/보안,7,1406890560.0,200984365.7142857,2025-07-10 16:09:18,0.0041753653444676405,0.0001162599929474987,0.08849557522123894,0.205,5.6,데이터부족,25.6
전라북도,정읍시,전국 주요 지역,의료/복지용품,8,2214128910.0,276766113.75,2025-07-10 17:04:05,0.0048712595685455815,0.00018296704717490818,0.08849557522123894,0.203,5.59,데이터부족,9.8
강원특별자치도,홍천군,전국 주요 지역,사무용품/소모품,4,194400000.0,48600000.0,2025-12-02 16:35:04,0.0020876826722338203,1.6064463911815393e-05,0.15463917525773196,0.158,5.56,데이터부족,5.0
울산광역시,울주군,전국 주요 지역,경비/보안,20,2306387866.0,115319393.3,2026-02-02 12:23:20,0.013221990257480862,0.00019059097037040082,0.22727272727272727,0.08,5.54,추천,4.7
강원특별자치도,홍천군,전국 주요 지역,급수/전기/설비,36,4487626800.0,124656300.0,2026-01-30 15:32:11,0.024356297842727904,0.00037084011717230245,0.2222222222222222,0.06,5.52,추천,3.9
울산광역시,남구,대학/항만/주거,방역/소독,22,1822593660.0,82845166.36363636,2026-02-02 18:32:06,0.014613778705636743,0.00015061208887332065,0.22727272727272727,0.076,5.52,추천,4.6
대전광역시,대전광역시,전국 주요 지역,경비/보안,45,22069572100.0,490434935.5555556,2026-01-20 13:54:09,0.030619345859429367,0.0018237440563254005,0.2068965517241379,0.057,5.51,추천,10.5
전라북도,익산시,전국 주요 지역,인쇄/홍보물,16,7668309000.0,479269312.5,2026-01-05 09:43:05,0.010438413361169102,0.0006336793888639361,0.1875,0.113,5.51,추천,9.7
충청남도,충청남도,전국 주요 지역,인쇄/홍보물,24,6514029122.0,271417880.0833333,2026-01-23 14:48:19,0.016005567153792623,0.0005382941653852033,0.2112676056338028,0.083,5.48,추천,9.0
강원특별자치도,양양군,전국 주요 지역,청소/환경미화,56,7048733000.0,125870232.14285715,2025-12-12 13:53:43,0.038274182324286705,0.0005824800252187359,0.16304347826086957,0.074,5.47,추천,6.2
전라북도,남원시,전국 주요 지역,조경/녹지관리,24,2278495300.0,94937304.16666667,2025-10-24 10:59:16,0.016005567153792623,0.00018828603662598246,0.12875536480686695,0.143,5.44,추천,6.8
경기도,안성시,전국 주요 지역,방역/소독,16,3199441160.0,199965072.5,2025-12-29 14:12:42,0.010438413361169102,0.0002643894395719999,0.17964071856287425,0.114,5.4,추천,7.0
인천광역시,강화군,전국 주요 지역,의료/복지용품,9,6314104000.0,701567111.1111112,2025-09-05 16:50:23,0.0055671537926235215,0.0005217731267667141,0.10638297872340426,0.175,5.33,데이터부족,9.8
전라북도,군산시,전국 주요 지역,인쇄/홍보물,15,6134988000.0,408999200.0,2025-11-26 16:01:53,0.009742519137091163,0.0005069716734846734,0.15,0.131,5.27,추천,9.3
전라북도,전라북도,전국 주요 지역,보험/금융,24,15241101690.0,635045903.75,2026-02-09 10:28:22,0.016005567153792623,0.0012594656793997613,0.24000000000000005,0.05,5.27,추천,5.8
전라북도,김제시,전국 주요 지역,급수/전기/설비,18,1010125000.0,56118055.55555555,2025-07-09 10:14:21,0.011830201809324982,8.347282206235866e-05,0.08823529411764705,0.173,5.26,추천,5.7
충청북도,청주시,전국 주요 지역,전문용역/컨설팅,29,2029287000.0,69975413.79310344,2025-10-13 17:54:55,0.019485038274182326,0.00016769242684267554,0.12295081967213116,0.128,5.19,추천,9.1
세종특별자치시,세종시,전국 주요 지역,인쇄/홍보물,40,8978714440.0,224467861.0,2026-01-09 10:42:08,0.027139874739039668,0.0007419662247730235,0.1923076923076923,0.06,5.19,추천,8.7
경상북도,상주시,전국 주요 지역,급수/전기/설비,19,546640999.0,28770578.89473684,2025-07-15 14:31:55,0.012526096033402923,4.51722973310402e-05,0.08982035928143713,0.162,5.09,추천,0.3
부산광역시,강서구,공항/산업단지/주거,급수/전기/설비,23,8071113451.0,350917976.1304348,2025-10-29 11:44:03,0.015309672929714684,0.0006669655903382577,0.13157894736842105,0.124,5.08,추천,7.5
전라북도,전주시,전국 주요 지역,급식/식자재,17,5210483000.0,306499000.0,2025-11-27 16:28:50,0.011134307585247043,0.0004305741569785371,0.1507537688442211,0.117,5.06,추천,12.3
강원특별자치도,철원군,전국 주요 지역,보험/금융,18,2000483670.0,111137981.66666667,2026-01-21 15:34:38,0.011830201809324982,0.0001653122310848303,0.20833333333333334,0.071,5.02,추천,4.4
강원특별자치도,원주시,전국 주요 지역,경비/보안,15,3907994880.0,260532992.0,2025-12-01 11:11:25,0.009742519137091163,0.00032294157776398833,0.15384615384615385,0.114,4.99,추천,5.8
강원특별자치도,원주시,전국 주요 지역,방역/소독,27,2442739090.0,90471818.14814815,2026-02-02 18:14:14,0.018093249826026444,0.00020185850801072929,0.22727272727272727,0.038,4.9,추천,5.9
울산광역시,남구,대학/항만/주거,보험/금융,13,1394825000.0,107294230.76923077,2025-12-16 18:49:36,0.008350730688935281,0.00011526294174793161,0.16666666666666666,0.102,4.88,추천,5.0
세종특별자치시,세종시,전국 주요 지역,보험/금융,12,390945100.0,32578758.333333332,2025-11-18 14:40:26,0.007654836464857342,3.230619058874002e-05,0.14423076923076922,0.118,4.83,추천,5.8
울산광역시,북구,대학/주거/상업,방역/소독,20,1440036290.0,72001814.5,2025-12-16 10:52:04,0.013221990257480862,0.0001189990278416128,0.16666666666666666,0.089,4.81,추천,3.8
강원특별자치도,양구군,전국 주요 지역,조경/녹지관리,33,4439934000.0,134543454.54545453,2025-11-10 17:20:10,0.022268615170494086,0.0003668989686926037,0.1388888888888889,0.09,4.78,추천,4.8
충청북도,충청북도,전국 주요 지역,의료/복지용품,17,14174911490.0,833818322.9411764,2025-11-16 16:58:49,0.011134307585247043,0.0011713598461125635,0.14285714285714285,0.106,4.74,추천,18.8
강원특별자치도,춘천시,전국 주요 지역,인쇄/홍보물,17,2268388000.0,133434588.23529412,2025-11-27 19:34:28,0.011134307585247043,0.0001874508084567649,0.1507537688442211,0.101,4.73,추천,12.1
경상북도,경상북도,전국 주요 지역,의료/복지용품,20,4693809917.0,234690495.85,2025-12-23 15:25:37,0.013221990257480862,0.0003878782922868709,0.17341040462427745,0.073,4.6,추천,6.6
인천광역시,서구,신도시/항만/산업,급수/전기/설비,34,32187227169.0,946683152.0294118,2025-11-20 17:12:28,0.022964509394572025,0.002659827928383768,0.14563106796116507,0.066,4.49,추천,7.8
강원특별자치도,인제군,전국 주요 지역,조경/녹지관리,47,4040662000.0,85971531.91489361,2025-10-23 20:08:44,0.032011134307585246,0.0003339046753026945,0.12820512820512822,0.051,4.23,추천,5.7
경기도,남양주시,주거/자연/신도시,조경/녹지관리,50,3421361000.0,68427220.0,2025-10-27 10:48:34,0.03409881697981907,0.00028272803659358346,0.13043478260869565,0.045,4.23,추천,4.5
전라북도,완주군,전국 주요 지역,의료/복지용품,20,6836352912.0,341817645.6,2025-08-28 10:17:54,0.013221990257480862,0.0005649297563953604,0.10344827586206898,0.073,3.55,추천,16.6
부산광역시,중구,도심/관광/명동,사무용품/소모품,5,357329163.0,71465832.6,2025-06-20 16:32:32,0.0027835768963117608,2.9528299607266977e-05,0.08356545961002786,0.105,3.47,데이터부족,5.8
서울특별시,동대문구,전통시장/패션/대학,사무용품/소모품,9,2412500000.0,268055555.55555555,2024-11-29 17:49:40,0.0055671537926235215,0.0001993596666011041,0.05338078291814946,0.026,1.55,데이터부족,15.7
