city,district,district_profile,item_category,bid_count,amount_sum,amount_mean,latest_posted_date,count_score,amount_score,recency_score,competition_score,opportunity_score,recommendation_flag,avg_lead_time_days
제주특별자치도,제주시,전국 주요 지역,IT장비/전산,679,207290370550.0,305287732.7687776,2026-05-15 17:08:22,1.0,0.017129674264235163,1.0,0.996,75.35,추천,11.2
제주특별자치도,제주시,전국 주요 지역,행사/운영용역,643,156877400161.0,243977294.18506998,2026-05-13 16:44:27,0.9469026548672567,0.012963741427293245,0.9375,1.0,72.26,추천,11.4
제주특별자치도,제주시,전국 주요 지역,폐기물/환경,582,118242243331.0,203165366.54810998,2026-05-15 09:28:39,0.8569321533923304,0.009771081537257942,1.0,0.998,69.48,제외,6.4
제주특별자치도,제주시,전국 주요 지역,시설유지보수,605,84928258337.0,140377286.507438,2026-05-14 10:32:52,0.8908554572271387,0.007018142701378968,0.9677419354838709,0.922,68.77,추천,6.6
전라북도,전라북도,전국 주요 지역,행사/운영용역,493,89965613179.0,182486030.78904665,2026-05-15 19:03:34,0.7256637168141593,0.007434410217172782,1.0,0.998,64.17,추천,12.0
경상북도,경상북도,전국 주요 지역,행사/운영용역,458,92351231555.0,201640243.56986898,2026-05-15 13:42:42,0.6740412979351033,0.007631548490365249,1.0,1.0,62.15,추천,10.9
제주특별자치도,제주시,전국 주요 지역,차량/운송,301,27452028780.0,91202753.42192692,2026-05-15 16:57:39,0.4424778761061947,0.0022685294528931458,1.0,1.0,52.76,추천,6.0
제주특별자치도,제주시,전국 주요 지역,건설/공사,299,236770751130.545,791875421.8412876,2026-05-15 14:32:53,0.43952802359882004,0.019565818862706093,1.0,0.963,52.33,제외,11.1
경상북도,경상북도,전국 주요 지역,IT장비/전산,282,70316236589.0,249348356.69858155,2026-05-15 16:40:45,0.4144542772861357,0.005810661754622756,1.0,1.0,51.72,추천,10.6
제주특별자치도,제주시,전국 주요 지역,기타/미분류,276,47008566374.0,170320892.65942028,2026-05-15 17:34:54,0.4056047197640118,0.0038846060599861195,1.0,1.0,51.32,제외,9.0
전라북도,전라북도,전국 주요 지역,IT장비/전산,278,89028219203.0,320245392.81654674,2026-05-14 09:52:18,0.4085545722713864,0.0073569476055544425,0.9677419354838709,1.0,51.04,추천,10.6
전라북도,전주시,전국 주요 지역,폐기물/환경,244,141151144303.0,578488296.3237705,2026-05-15 13:31:08,0.3584070796460177,0.011664184484398099,1.0,0.996,49.55,제외,5.7
전라북도,군산시,전국 주요 지역,폐기물/환경,261,97513583287.0,373615261.6360153,2026-05-13 15:36:17,0.3834808259587021,0.008058145265564897,0.9375,0.992,49.44,제외,6.0
제주특별자치도,제주시,전국 주요 지역,전문용역/컨설팅,239,33415198194.0,139812544.74476987,2026-05-13 15:28:41,0.35103244837758113,0.0027613027031567483,0.9375,1.0,48.17,추천,12.7
전라남도,전라남도,전국 주요 지역,행사/운영용역,223,47953112736.0,215036379.9820628,2026-05-14 14:49:26,0.3274336283185841,0.003962659717112588,0.9677419354838709,1.0,47.71,추천,13.6
전라북도,전라북도,전국 주요 지역,기타/미분류,212,77583338631.0,365959144.4858491,2026-05-15 14:34:11,0.3112094395280236,0.006411186952653563,1.0,1.0,47.61,제외,14.0
전라남도,해남군,전국 주요 지역,보험/금융,7,12101244154000.0,1728749164857.1428,2025-09-26 09:39:01,0.008849557522123894,1.0,0.1149425287356322,1.0,47.08,데이터부족,0.0
전라북도,전라북도,전국 주요 지역,폐기물/환경,203,29183445840.0,143760816.94581282,2026-05-15 10:25:45,0.29793510324483774,0.0024116070602834315,1.0,0.995,46.88,제외,6.1
전라북도,전주시,전국 주요 지역,행사/운영용역,200,71811056119.0,359055280.595,2026-05-15 17:34:58,0.2935103244837758,0.0059341878574744105,1.0,0.995,46.79,추천,13.9
전라북도,익산시,전국 주요 지역,폐기물/환경,199,181941987970.0,914281346.5829146,2026-05-14 11:25:01,0.2920353982300885,0.015034981994794317,0.9677419354838709,1.0,46.57,제외,6.8
전라북도,전라북도,전국 주요 지역,차량/운송,183,15012498219.0,82035509.39344262,2026-05-15 10:05:02,0.26843657817109146,0.0012405747729697448,1.0,1.0,45.77,추천,6.9
경상남도,경상남도,전국 주요 지역,행사/운영용역,201,34439020231.0,171338409.10945272,2026-05-12 10:48:52,0.2949852507374631,0.002845907395366151,0.9090909090909091,1.0,45.51,추천,15.3
경상북도,경상북도,전국 주요 지역,기타/미분류,168,38171539696.0,227211545.80952382,2026-05-15 14:37:27,0.24631268436578171,0.0031543483637079257,1.0,1.0,44.93,제외,8.2
전라북도,전주시,전국 주요 지역,시설유지보수,177,49244969229.0,278220165.13559324,2026-05-15 15:57:52,0.25958702064896755,0.004069413739803138,1.0,0.96,44.69,추천,6.1
전라북도,전주시,전국 주요 지역,교육물품/교구,159,13097860490.0,82376481.0691824,2026-05-15 11:41:27,0.23303834808259588,0.0010823565183312638,1.0,1.0,44.35,추천,12.0
제주특별자치도,서귀포시,전국 주요 지역,폐기물/환경,161,17995033380.0,111770393.66459627,2026-05-14 14:01:22,0.2359882005899705,0.0014870399399430215,0.9677419354838709,1.0,43.99,제외,5.2
전라북도,전라북도,전국 주요 지역,시설유지보수,174,54316835746.0,312165722.6781609,2026-05-13 11:19:36,0.2551622418879056,0.004488533166901345,0.9375,0.971,43.8,추천,7.1
전라북도,남원시,전국 주요 지역,폐기물/환경,169,62480955950.0,369709798.52071005,2026-05-15 13:08:07,0.24778761061946902,0.005163184475486123,1.0,0.923,43.5,제외,6.8
전라남도,전라남도,전국 주요 지역,기타/미분류,197,18822599708.0,95546191.41116752,2026-05-07 09:44:31,0.2890855457227139,0.001555426819628153,0.7894736842105263,1.0,43.44,제외,6.2
전라북도,부안군,전국 주요 지역,폐기물/환경,152,47097954800.0,309854965.7894737,2026-05-15 17:16:47,0.22271386430678466,0.003891992773687822,1.0,0.961,43.23,제외,5.7
제주특별자치도,제주시,전국 주요 지역,조경/녹지관리,146,24950109656.0,170891162.02739727,2026-05-14 13:28:17,0.21386430678466076,0.0020617805358263824,0.9677419354838709,1.0,43.12,추천,8.9
전라북도,김제시,전국 주요 지역,폐기물/환경,159,15695162831.0,98711715.918239,2026-05-12 13:57:09,0.23303834808259588,0.0012969875354355237,0.9090909090909091,1.0,42.99,제외,6.1
전라남도,전라남도,전국 주요 지역,폐기물/환경,163,15428927449.0,94655996.6196319,2026-05-11 15:13:53,0.23893805309734514,0.0012749868734695392,0.8823529411764706,1.0,42.82,제외,4.9
전라북도,전라북도,전국 주요 지역,교육물품/교구,132,23395062901.0,177235325.00757575,2026-05-15 15:38:50,0.19321533923303835,0.0019332774881057903,1.0,1.0,42.78,추천,13.3
전라남도,전라남도,전국 주요 지역,시설유지보수,189,15216111914.0,80508528.64550264,2026-05-06 16:31:06,0.27728613569321536,0.0012574006209907266,0.7692307692307692,1.0,42.66,추천,3.9
경상남도,경상남도,전국 주요 지역,IT장비/전산,149,37576492000.0,252191221.47651008,2026-05-12 15:40:10,0.2182890855457227,0.0031051759242110076,0.9090909090909091,1.0,42.45,추천,13.1
전라북도,완주군,전국 주요 지역,폐기물/환경,166,29429940002.0,177288795.19277108,2026-05-08 09:55:43,0.24336283185840707,0.0024319763842027844,0.8108108108108107,1.0,41.96,제외,5.8
전라북도,전라북도,전국 주요 지역,전문용역/컨설팅,121,14223996330.0,117553688.67768595,2026-05-14 11:29:31,0.17699115044247787,0.0011754160273923847,0.9677419354838709,0.992,41.47,추천,10.4
전라북도,전라북도,전국 주요 지역,건설/공사,138,62039835899.0,449564028.2536232,2026-05-12 09:20:15,0.20206489675516223,0.005126732021061907,0.9090909090909091,0.978,41.41,제외,10.1
전라북도,군산시,전국 주요 지역,행사/운영용역,116,24650442984.0,212503818.8275862,2026-05-14 11:37:53,0.1696165191740413,0.002037017241392649,0.9677419354838709,1.0,41.35,추천,12.3
경상남도,경상남도,전국 주요 지역,기타/미분류,114,29931294144.0,262555211.78947368,2026-05-14 15:15:19,0.16666666666666666,0.002473406350875614,0.9677419354838709,1.0,41.24,제외,10.2
전라북도,정읍시,전국 주요 지역,폐기물/환경,155,57330903270.0,369876795.2903226,2026-05-07 19:08:09,0.22713864306784662,0.004737604046361595,0.7894736842105263,1.0,41.05,제외,5.9
전라북도,완주군,전국 주요 지역,건설/공사,101,43383348611.0,429538105.0594059,2026-05-15 13:45:20,0.14749262536873156,0.0035850320891724075,1.0,0.99,40.79,제외,8.8
제주특별자치도,제주시,전국 주요 지역,인쇄/홍보물,100,13280142087.0,132801420.87,2026-05-14 18:04:24,0.14601769911504425,0.0010974195643024293,0.9677419354838709,1.0,40.38,추천,10.4
경상북도,경상북도,전국 주요 지역,인쇄/홍보물,96,38955692564.0,405788464.2083333,2026-05-14 09:58:36,0.140117994100295,0.003219147723015192,0.9677419354838709,1.0,40.2,추천,10.0
전라남도,전라남도,전국 주요 지역,IT장비/전산,86,52833798480.0,614346493.9534883,2026-05-15 11:51:45,0.12536873156342182,0.004365980704763822,1.0,1.0,40.12,추천,12.4
전라북도,익산시,전국 주요 지역,행사/운영용역,95,23453962152.0,246883812.1263158,2026-05-14 10:53:01,0.13864306784660768,0.001938144694340988,0.9677419354838709,1.0,40.11,추천,15.7
경상북도,경상북도,전국 주요 지역,시설유지보수,140,7190292287.0,51359230.62142857,2026-05-08 14:58:34,0.20501474926253688,0.0005941779370366053,0.8108108108108107,0.979,39.96,추천,4.9
경상남도,경상남도,전국 주요 지역,시설유지보수,104,8416011270.0,80923185.28846154,2026-05-12 15:03:52,0.15191740412979352,0.0006954666117713305,0.9090909090909091,1.0,39.73,추천,4.0
경상남도,경상남도,전국 주요 지역,건설/공사,144,60537578398.0,420399849.9861111,2026-05-06 17:22:19,0.21091445427728614,0.005002591273062583,0.7692307692307692,0.979,39.68,제외,5.3
경상남도,경상남도,전국 주요 지역,폐기물/환경,102,6804603112.0,66711795.21568628,2026-05-12 14:15:09,0.14896755162241887,0.0005623060757559194,0.9090909090909091,1.0,39.61,제외,3.8
전라남도,전라남도,전국 주요 지역,건설/공사,88,76800683819.0,872735043.3977273,2026-05-14 14:22:40,0.12831858407079647,0.006346511386898508,0.9677419354838709,0.989,39.59,제외,8.5
전라북도,정읍시,전국 주요 지역,행사/운영용역,84,25623501100.0,305041679.7619048,2026-05-14 14:53:28,0.1224188790560472,0.002117426999564362,0.9677419354838709,1.0,39.47,추천,15.8
제주특별자치도,서귀포시,전국 주요 지역,시설유지보수,98,41739556400.0,425913840.81632656,2026-05-12 16:55:34,0.1430678466076696,0.0034491954603034117,0.9090909090909091,0.99,39.25,추천,6.0
경상북도,경상북도,전국 주요 지역,건설/공사,101,40405919920.364,400058613.0729109,2026-05-11 18:38:29,0.14749262536873156,0.0033389889011542703,0.8823529411764706,1.0,39.22,제외,12.6
전라북도,고창군,전국 주요 지역,건설/공사,72,11943877930.0,165887193.4722222,2026-05-15 18:10:34,0.10471976401179942,0.000986995864061797,1.0,1.0,39.21,제외,7.4
전라북도,완주군,전국 주요 지역,시설유지보수,85,48443964750.0,569928997.0588236,2026-05-14 11:25:23,0.12389380530973451,0.004003221828557778,0.9677419354838709,0.965,38.87,추천,6.8
전라북도,남원시,전국 주요 지역,행사/운영용역,71,18502769618.0,260602388.98591548,2026-05-14 09:28:19,0.10324483775811209,0.0015289972983384532,0.9677419354838709,1.0,38.68,추천,12.9
전라북도,전라북도,전국 주요 지역,인쇄/홍보물,66,5093082555.0,77167917.5,2026-05-14 11:00:46,0.09587020648967552,0.0004208726383986319,0.9677419354838709,1.0,38.36,추천,8.4
제주특별자치도,제주시,전국 주요 지역,의료/복지용품,65,4999381360.0,76913559.38461539,2026-05-14 17:16:38,0.0943952802359882,0.00041312953415186503,0.9677419354838709,1.0,38.3,추천,8.1
전라북도,무주군,전국 주요 지역,폐기물/환경,86,29358280840.0,341375358.60465115,2026-05-13 10:17:40,0.12536873156342182,0.002426054748287661,0.9375,0.953,38.2,제외,6.8
경상북도,봉화군,전국 주요 지역,건설/공사,63,2853147801.0,45288060.333333336,2026-05-14 16:55:45,0.09144542772861357,0.0002357730961123454,0.9677419354838709,1.0,38.18,제외,3.3
전라북도,남원시,전국 주요 지역,건설/공사,107,19634719800.0,183502054.20560747,2026-05-07 21:30:55,0.15634218289085547,0.0016225372821281232,0.7894736842105263,1.0,38.14,제외,8.6
제주특별자치도,제주시,전국 주요 지역,교육물품/교구,108,28673850596.0,265498616.62962964,2026-05-06 17:07:56,0.15781710914454278,0.0023694960808242197,0.7692307692307692,1.0,37.91,추천,10.3
제주특별자치도,제주시,전국 주요 지역,경비/보안,58,8754698342.0,150943074.86206895,2026-05-14 15:36:00,0.084070796460177,0.0007234544011002524,0.9677419354838709,1.0,37.9,추천,6.6
전라북도,남원시,전국 주요 지역,전문용역/컨설팅,58,8887376000.0,153230620.68965518,2026-05-14 17:37:20,0.084070796460177,0.0007344183694585095,0.9677419354838709,1.0,37.9,추천,13.3
경상남도,경상남도,전국 주요 지역,차량/운송,75,11585555377.0,154474071.69333333,2026-05-11 14:39:16,0.10914454277286136,0.0009573854745481239,0.8823529411764706,1.0,37.63,추천,6.8
전라북도,군산시,전국 주요 지역,건설/공사,79,26558825796.0,336187668.3037975,2026-05-11 18:18:50,0.11504424778761062,0.0021947186138890624,0.8823529411764706,0.987,37.63,제외,11.7
전라북도,군산시,전국 주요 지역,기타/미분류,44,11340849000.0,257746568.1818182,2026-05-15 16:16:22,0.06342182890855458,0.0009371638862646487,1.0,1.0,37.56,제외,8.9
제주특별자치도,제주시,전국 주요 지역,방역/소독,51,1830551476.0,35893166.196078435,2026-05-14 15:44:36,0.07374631268436578,0.00015126969200062964,0.9677419354838709,1.0,37.47,추천,6.0
경상남도,경상남도,전국 주요 지역,전문용역/컨설팅,50,6259679620.0,125193592.4,2026-05-14 15:39:51,0.07227138643067847,0.0005172757065587258,0.9677419354838709,1.0,37.42,추천,10.4
전라북도,남원시,전국 주요 지역,IT장비/전산,67,25325256242.0,377988899.13432837,2026-05-11 21:25:47,0.09734513274336283,0.0020927811983389223,0.8823529411764706,1.0,37.18,추천,8.4
전라북도,순창군,전국 주요 지역,폐기물/환경,70,9168644300.0,130980632.85714285,2026-05-12 21:32:42,0.10176991150442478,0.0007576612936091662,0.9090909090909091,0.971,37.15,제외,5.1
전라북도,익산시,전국 주요 지역,시설유지보수,58,19181620490.0,330717594.6551724,2026-05-12 16:20:37,0.084070796460177,0.0015850949080851013,0.9090909090909091,1.0,37.04,추천,8.0
경상북도,안동시,전국 주요 지역,건설/공사,127,2486931894.0,19582140.897637796,2026-04-28 09:54:22,0.18584070796460178,0.00020551043036165487,0.6382978723404256,1.0,37.01,제외,0.2
경상북도,문경시,전국 주요 지역,건설/공사,43,1354260000.0,31494418.604651164,2026-05-14 09:47:36,0.061946902654867256,0.00011191080708443989,0.9677419354838709,1.0,37.0,제외,3.7
제주특별자치도,제주시,전국 주요 지역,급식/식자재,57,8103805825.0,142172032.01754385,2026-05-12 14:43:53,0.08259587020648967,0.0006696671616464602,0.9090909090909091,1.0,36.96,추천,11.2
전라북도,익산시,전국 주요 지역,기타/미분류,90,15596849750.0,173298330.55555555,2026-05-06 11:37:33,0.13126843657817108,0.0012888633227720265,0.7692307692307692,1.0,36.82,제외,6.1
전라북도,장수군,전국 주요 지역,폐기물/환경,50,53592317490.0,1071846349.8,2026-05-15 17:29:36,0.07227138643067847,0.004428661781217376,1.0,0.94,36.8,제외,7.9
경상북도,경상북도,전국 주요 지역,전문용역/컨설팅,83,11776204124.0,141881977.39759037,2026-05-07 15:34:30,0.12094395280235988,0.0009731399494247408,0.7894736842105263,1.0,36.7,추천,13.5
전라북도,전주시,전국 주요 지역,전문용역/컨설팅,36,6777971900.0,188276997.2222222,2026-05-14 16:24:11,0.051622418879056046,0.000560105375426177,0.9677419354838709,1.0,36.6,추천,7.6
전라남도,해남군,전국 주요 지역,건설/공사,35,3151183600.0,90033817.14285715,2026-05-14 17:11:25,0.05014749262536873,0.00026040162151082566,0.9677419354838709,1.0,36.53,제외,4.8
경상북도,경상북도,전국 주요 지역,차량/운송,129,15244982325.0,118178157.55813953,2026-04-24 08:46:01,0.1887905604719764,0.0012597863600628911,0.5882352941176471,1.0,36.41,추천,6.3
전라북도,순창군,전국 주요 지역,IT장비/전산,23,3227523160.0,140327093.91304347,2026-05-15 22:48:05,0.032448377581120944,0.00026671002740930234,1.0,1.0,36.3,추천,9.5
제주특별자치도,서귀포시,전국 주요 지역,건설/공사,79,38029654597.0,481388032.87341774,2026-05-06 11:12:50,0.11504424778761062,0.003142623528046867,0.7692307692307692,1.0,36.22,제외,11.7
전라북도,장수군,전국 주요 지역,전문용역/컨설팅,21,5350606000.0,254790761.9047619,2026-05-15 11:24:17,0.029498525073746312,0.0004421533795953854,1.0,1.0,36.19,추천,17.1
제주특별자치도,제주특별자치도,전국 주요 지역,시설유지보수,43,37972443000.0,883080069.7674419,2026-05-14 16:49:12,0.061946902654867256,0.0031378957830090898,0.9677419354838709,0.953,36.13,추천,11.3
경상남도,거제시,전국 주요 지역,건설/공사,72,4066040000.0,56472777.777777776,2026-05-07 14:05:11,0.10471976401179942,0.0003360018150411413,0.7894736842105263,1.0,36.04,제외,5.5
전라북도,김제시,전국 주요 지역,행사/운영용역,66,10734902590.0,162650039.24242425,2026-05-08 15:06:46,0.09587020648967552,0.0008870908192073488,0.8108108108108107,1.0,36.02,추천,12.1
전라북도,남원시,전국 주요 지역,시설유지보수,90,45454686770.0,505052075.2222222,2026-05-06 15:59:14,0.13126843657817108,0.0037561994611087324,0.7692307692307692,0.956,36.0,추천,6.8
전라남도,화순군,전국 주요 지역,폐기물/환경,26,3763068500.0,144733403.84615386,2026-05-14 13:40:18,0.03687315634218289,0.0003109654224070951,0.9677419354838709,1.0,36.0,제외,5.4
경상북도,김천시,전국 주요 지역,행사/운영용역,26,95011420.0,3654285.3846153845,2026-05-14 17:14:46,0.03687315634218289,7.851376171812424e-06,0.9677419354838709,1.0,35.99,추천,9.2
전라북도,김제시,전국 주요 지역,건설/공사,39,28078430244.0,719959749.8461539,2026-05-12 14:38:47,0.05604719764011799,0.0023202928464771803,0.9090909090909091,1.0,35.94,제외,9.8
전라북도,완주군,전국 주요 지역,기타/미분류,32,17427128000.0,544597750.0,2026-05-13 18:15:04,0.045722713864306784,0.0014401104364330636,0.9375,1.0,35.93,제외,16.9
전라북도,임실군,전국 주요 지역,건설/공사,28,19365252000.0,691616142.8571428,2026-05-15 10:44:19,0.03982300884955752,0.0016002695056440887,1.0,0.964,35.91,제외,16.3
경상남도,창원시,전국 주요 지역,건설/공사,32,1043571971.0,32611624.09375,2026-05-13 13:49:25,0.045722713864306784,8.623675034728168e-05,0.9375,1.0,35.89,제외,3.1
경상북도,경상북도,전국 주요 지역,급수/전기/설비,45,7277639500.0,161725322.2222222,2026-05-11 15:26:07,0.06489675516224189,0.0006013959727929641,0.8823529411764706,1.0,35.85,추천,11.6
전라북도,전라북도,전국 주요 지역,급식/식자재,15,1414622260.0,94308150.66666667,2026-05-15 15:34:06,0.02064896755162242,0.00011689891072335768,1.0,1.0,35.83,추천,13.1
경상북도,포항시,전국 주요 지역,시설유지보수,30,787481342.0,26249378.066666666,2026-05-13 09:23:44,0.04277286135693215,6.507441152153784e-05,0.9375,1.0,35.78,추천,3.4
전라북도,임실군,전국 주요 지역,폐기물/환경,76,27495130900.0,361778038.15789473,2026-05-06 11:08:46,0.11061946902654868,0.002272091245337913,0.7692307692307692,0.987,35.76,제외,6.5
전라북도,순창군,전국 주요 지역,건설/공사,29,3827243200.0,131973903.44827586,2026-05-13 09:06:26,0.04129793510324484,0.00031626857133817314,0.9375,1.0,35.72,제외,8.4
전라북도,전주시,전국 주요 지역,청소/환경미화,43,2741756600.0,63761781.39534884,2026-05-11 11:34:11,0.061946902654867256,0.00022656815820823906,0.8823529411764706,1.0,35.72,추천,5.9
경상북도,봉화군,전국 주요 지역,폐기물/환경,21,1413452900.0,67307280.95238096,2026-05-14 17:52:21,0.029498525073746312,0.00011680227933693833,0.9677419354838709,1.0,35.7,제외,3.3
경상남도,창원시,전국 주요 지역,기타/미분류,28,2898925177.0,103533042.03571428,2026-05-13 14:07:38,0.03982300884955752,0.00023955596136301209,0.9375,1.0,35.66,제외,5.6
제주특별자치도,서귀포시,전국 주요 지역,행사/운영용역,41,9949846020.0,242679171.2195122,2026-05-11 10:02:09,0.058997050147492625,0.0008222167814630145,0.8823529411764706,1.0,35.62,추천,12.8
제주특별자치도,서귀포시,전국 주요 지역,청소/환경미화,11,667147770.0,60649797.27272727,2026-05-15 13:33:24,0.014749262536873156,5.5130510673935785e-05,1.0,1.0,35.59,추천,5.1
제주특별자치도,제주시,전국 주요 지역,급수/전기/설비,77,31641458699.0,410928035.0519481,2026-05-06 09:56:55,0.11209439528023599,0.0026147277334736766,0.7692307692307692,0.974,35.57,추천,7.5
경상북도,김천시,전국 주요 지역,기타/미분류,10,4400.0,440.0,2026-05-15 16:20:58,0.01327433628318584,3.635989774279204e-10,1.0,1.0,35.53,제외,11.2
전라남도,강진군,전국 주요 지역,건설/공사,18,1063583260.0,59087958.88888889,2026-05-14 09:38:35,0.025073746312684365,8.789040585123955e-05,0.9677419354838709,1.0,35.52,제외,2.8
전라북도,군산시,전국 주요 지역,급수/전기/설비,25,8299870794.0,331994831.76,2026-05-13 11:12:07,0.035398230088495575,0.0006858692121550596,0.9375,1.0,35.5,추천,9.0
전라북도,부안군,전국 주요 지역,기타/미분류,30,12126588641.0,404219621.3666667,2026-05-12 13:30:03,0.04277286135693215,0.0010020943703537807,0.9090909090909091,1.0,35.37,제외,13.8
경상북도,경상북도,전국 주요 지역,청소/환경미화,59,14161123870.0,240019048.6440678,2026-05-07 18:57:56,0.0855457227138643,0.0011702204905368442,0.7894736842105263,1.0,35.29,추천,6.9
전라남도,완도군,전국 주요 지역,건설/공사,14,1806123000.0,129008785.71428572,2026-05-14 09:44:00,0.019174041297935103,0.00014925101725205635,0.9677419354838709,1.0,35.29,제외,2.9
전라북도,부안군,전국 주요 지역,행사/운영용역,35,5289607860.0,151131653.14285713,2026-05-11 15:01:36,0.05014749262536873,0.00043711272929333874,0.8823529411764706,1.0,35.25,추천,9.7
제주특별자치도,서귀포시,전국 주요 지역,IT장비/전산,93,9658851160.0,103858614.62365592,2026-04-29 08:40:12,0.13569321533923304,0.0007981700920237461,0.6521739130434783,1.0,35.23,추천,10.0
전라남도,여수시,전국 주요 지역,IT장비/전산,13,3409758800.0,262289138.46153846,2026-05-14 20:20:18,0.017699115044247787,0.0002817692756717848,0.9677419354838709,1.0,35.23,추천,12.8
전라북도,남원시,전국 주요 지역,기타/미분류,62,23674818000.0,381851903.2258065,2026-05-06 15:52:43,0.08997050147492626,0.0019563953671800282,0.7692307692307692,1.0,35.19,제외,7.8
전라남도,신안군,전국 주요 지역,건설/공사,3,4277075000.0,1425691666.6666667,2026-05-15 14:15:28,0.0029498525073746312,0.0003534409309960279,1.0,1.0,35.13,제외,9.3
전라남도,전라남도,전국 주요 지역,인쇄/홍보물,32,5815583000.0,181736968.75,2026-05-11 16:45:51,0.045722713864306784,0.00048057727998799946,0.8823529411764706,1.0,35.08,추천,12.8
전라남도,담양군,전국 주요 지역,기타/미분류,10,3144935000.0,314493500.0,2026-05-14 15:06:05,0.01327433628318584,0.0002598852613811993,0.9677419354838709,1.0,35.05,제외,5.7
전라남도,진도군,전국 주요 지역,폐기물/환경,10,1006850700.0,100685070.0,2026-05-14 14:17:02,0.01327433628318584,8.320224657786043e-05,0.9677419354838709,1.0,35.05,제외,4.5
전라북도,고창군,전국 주요 지역,전문용역/컨설팅,27,5573555001.0,206427963.0,2026-05-11 13:41:42,0.038348082595870206,0.00046057702250042545,0.8823529411764706,1.0,34.78,추천,12.6
전라남도,담양군,전국 주요 지역,시설유지보수,20,436994421.0,21849721.05,2026-05-12 09:55:16,0.028023598820058997,3.6111528322115034e-05,0.9090909090909091,1.0,34.76,추천,0.8
제주특별자치도,서귀포시,전국 주요 지역,급수/전기/설비,21,1555301000.0,74061952.38095239,2026-05-14 09:15:16,0.029498525073746312,0.00012852405754377774,0.9677419354838709,0.952,34.74,추천,7.4
전라북도,익산시,전국 주요 지역,전문용역/컨설팅,26,7774470960.0,299018113.84615386,2026-05-11 17:00:35,0.03687315634218289,0.0006424522025225142,0.8823529411764706,1.0,34.73,추천,11.4
전라북도,진안군,전국 주요 지역,폐기물/환경,60,29236927840.0,487282130.6666667,2026-05-07 17:16:23,0.08702064896755163,0.002416026605854068,0.7894736842105263,0.967,34.72,제외,7.0
전라북도,김제시,전국 주요 지역,시설유지보수,35,17302696760.0,494362764.5714286,2026-05-11 15:41:02,0.05014749262536873,0.0014298279201548619,0.8823529411764706,0.971,34.7,추천,6.5
경상남도,창원시,전국 주요 지역,전문용역/컨설팅,4,157154000.0,39288500.0,2026-05-14 10:32:03,0.004424778761061947,1.2986598567888047e-05,0.9677419354838709,1.0,34.69,데이터부족,7.2
전라북도,익산시,전국 주요 지역,교육물품/교구,53,3639392247.0,68667778.24528302,2026-05-06 09:10:37,0.07669616519174041,0.0003007452953337049,0.7692307692307692,1.0,34.61,추천,10.7
제주특별자치도,제주특별자치도,전국 주요 지역,건설/공사,53,70067829965.0,1322034527.6415095,2026-05-08 08:26:47,0.07669616519174041,0.0057901343922425914,0.8108108108108107,0.962,34.61,제외,14.0
경상남도,합천군,전국 주요 지역,시설유지보수,47,2340418120.0,49796130.212765954,2026-05-07 10:46:11,0.06784660766961652,0.00019340309890585817,0.7894736842105263,1.0,34.56,추천,2.6
경상남도,의령군,전국 주요 지역,급수/전기/설비,9,68718000.0,7635333.333333333,2026-05-13 13:49:55,0.011799410029498525,5.678589666111781e-06,0.9375,1.0,34.53,데이터부족,0.0
경상북도,경상북도,전국 주요 지역,폐기물/환경,124,19137670539.0,154336052.73387095,2026-04-15 08:29:48,0.18141592920353983,0.0015814630541665542,0.5,0.984,34.48,제외,5.8
경상북도,봉화군,전국 주요 지역,급수/전기/설비,15,236032000.0,15735466.666666666,2026-05-12 13:45:31,0.02064896755162242,1.950477132733339e-05,0.9090909090909091,1.0,34.46,추천,0.0
전라북도,임실군,전국 주요 지역,보험/금융,6,614649460.0,102441576.66666667,2026-05-13 09:42:27,0.007374631268436578,5.079225343923261e-05,0.9375,1.0,34.36,데이터부족,6.7
전라북도,무주군,전국 주요 지역,전문용역/컨설팅,12,1520980500.0,126748375.0,2026-05-12 17:00:07,0.016224188790560472,0.00012568794420177433,0.9090909090909091,1.0,34.29,추천,11.9
전라북도,정읍시,전국 주요 지역,IT장비/전산,46,8838986000.0,192151869.5652174,2026-05-06 11:15:50,0.06637168141592921,0.0007304196070681147,0.7692307692307692,1.0,34.21,추천,7.9
제주특별자치도,제주시,전국 주요 지역,청소/환경미화,39,5765252513.0,147826987.5128205,2026-05-07 14:49:44,0.05604719764011799,0.00047641816325921555,0.7894736842105263,1.0,34.1,추천,7.8
전라북도,군산시,전국 주요 지역,조경/녹지관리,8,736093000.0,92011625.0,2026-05-12 14:21:30,0.01032448377581121,6.082787774814778e-05,0.9090909090909091,1.0,34.05,데이터부족,7.5
전라북도,전주시,전국 주요 지역,IT장비/전산,68,18957781841.0,278790909.4264706,2026-04-30 17:29:51,0.09882005899705015,0.0015665977481111816,0.6666666666666666,1.0,33.99,추천,8.0
전라남도,장성군,전국 주요 지역,건설/공사,13,435555000.0,33504230.769230768,2026-05-11 13:42:51,0.017699115044247787,3.599258013945861e-05,0.8823529411764706,1.0,33.94,제외,1.2
제주특별자치도,제주특별자치도,전국 주요 지역,행사/운영용역,40,9906554970.0,247663874.25,2026-05-06 09:08:22,0.05752212389380531,0.0008186393765739734,0.7692307692307692,1.0,33.86,추천,14.8
경상북도,구미시,전국 주요 지역,급수/전기/설비,4,68361000.0,17090250.0,2026-05-12 14:37:36,0.004424778761061947,5.6490885672613795e-06,0.9090909090909091,1.0,33.81,데이터부족,0.0
전라북도,전주시,전국 주요 지역,차량/운송,84,12490352882.0,148694677.16666666,2026-04-24 15:26:34,0.1224188790560472,0.0010321544399111543,0.5882352941176471,1.0,33.75,추천,6.3
경상북도,의성군,전국 주요 지역,시설유지보수,47,1013745000.0,21569042.55319149,2026-05-04 10:38:21,0.06784660766961652,8.377196485742437e-05,0.7317073170731707,1.0,33.69,추천,1.7
전라북도,고창군,전국 주요 지역,폐기물/환경,111,63218106844.0,569532494.09009,2026-04-16 18:37:45,0.16224188790560473,0.005224099773501686,0.5084745762711864,0.964,33.53,제외,6.6
경상북도,칠곡군,전국 주요 지역,시설유지보수,23,1031576024.0,44851131.47826087,2026-05-08 16:08:18,0.032448377581120944,8.524545169671816e-05,0.8108108108108107,1.0,33.46,추천,3.2
경상북도,고령군,전국 주요 지역,IT장비/전산,4,26770570.0,6692642.5,2026-05-11 15:44:18,0.004424778761061947,2.2122163357187645e-06,0.8823529411764706,1.0,33.41,데이터부족,0.0
전라북도,군산시,전국 주요 지역,의료/복지용품,3,96673450.0,32224483.333333332,2026-05-11 16:23:55,0.0029498525073746312,7.988719901006634e-06,0.8823529411764706,1.0,33.35,데이터부족,7.0
전라북도,고창군,전국 주요 지역,기타/미분류,33,15652277000.0,474311424.24242425,2026-05-11 17:54:19,0.0471976401179941,0.001293443616276945,0.8823529411764706,0.909,33.34,제외,7.9
경상남도,경상남도,전국 주요 지역,교육물품/교구,25,5023387160.0,200935486.4,2026-05-07 15:10:20,0.035398230088495575,0.00041511328059103304,0.7894736842105263,1.0,33.27,추천,17.1
제주특별자치도,제주특별자치도,전국 주요 지역,차량/운송,1,19317000.0,19317000.0,2026-05-11 12:22:16,0.0,1.5962821470398042e-06,0.8823529411764706,1.0,33.24,데이터부족,3.0
경상북도,청도군,전국 주요 지역,IT장비/전산,1,76820000.0,76820000.0,2026-05-11 10:40:54,0.0,6.348107601366556e-06,0.8823529411764706,1.0,33.24,데이터부족,11.0
전라북도,완주군,전국 주요 지역,교육물품/교구,24,1808117925.0,75338246.875,2026-05-07 10:54:08,0.03392330383480826,0.00014941587013615756,0.7894736842105263,1.0,33.2,추천,12.5
전라북도,부안군,전국 주요 지역,시설유지보수,35,32250375600.0,921439302.8571428,2026-05-14 14:41:47,0.05014749262536873,0.002665046270415081,0.9677419354838709,0.829,33.17,추천,5.5
전라남도,전라남도,전국 주요 지역,의료/복지용품,17,1022440071.0,60143533.5882353,2026-05-08 15:12:00,0.02359882005899705,8.449049188566599e-05,0.8108108108108107,1.0,33.11,추천,5.9
경상남도,진주시,전국 주요 지역,기타/미분류,21,1719264585.0,81869742.14285715,2026-05-07 16:36:41,0.029498525073746312,0.00014207337387137228,0.7894736842105263,1.0,33.03,제외,1.0
제주특별자치도,서귀포시,전국 주요 지역,교육물품/교구,15,1208742000.0,80582800.0,2026-05-08 15:08:57,0.02064896755162242,9.988576253958623e-05,0.8108108108108107,1.0,32.99,추천,6.7
전라북도,군산시,전국 주요 지역,IT장비/전산,76,20625490300.0,271388030.2631579,2026-04-28 20:17:31,0.11061946902654868,0.0017044107231885207,0.6382978723404256,0.947,32.98,추천,6.5
전라북도,완주군,전국 주요 지역,IT장비/전산,19,9891234350.0,520591281.57894737,2026-05-07 11:26:11,0.02654867256637168,0.000817373339809073,0.7894736842105263,1.0,32.92,추천,17.1
제주특별자치도,제주특별자치도,전국 주요 지역,기타/미분류,13,8460443740.0,650803364.6153846,2026-05-08 15:19:19,0.017699115044247787,0.0006991383391932842,0.8108108108108107,1.0,32.89,제외,10.3
경상북도,안동시,전국 주요 지역,전문용역/컨설팅,13,1569194434.0,120707264.15384616,2026-05-08 10:59:14,0.017699115044247787,0.00012967215717908735,0.8108108108108107,1.0,32.87,추천,8.6
전라남도,해남군,전국 주요 지역,시설유지보수,49,1405887520.0,28691582.040816326,2026-04-30 10:11:36,0.07079646017699115,0.00011617710560242615,0.6666666666666666,1.0,32.83,추천,1.8
전라북도,장수군,전국 주요 지역,기타/미분류,17,3976216000.0,233895058.82352942,2026-05-07 16:01:26,0.02359882005899705,0.00032857910718921276,0.7894736842105263,1.0,32.79,제외,11.6
전라남도,해남군,전국 주요 지역,기타/미분류,22,5970956000.0,271407090.90909094,2026-05-06 11:43:40,0.030973451327433628,0.0004934167036061604,0.7692307692307692,1.0,32.79,제외,15.6
경상남도,창원시,전국 주요 지역,폐기물/환경,16,854937900.0,53433618.75,2026-05-07 09:23:21,0.022123893805309734,7.064876050099403e-05,0.7894736842105263,1.0,32.73,제외,1.8
전라남도,진도군,전국 주요 지역,시설유지보수,19,321181958.0,16904313.57894737,2026-05-06 15:55:16,0.02654867256637168,2.6541234431158475e-05,0.7692307692307692,1.0,32.6,추천,0.3
경상남도,거제시,전국 주요 지역,급수/전기/설비,13,128165200.0,9858861.538461538,2026-05-07 14:07:59,0.017699115044247787,1.0591076286782934e-05,0.7894736842105263,1.0,32.55,추천,0.2
경상북도,경상북도,전국 주요 지역,교육물품/교구,51,9382783484.0,183976146.74509802,2026-04-28 16:42:07,0.07374631268436578,0.0007753569273204501,0.6382978723404256,1.0,32.54,추천,10.7
전라북도,무주군,전국 주요 지역,건설/공사,43,23773486330.0,552871775.1162791,2026-04-30 16:46:40,0.061946902654867256,0.00196454893624651,0.6666666666666666,1.0,32.53,제외,9.4
전라북도,익산시,전국 주요 지역,건설/공사,95,30852902694.0,324767396.77894735,2026-04-09 10:00:45,0.13864306784660768,0.002549564515959439,0.45454545454545453,1.0,32.43,제외,15.2
경상남도,양산시,전국 주요 지역,기타/미분류,42,2685166000.0,63932523.809523806,2026-04-30 10:01:36,0.06047197640117994,0.00022189172996004986,0.6666666666666666,1.0,32.42,제외,1.3
경상북도,경주시,전국 주요 지역,건설/공사,25,1648252000.0,65930080.0,2026-05-04 11:17:46,0.035398230088495575,0.00013620516857807378,0.7317073170731707,1.0,32.39,제외,2.3
전라남도,담양군,전국 주요 지역,건설/공사,24,774652300.0,32277179.166666668,2026-05-04 10:30:07,0.03392330383480826,6.401426912322424e-05,0.7317073170731707,1.0,32.33,제외,2.2
전라북도,완주군,전국 주요 지역,행사/운영용역,47,9419578830.0,200416570.85106382,2026-04-28 10:58:12,0.06784660766961652,0.0007783975523612926,0.6382978723404256,1.0,32.31,추천,11.4
경상남도,함안군,전국 주요 지역,조경/녹지관리,3,17009000.0,5669666.666666667,2026-05-08 09:54:04,0.0029498525073746312,1.4055579561526132e-06,0.8108108108108107,1.0,32.28,데이터부족,0.0
경상북도,상주시,전국 주요 지역,시설유지보수,50,1472842705.0,29456854.1,2026-04-27 10:54:24,0.07227138643067847,0.00012171002305685734,0.625,1.0,32.27,추천,1.9
경상남도,거제시,전국 주요 지역,기타/미분류,13,4504368000.0,346489846.15384614,2026-05-06 13:42:42,0.017699115044247787,0.0003722235451725107,0.7692307692307692,1.0,32.26,제외,15.2
경상남도,합천군,전국 주요 지역,건설/공사,57,3532589103.0,61975247.421052635,2026-04-24 11:43:36,0.08259587020648967,0.00029191949670995785,0.5882352941176471,1.0,32.13,제외,2.3
경상북도,구미시,전국 주요 지역,건설/공사,5,130414000.0,26082800.0,2026-05-07 09:36:22,0.0058997050147492625,1.0776908418701093e-05,0.7894736842105263,1.0,32.08,제외,0.0
경상북도,상주시,전국 주요 지역,폐기물/환경,36,2160005248.0,60000145.777777776,2026-04-30 10:02:34,0.051622418879056046,0.00017849447713903218,0.6666666666666666,1.0,32.07,제외,2.3
전라남도,영암군,전국 주요 지역,폐기물/환경,10,712524801.0,71252480.1,2026-05-06 15:22:16,0.01327433628318584,5.8880292962643747e-05,0.7692307692307692,1.0,32.07,제외,-2.5
경상북도,경산시,전국 주요 지역,IT장비/전산,4,163147000.0,40786750.0,2026-05-07 11:49:35,0.004424778761061947,1.3481836902371121e-05,0.7894736842105263,1.0,32.02,데이터부족,4.0
전라북도,익산시,전국 주요 지역,청소/환경미화,18,993298000.0,55183222.222222224,2026-05-04 13:17:58,0.025073746312684365,8.208230388209057e-05,0.7317073170731707,1.0,31.98,추천,6.3
전라남도,장성군,전국 주요 지역,청소/환경미화,2,48235000.0,24117500.0,2026-05-07 15:07:37,0.0014749262536873156,3.985953790053577e-06,0.7894736842105263,1.0,31.9,데이터부족,0.0
전라남도,화순군,전국 주요 지역,행사/운영용역,16,2785998001.0,174124875.0625,2026-05-04 16:46:19,0.022123893805309734,0.00023022409642723418,0.7317073170731707,1.0,31.87,추천,11.5
전라북도,김제시,전국 주요 지역,IT장비/전산,52,6197613000.0,119184865.38461539,2026-04-24 14:18:54,0.0752212389380531,0.0005121467612031787,0.5882352941176471,1.0,31.85,추천,11.0
전라남도,보성군,전국 주요 지역,인쇄/홍보물,1,10000000.0,10000000.0,2026-05-07 09:15:24,0.0,8.263613123361828e-07,0.7894736842105263,1.0,31.84,데이터부족,0.0
전라북도,완주군,전국 주요 지역,조경/녹지관리,32,7662012100.0,239437878.125,2026-04-30 09:58:02,0.045722713864306784,0.0006331590374091711,0.6666666666666666,1.0,31.84,추천,6.3
경상북도,경상북도,전국 주요 지역,급식/식자재,38,5149701590.0,135518462.89473686,2026-04-28 13:36:18,0.05457227138643068,0.0004255514164052127,0.6382978723404256,1.0,31.77,추천,16.6
전라북도,군산시,전국 주요 지역,청소/환경미화,71,8625703640.0,121488783.66197184,2026-04-15 16:22:33,0.10324483775811209,0.0007127947779773389,0.5,1.0,31.65,추천,5.3
전라남도,강진군,전국 주요 지역,의료/복지용품,2,109995680.0,54997840.0,2026-05-06 11:24:01,0.0014749262536873156,9.089617447611081e-06,0.7692307692307692,1.0,31.6,데이터부족,5.0
경상남도,고성군,전국 주요 지역,IT장비/전산,1,59040000.0,59040000.0,2026-05-06 10:56:14,0.0,4.878837188032823e-06,0.7692307692307692,1.0,31.54,데이터부족,12.0
전라북도,군산시,전국 주요 지역,차량/운송,85,12094970750.0,142293773.52941176,2026-04-06 20:40:22,0.12389380530973451,0.0009994815901637746,0.4347826086956522,1.0,31.5,추천,8.9
경상남도,밀양시,전국 주요 지역,폐기물/환경,33,9364459090.0,283771487.57575756,2026-04-28 14:31:18,0.0471976401179941,0.0007738426702930897,0.6382978723404256,1.0,31.48,제외,5.1
경상남도,진주시,전국 주요 지역,시설유지보수,51,1471562500.0,28854166.666666668,2026-04-22 11:49:49,0.07374631268436578,0.0001216042318684714,0.5660377358490566,1.0,31.44,추천,0.9
전라북도,군산시,전국 주요 지역,시설유지보수,71,28849153433.0,406326104.69014084,2026-04-21 19:25:22,0.10324483775811209,0.0023839824290681775,0.5555555555555556,0.944,31.4,추천,6.3
전라남도,나주시,전국 주요 지역,시설유지보수,35,431258465.0,12321670.42857143,2026-04-27 16:16:48,0.05014749262536873,3.563753110934877e-05,0.625,1.0,31.38,추천,0.2
경상남도,함안군,전국 주요 지역,시설유지보수,28,506640500.0,18094303.57142857,2026-04-29 16:57:29,0.03982300884955752,4.186681084626598e-05,0.6521739130434783,1.0,31.38,추천,0.6
경상남도,의령군,전국 주요 지역,시설유지보수,31,723305940.0,23332449.677419353,2026-04-28 14:01:29,0.04424778761061947,5.977120457989563e-05,0.6382978723404256,1.0,31.35,추천,0.5
경상남도,진주시,전국 주요 지역,건설/공사,53,1682960000.0,31753962.264150944,2026-04-20 17:51:52,0.07669616519174041,0.00013907330342093023,0.5454545454545454,1.0,31.25,제외,1.8
전라북도,김제시,전국 주요 지역,전문용역/컨설팅,30,4108434000.0,136947800.0,2026-04-27 13:33:59,0.04277286135693215,0.00033950509118865925,0.625,1.0,31.09,추천,8.9
경상북도,안동시,전국 주요 지역,시설유지보수,29,528937000.0,18239206.896551725,2026-04-27 10:45:01,0.04129793510324484,4.370930734631635e-05,0.625,1.0,31.03,추천,2.7
제주특별자치도,제주시,전국 주요 지역,보험/금융,25,3324847990.0,132993919.6,2026-04-28 15:43:35,0.035398230088495575,0.00027475257483347196,0.6382978723404256,1.0,31.0,추천,5.6
전라남도,강진군,전국 주요 지역,시설유지보수,20,378863680.0,18943184.0,2026-04-29 14:36:13,0.028023598820058997,3.130782878013156e-05,0.6521739130434783,1.0,30.9,추천,1.0
경상남도,밀양시,전국 주요 지역,기타/미분류,41,703157600.0,17150185.36585366,2026-04-22 16:00:40,0.058997050147492625,5.810622371151607e-05,0.5660377358490566,1.0,30.85,제외,0.1
전라북도,진안군,전국 주요 지역,시설유지보수,15,11313356000.0,754223733.3333334,2026-04-30 09:27:31,0.02064896755162242,0.0009348919711086428,0.6666666666666666,1.0,30.85,추천,6.5
제주특별자치도,서귀포시,전국 주요 지역,기타/미분류,22,2546200260.0,115736375.45454545,2026-04-28 13:20:25,0.030973451327433628,0.00021040813883243297,0.6382978723404256,1.0,30.82,제외,7.9
경상북도,봉화군,전국 주요 지역,시설유지보수,25,561112050.0,22444482.0,2026-04-27 10:48:11,0.035398230088495575,4.636812900056458e-05,0.625,1.0,30.79,추천,3.0
경상북도,성주군,전국 주요 지역,의료/복지용품,14,1276194000.0,91156714.28571428,2026-04-30 10:01:15,0.019174041297935103,0.00010545973486355624,0.6666666666666666,1.0,30.77,추천,4.1
전라북도,정읍시,전국 주요 지역,전문용역/컨설팅,21,2538786320.0,120894586.66666667,2026-04-28 09:18:51,0.029498525073746312,0.0002097954795136348,0.6382978723404256,1.0,30.76,추천,11.0
경상남도,함양군,전국 주요 지역,시설유지보수,36,1027239634.0,28534434.277777776,2026-04-23 16:36:40,0.051622418879056046,8.4887109203598e-05,0.5769230769230769,1.0,30.72,추천,2.1
전라북도,고창군,전국 주요 지역,인쇄/홍보물,16,20279000000.0,1267437500.0,2026-04-29 17:06:50,0.022123893805309734,0.001675778105286545,0.6521739130434783,1.0,30.71,추천,18.6
경상북도,상주시,전국 주요 지역,인쇄/홍보물,5,604758686.0,120951737.2,2026-05-02 11:41:36,0.0058997050147492625,4.997491814096655e-05,0.6976744186046512,1.0,30.7,데이터부족,1.2
전라북도,전주시,전국 주요 지역,기타/미분류,32,2913322140.0,91041316.875,2026-04-24 15:00:07,0.045722713864306784,0.00024074567068684563,0.5882352941176471,1.0,30.66,제외,8.1
전라북도,전라북도,전국 주요 지역,의료/복지용품,22,3326303690.0,151195622.27272728,2026-04-27 10:36:56,0.030973451327433628,0.00027487286824970874,0.625,1.0,30.62,추천,9.5
경상북도,의성군,전국 주요 지역,기타/미분류,18,555984400.0,30888022.222222224,2026-04-28 18:03:48,0.025073746312684365,4.594439984224452e-05,0.6382978723404256,1.0,30.58,제외,0.0
전라북도,익산시,전국 주요 지역,IT장비/전산,52,27616676990.0,531089942.11538464,2026-04-15 10:35:48,0.0752212389380531,0.002282135343982086,0.5,1.0,30.57,추천,8.6
전라북도,군산시,전국 주요 지역,전문용역/컨설팅,36,3202206920.0,88950192.22222222,2026-04-22 11:50:43,0.051622418879056046,0.0002646179912783206,0.5660377358490566,1.0,30.56,추천,8.4
제주특별자치도,서귀포시,전국 주요 지역,차량/운송,67,4093384502.0,61095291.07462686,2026-04-07 09:05:52,0.09734513274336283,0.0003382614588969312,0.4411764705882353,1.0,30.52,추천,5.5
전라북도,익산시,전국 주요 지역,차량/운송,55,7931228690.0,144204158.0,2026-04-13 17:47:28,0.07964601769911504,0.0006554060548706784,0.48387096774193555,1.0,30.46,추천,5.3
전라북도,군산시,전국 주요 지역,교육물품/교구,53,5410402110.0,102083058.67924528,2026-04-14 13:58:11,0.07669616519174041,0.00044709469878860525,0.49180327868852464,1.0,30.46,추천,11.5
전라북도,부안군,전국 주요 지역,전문용역/컨설팅,19,4688456000.0,246760842.10526314,2026-04-27 11:01:26,0.02654867256637168,0.00038743586529904503,0.625,1.0,30.45,추천,17.9
경상북도,문경시,전국 주요 지역,시설유지보수,19,353301020.0,18594790.52631579,2026-04-27 11:07:38,0.02654867256637168,2.9195429453691197e-05,0.625,1.0,30.44,추천,4.5
경상북도,의성군,전국 주요 지역,폐기물/환경,34,3007127300.0,88444920.58823529,2026-04-22 11:36:21,0.048672566371681415,0.0002484973661989962,0.5660377358490566,1.0,30.44,제외,4.9
경상남도,의령군,전국 주요 지역,폐기물/환경,12,535889000.0,44657416.666666664,2026-04-29 14:52:11,0.016224188790560472,4.428379373065247e-05,0.6521739130434783,1.0,30.43,제외,3.2
전라북도,김제시,전국 주요 지역,기타/미분류,15,10639231860.0,709282124.0,2026-04-28 14:15:30,0.02064896755162242,0.0008791849602078527,0.6382978723404256,1.0,30.42,제외,10.7
전라북도,무주군,전국 주요 지역,기타/미분류,8,3134361000.0,391795125.0,2026-04-30 16:35:07,0.01032448377581121,0.00025901146692953504,0.6666666666666666,1.0,30.42,제외,13.8
경상북도,경주시,전국 주요 지역,시설유지보수,30,601943260.0,20064775.333333332,2026-04-23 18:43:08,0.04277286135693215,4.974226222855201e-05,0.5769230769230769,1.0,30.37,추천,0.0
경상남도,경상남도,전국 주요 지역,인쇄/홍보물,37,3289039010.0,88892946.21621622,2026-04-20 13:29:37,0.05309734513274336,0.00027179345926284996,0.5454545454545454,1.0,30.31,추천,13.6
전라남도,화순군,전국 주요 지역,IT장비/전산,13,9186970000.0,706690000.0,2026-04-28 16:52:21,0.017699115044247787,0.0007591756585593141,0.6382978723404256,1.0,30.3,추천,21.2
전라북도,고창군,전국 주요 지역,교육물품/교구,13,3815568710.0,293505285.38461536,2026-04-28 08:55:52,0.017699115044247787,0.0003153038366504476,0.6382978723404256,1.0,30.29,추천,16.8
경상북도,울진군,전국 주요 지역,건설/공사,16,191123000.0,11945187.5,2026-04-27 10:24:48,0.022123893805309734,1.5793665309762827e-05,0.625,1.0,30.26,제외,0.4
경상북도,칠곡군,전국 주요 지역,폐기물/환경,5,263069500.0,52613900.0,2026-04-30 15:40:09,0.0058997050147492625,2.1739045725562344e-05,0.6666666666666666,1.0,30.24,제외,1.2
전라북도,전주시,전국 주요 지역,의료/복지용품,12,1587438160.0,132286513.33333333,2026-04-28 13:10:59,0.016224188790560472,0.00013117974811501353,0.6382978723404256,1.0,30.23,추천,14.4
전라북도,임실군,전국 주요 지역,시설유지보수,23,14192683000.0,617073173.9130435,2026-05-11 14:16:20,0.032448377581120944,0.0011728284149451432,0.8823529411764706,0.783,30.22,추천,6.2
전라북도,완주군,전국 주요 지역,전문용역/컨설팅,30,3468388000.0,115612933.33333333,2026-04-22 14:38:41,0.04277286135693215,0.00028661416593710686,0.5660377358490566,1.0,30.21,추천,8.8
경상북도,예천군,전국 주요 지역,시설유지보수,15,400004400.0,26666960.0,2026-04-27 11:06:26,0.02064896755162242,3.3054816092424736e-05,0.625,1.0,30.2,추천,3.3
전라북도,임실군,전국 주요 지역,행사/운영용역,32,7321912190.0,228809755.9375,2026-04-21 15:37:12,0.045722713864306784,0.0006050544966138694,0.5555555555555556,1.0,30.18,추천,13.3
전라남도,전라남도,전국 주요 지역,보험/금융,11,350994380.0,31908580.0,2026-04-28 11:38:23,0.014749262536873156,2.900481764794248e-05,0.6382978723404256,1.0,30.17,추천,2.8
전라북도,정읍시,전국 주요 지역,기타/미분류,32,4118685600.0,128708925.0,2026-04-21 08:54:21,0.045722713864306784,0.0003403522437516138,0.5555555555555556,1.0,30.17,제외,9.6
전라북도,순창군,전국 주요 지역,행사/운영용역,26,5922857920.0,227802227.69230768,2026-04-23 14:52:15,0.03687315634218289,0.0004894420643551954,0.5769230769230769,1.0,30.14,추천,12.8
전라북도,부안군,전국 주요 지역,교육물품/교구,7,536838000.0,76691142.85714285,2026-04-29 08:57:01,0.008849557522123894,4.436221541919317e-05,0.6521739130434783,1.0,30.14,데이터부족,7.4
경상남도,거제시,전국 주요 지역,폐기물/환경,28,851599001.0,30414250.035714287,2026-04-22 15:53:49,0.03982300884955752,7.037284680505423e-05,0.5660377358490566,1.0,30.09,제외,1.0
전라남도,전라남도,전국 주요 지역,급수/전기/설비,25,1777433800.0,71097352.0,2026-04-23 16:04:17,0.035398230088495575,0.00014688025275586884,0.5769230769230769,1.0,30.07,추천,6.5
경상북도,영양군,전국 주요 지역,건설/공사,40,950595004.0,23764875.1,2026-04-17 18:25:48,0.05752212389380531,7.85534935005659e-05,0.5172413793103449,1.0,30.06,제외,3.5
전라북도,진안군,전국 주요 지역,전문용역/컨설팅,12,1816890000.0,151407500.0,2026-04-27 16:04:53,0.016224188790560472,0.0001501407604770487,0.625,1.0,30.03,추천,12.9
경상남도,창원시,전국 주요 지역,시설유지보수,26,434030613.0,16693485.115384616,2026-04-22 13:47:48,0.03687315634218289,3.586661069527579e-05,0.5660377358490566,1.0,29.97,추천,2.5
전라북도,순창군,전국 주요 지역,시설유지보수,34,25069076697.0,737325785.2058823,2026-05-15 21:22:52,0.048672566371681415,0.0020716115118389338,1.0,0.647,29.94,추천,8.4
경상남도,합천군,전국 주요 지역,폐기물/환경,30,3351724000.0,111724133.33333333,2026-04-20 18:17:01,0.04277286135693215,0.000276973504322868,0.5454545454545454,1.0,29.9,제외,3.3
경상북도,구미시,전국 주요 지역,인쇄/홍보물,9,1744963000.0,193884777.7777778,2026-04-27 13:31:37,0.011799410029498525,0.00014419699146580824,0.625,1.0,29.85,데이터부족,11.3
경상북도,영천시,전국 주요 지역,건설/공사,27,7083146000.0,262338740.74074075,2026-04-29 09:19:11,0.038348082595870206,0.0005853237824028784,0.6521739130434783,0.926,29.85,제외,4.2
경상북도,성주군,전국 주요 지역,인쇄/홍보물,2,1453561690.0,726780845.0,2026-04-29 10:44:59,0.0014749262536873156,0.00012011671457099997,0.6521739130434783,1.0,29.84,데이터부족,11.5
경상남도,함양군,전국 주요 지역,기타/미분류,23,10931835998.0,475297217.3043478,2026-04-22 11:20:07,0.032448377581120944,0.0009033646341551205,0.5660377358490566,1.0,29.81,제외,21.1
경상북도,영주시,전국 주요 지역,시설유지보수,8,164726000.0,20590750.0,2026-04-27 10:41:48,0.01032448377581121,1.3612319353589005e-05,0.625,1.0,29.79,데이터부족,8.8
전라남도,담양군,전국 주요 지역,폐기물/환경,20,2426704000.0,121335200.0,2026-04-23 10:18:57,0.028023598820058997,0.0002005334302091464,0.5769230769230769,1.0,29.78,제외,3.6
경상북도,경산시,전국 주요 지역,건설/공사,17,560153000.0,32950176.470588237,2026-04-24 13:35:32,0.02359882005899705,4.628887681890498e-05,0.5882352941176471,1.0,29.77,제외,4.1
경상북도,안동시,전국 주요 지역,IT장비/전산,4,185602000.0,46400500.0,2026-04-28 10:15:41,0.004424778761061947,1.533743122922202e-05,0.6382978723404256,1.0,29.75,데이터부족,2.8
경상북도,경주시,전국 주요 지역,기타/미분류,4,549100000.0,137275000.0,2026-04-28 17:56:38,0.004424778761061947,4.5375499660379795e-05,0.6382978723404256,1.0,29.75,제외,7.2
전라북도,남원시,전국 주요 지역,교육물품/교구,27,2434281490.0,90158573.7037037,2026-04-20 16:24:10,0.038348082595870206,0.00020115960466720784,0.5454545454545454,1.0,29.72,추천,13.9
경상북도,봉화군,전국 주요 지역,전문용역/컨설팅,3,43862000.0,14620666.666666666,2026-04-28 15:58:27,0.0029498525073746312,3.624585988168965e-06,0.6382978723404256,1.0,29.69,데이터부족,0.0
경상남도,남해군,전국 주요 지역,폐기물/환경,6,499172220.0,83195370.0,2026-04-27 13:56:40,0.007374631268436578,4.124966108009657e-05,0.625,1.0,29.67,제외,5.0
경상북도,울진군,전국 주요 지역,교육물품/교구,6,387600000.0,64600000.0,2026-04-27 14:26:39,0.007374631268436578,3.2029764466150445e-05,0.625,1.0,29.67,데이터부족,11.3
경상북도,울진군,전국 주요 지역,IT장비/전산,2,24240000.0,12120000.0,2026-04-28 10:16:01,0.0014749262536873156,2.003099821102907e-06,0.6382978723404256,1.0,29.63,데이터부족,0.0
경상북도,의성군,전국 주요 지역,건설/공사,48,1763603300.0,36741735.416666664,2026-04-08 15:35:24,0.06932153392330384,0.00014573735374284226,0.44776119402985076,1.0,29.49,제외,1.5
경상북도,영양군,전국 주요 지역,시설유지보수,2,3276000.0,1638000.0,2026-04-27 11:09:54,0.0014749262536873156,2.7071596592133347e-07,0.625,1.0,29.43,데이터부족,15.0
경상남도,통영시,전국 주요 지역,기타/미분류,2,77536000.0,38768000.0,2026-04-27 13:26:06,0.0014749262536873156,6.4072750713298265e-06,0.625,1.0,29.43,제외,7.0
경상남도,하동군,전국 주요 지역,청소/환경미화,1,5610000.0,5610000.0,2026-04-27 13:21:10,0.0,4.635886962205985e-07,0.625,1.0,29.38,데이터부족,0.0
경상남도,함양군,전국 주요 지역,건설/공사,30,1065388093.0,35512936.43333333,2026-04-16 14:45:00,0.04277286135693215,8.803955026788231e-05,0.5084745762711864,1.0,29.34,제외,3.6
경상남도,거제시,전국 주요 지역,시설유지보수,15,158523214.0,10568214.266666668,2026-04-22 11:17:39,0.02064896755162242,1.3099745115678955e-05,0.5660377358490566,1.0,29.32,추천,0.0
전라북도,남원시,전국 주요 지역,차량/운송,35,3497395000.0,99925571.42857143,2026-04-13 20:36:03,0.05014749262536873,0.0002890111921958004,0.48387096774193555,1.0,29.27,추천,7.3
전라북도,완주군,전국 주요 지역,청소/환경미화,44,3037278000.0,69029045.45454545,2026-04-08 17:25:01,0.06342182890855458,0.0002509889034009817,0.44776119402985076,1.0,29.26,추천,6.3
경상북도,울진군,전국 주요 지역,시설유지보수,16,222158550.0,13884909.375,2026-04-21 15:31:46,0.022123893805309734,1.835832309247035e-05,0.5555555555555556,1.0,29.22,추천,5.4
전라북도,전라북도,전국 주요 지역,급수/전기/설비,55,16471432070.0,299480583.09090906,2026-03-31 10:37:30,0.07964601769911504,0.0013611354221421488,0.4,1.0,29.22,추천,12.5
전라남도,무안군,전국 주요 지역,시설유지보수,16,236330510.0,14770656.875,2026-04-21 15:31:54,0.022123893805309734,1.9529439038867936e-05,0.5555555555555556,1.0,29.22,추천,0.2
경상남도,진주시,전국 주요 지역,폐기물/환경,51,1877446171.0,36812670.01960784,2026-04-03 12:02:25,0.07374631268436578,0.00015514488817081014,0.4166666666666667,1.0,29.2,제외,1.6
제주특별자치도,제주특별자치도,전국 주요 지역,급수/전기/설비,17,23769661599.0,1398215388.1764705,2026-04-20 10:17:29,0.02359882005899705,0.001964232875273661,0.5454545454545454,1.0,29.17,추천,10.2
경상남도,밀양시,전국 주요 지역,시설유지보수,15,317650000.0,21176666.666666668,2026-04-21 17:50:16,0.02064896755162242,2.6249367086358847e-05,0.5555555555555556,1.0,29.16,추천,0.7
전라북도,장수군,전국 주요 지역,건설/공사,36,9507308000.0,264091888.8888889,2026-04-16 09:18:02,0.051622418879056046,0.0007856471515664289,0.5084745762711864,0.972,29.15,제외,10.4
전라남도,전라남도,전국 주요 지역,전문용역/컨설팅,42,5362779260.0,127685220.47619048,2026-04-08 10:49:54,0.06047197640117994,0.0004431593307062863,0.44776119402985076,1.0,29.15,추천,9.7
경상남도,함안군,전국 주요 지역,건설/공사,42,2461457300.0,58606126.190476194,2026-04-08 14:22:10,0.06047197640117994,0.0002034053084687477,0.44776119402985076,1.0,29.14,제외,2.4
전라남도,영광군,전국 주요 지역,기타/미분류,6,5133646000.0,855607666.6666666,2026-04-24 15:32:10,0.007374631268436578,0.00042422464456293954,0.5882352941176471,1.0,29.13,제외,8.7
제주특별자치도,제주특별자치도,전국 주요 지역,급식/식자재,9,1159100002.0,128788889.1111111,2026-04-23 13:40:05,0.011799410029498525,9.578353987815921e-05,0.5769230769230769,1.0,29.13,데이터부족,10.4
제주특별자치도,제주특별자치도,전국 주요 지역,전문용역/컨설팅,11,2538910010.0,230810000.9090909,2026-04-22 10:11:34,0.014749262536873156,0.0002098057007767071,0.5660377358490566,1.0,29.09,추천,15.4
전라북도,전라북도,전국 주요 지역,조경/녹지관리,11,613572800.0,55779345.45454545,2026-04-22 15:20:44,0.014749262536873156,5.070328242217862e-05,0.5660377358490566,1.0,29.08,추천,10.8
전라북도,부안군,전국 주요 지역,청소/환경미화,8,1337816000.0,167227000.0,2026-04-23 11:07:42,0.01032448377581121,0.00011055193854243427,0.5769230769230769,1.0,29.07,데이터부족,12.9
전라북도,진안군,전국 주요 지역,의료/복지용품,4,1848652000.0,462163000.0,2026-04-24 14:28:44,0.004424778761061947,0.0001527654492772909,0.5882352941176471,1.0,29.0,데이터부족,23.2
경상남도,하동군,전국 주요 지역,건설/공사,36,1106931899.0,30748108.305555556,2026-04-10 09:18:32,0.051622418879056046,9.14725696724423e-05,0.46153846153846145,1.0,28.99,제외,1.2
경상북도,포항시,전국 주요 지역,폐기물/환경,14,798101302.0,57007235.85714286,2026-04-20 09:19:52,0.019174041297935103,6.595200392979362e-05,0.5454545454545454,1.0,28.95,제외,2.2
전라남도,여수시,전국 주요 지역,기타/미분류,6,1141494120.0,190249020.0,2026-04-23 18:08:19,0.007374631268436578,9.432865790272361e-05,0.5769230769230769,1.0,28.95,제외,16.0
전라북도,정읍시,전국 주요 지역,시설유지보수,92,16330870631.0,177509463.38043478,2026-02-05 14:53:37,0.13421828908554573,0.0013495199686225584,0.23255813953488372,1.0,28.89,추천,6.8
전라북도,진안군,전국 주요 지역,기타/미분류,24,3680991000.0,153374625.0,2026-04-15 11:28:15,0.03392330383480826,0.0003041828553457678,0.5,1.0,28.86,제외,8.7
경상남도,창원시,전국 주요 지역,급수/전기/설비,7,48892000.0,6984571.428571428,2026-04-22 14:58:39,0.008849557522123894,4.040245728274065e-06,0.5660377358490566,1.0,28.84,데이터부족,0.0
전라북도,고창군,전국 주요 지역,IT장비/전산,12,2179660000.0,181638333.33333334,2026-04-20 18:12:26,0.016224188790560472,0.0001801186698046684,0.5454545454545454,1.0,28.84,추천,8.7
경상북도,의성군,전국 주요 지역,급수/전기/설비,12,518838000.0,43236500.0,2026-04-20 18:15:34,0.016224188790560472,4.287476505698804e-05,0.5454545454545454,1.0,28.83,추천,2.0
전라남도,담양군,전국 주요 지역,전문용역/컨설팅,4,381883000.0,95470750.0,2026-04-23 14:46:53,0.004424778761061947,3.155733370388785e-05,0.5769230769230769,1.0,28.83,데이터부족,11.5
경상북도,구미시,전국 주요 지역,IT장비/전산,4,92169000.0,23042250.0,2026-04-23 09:20:28,0.004424778761061947,7.616489579671363e-06,0.5769230769230769,1.0,28.83,데이터부족,0.0
전라남도,고흥군,전국 주요 지역,IT장비/전산,21,3923291304.0,186823395.42857143,2026-04-16 15:50:07,0.029498525073746312,0.00032420561506505736,0.5084745762711864,1.0,28.82,추천,14.2
경상남도,진주시,전국 주요 지역,급수/전기/설비,6,74764400.0,12460733.333333334,2026-04-22 16:32:08,0.007374631268436578,6.178240770002731e-06,0.5660377358490566,1.0,28.79,데이터부족,0.3
전라북도,완주군,전국 주요 지역,보험/금융,11,632573740.0,57506703.63636363,2026-04-20 13:22:02,0.014749262536873156,5.2273446593580726e-05,0.5454545454545454,1.0,28.77,추천,5.0
경상북도,청송군,전국 주요 지역,전문용역/컨설팅,3,79860000.0,26620000.0,2026-04-23 10:41:08,0.0029498525073746312,6.599321440316756e-06,0.5769230769230769,1.0,28.77,데이터부족,0.0
전라북도,고창군,전국 주요 지역,행사/운영용역,20,7371879660.0,368593983.0,2026-04-16 13:23:20,0.028023598820058997,0.0006091836150222013,0.5084745762711864,1.0,28.76,추천,16.6
경상북도,안동시,전국 주요 지역,폐기물/환경,22,2377829410.0,108083155.0,2026-04-15 14:31:05,0.030973451327433628,0.0001964946231759171,0.5,1.0,28.74,제외,3.4
전라남도,영암군,전국 주요 지역,시설유지보수,14,387047960.0,27646282.85714286,2026-04-27 15:07:52,0.019174041297935103,3.1984146016264235e-05,0.625,0.929,28.72,추천,0.9
경상북도,영천시,전국 주요 지역,시설유지보수,20,503663890.0,25183194.5,2026-04-15 16:22:53,0.028023598820058997,4.162083531167468e-05,0.5,1.0,28.62,추천,0.4
경상북도,칠곡군,전국 주요 지역,IT장비/전산,3,19545000.0,6515000.0,2026-04-22 16:57:34,0.0029498525073746312,1.6151231849610692e-06,0.5660377358490566,1.0,28.61,데이터부족,1.0
전라북도,익산시,전국 주요 지역,의료/복지용품,3,120286000.0,40095333.333333336,2026-04-22 10:05:18,0.0029498525073746312,9.939969681567007e-06,0.5660377358490566,1.0,28.61,데이터부족,5.7
전라북도,부안군,전국 주요 지역,IT장비/전산,17,5244198200.0,308482247.0588235,2026-04-15 22:57:32,0.02359882005899705,0.00043336025067030476,0.5084745762711864,1.0,28.58,추천,10.2
전라북도,진안군,전국 주요 지역,행사/운영용역,19,5366660480.0,282455814.7368421,2026-04-15 11:38:17,0.02654867256637168,0.00044348005971155287,0.5,1.0,28.57,추천,13.0
전라남도,순천시,전국 주요 지역,시설유지보수,23,401220280.0,17444360.0,2026-04-13 13:37:54,0.032448377581120944,3.315529171166907e-05,0.48387096774193555,1.0,28.56,추천,0.6
경상남도,함안군,전국 주요 지역,기타/미분류,31,10106048000.0,326001548.38709676,2026-04-08 14:16:37,0.04424778761061947,0.0008351247087812455,0.44776119402985076,1.0,28.51,제외,6.7
경상남도,양산시,전국 주요 지역,건설/공사,31,571544479.0,18436918.677419353,2026-04-08 09:09:25,0.04424778761061947,4.723022457249398e-05,0.44776119402985076,1.0,28.49,제외,1.0
전라북도,임실군,전국 주요 지역,차량/운송,17,1906118220.0,112124601.1764706,2026-04-15 14:59:51,0.02359882005899705,0.0001575142353747109,0.5,1.0,28.45,추천,6.1
전라남도,장성군,전국 주요 지역,시설유지보수,21,176005940.0,8381235.238095238,2026-04-13 16:43:20,0.029498525073746312,1.4544449955736344e-05,0.48387096774193555,1.0,28.44,추천,0.0
전라북도,임실군,전국 주요 지역,청소/환경미화,4,133093000.0,33273250.0,2026-04-20 13:41:38,0.004424778761061947,1.0998290614275958e-05,0.5454545454545454,1.0,28.36,데이터부족,6.0
경상남도,합천군,전국 주요 지역,급수/전기/설비,11,142604000.0,12964000.0,2026-04-17 18:11:43,0.014749262536873156,1.1784242858438901e-05,0.5172413793103449,1.0,28.35,추천,1.4
전라남도,순천시,전국 주요 지역,전문용역/컨설팅,3,404300000.0,134766666.66666666,2026-04-20 18:03:46,0.0029498525073746312,3.340978785775187e-05,0.5454545454545454,1.0,28.3,데이터부족,6.7
경상북도,울진군,전국 주요 지역,행사/운영용역,2,73800000.0,36900000.0,2026-04-20 17:15:41,0.0014749262536873156,6.098546485041029e-06,0.5454545454545454,1.0,28.24,데이터부족,0.0
경상북도,안동시,전국 주요 지역,행사/운영용역,2,34684000.0,17342000.0,2026-04-20 15:04:54,0.0014749262536873156,2.8661515757068164e-06,0.5454545454545454,1.0,28.24,데이터부족,0.0
경상북도,구미시,전국 주요 지역,시설유지보수,15,315617000.0,21041133.333333332,2026-04-14 14:10:55,0.02064896755162242,2.60813678315609e-05,0.49180327868852464,1.0,28.2,추천,0.3
전라남도,곡성군,전국 주요 지역,시설유지보수,29,804202360.0,27731115.862068966,2026-04-06 17:53:50,0.04129793510324484,6.645617175934553e-05,0.4347826086956522,1.0,28.18,추천,0.6
전라남도,전라남도,전국 주요 지역,청소/환경미화,16,10712360870.0,669522554.375,2026-04-13 15:03:34,0.022123893805309734,0.0008852280586751972,0.48387096774193555,1.0,28.17,추천,9.2
경상북도,경상북도,전국 주요 지역,의료/복지용품,25,4912527687.0,196501107.48,2026-04-08 16:44:16,0.035398230088495575,0.00040595228263171524,0.44776119402985076,1.0,28.14,추천,6.5
전라남도,함평군,전국 주요 지역,폐기물/환경,14,1841012000.0,131500857.14285715,2026-04-13 18:01:18,0.019174041297935103,0.00015213410923466605,0.48387096774193555,1.0,28.03,제외,5.0
전라북도,무주군,전국 주요 지역,보험/금융,5,1085808410.0,217161682.0,2026-04-17 13:20:42,0.0058997050147492625,8.97270062633264e-05,0.5172413793103449,1.0,28.0,데이터부족,6.4
경상북도,성주군,전국 주요 지역,시설유지보수,12,152620000.0,12718333.333333334,2026-04-13 17:15:51,0.016224188790560472,1.2611926348874822e-05,0.48387096774193555,1.0,27.91,추천,0.3
경상남도,창녕군,전국 주요 지역,폐기물/환경,19,1030543000.0,54239105.2631579,2026-04-09 09:13:43,0.02654867256637168,8.516008658988669e-05,0.45454545454545453,1.0,27.88,제외,2.1
경상북도,문경시,전국 주요 지역,IT장비/전산,5,232004300.0,46400860.0,2026-04-16 17:48:39,0.0058997050147492625,1.9171937781563744e-05,0.5084745762711864,1.0,27.86,데이터부족,4.8
경상남도,밀양시,전국 주요 지역,급수/전기/설비,5,69770000.0,13954000.0,2026-04-16 15:44:33,0.0058997050147492625,5.765522876169548e-06,0.5084745762711864,1.0,27.86,데이터부족,0.6
경상남도,합천군,전국 주요 지역,보험/금융,2,16192000.0,8096000.0,2026-04-17 17:48:50,0.0014749262536873156,1.3380442369347471e-06,0.5172413793103449,1.0,27.82,데이터부족,2.5
전라남도,나주시,전국 주요 지역,행사/운영용역,2,359877000.0,179938500.0,2026-04-17 11:26:19,0.0014749262536873156,2.9738842999960845e-05,0.5172413793103449,1.0,27.82,데이터부족,5.0
경상북도,영천시,전국 주요 지역,IT장비/전산,2,10685430.0,5342715.0,2026-04-17 15:23:18,0.0014749262536873156,8.830025957676418e-07,0.5172413793103449,1.0,27.82,데이터부족,1.0
전라남도,순천시,전국 주요 지역,급수/전기/설비,8,91667000.0,11458375.0,2026-04-14 15:20:57,0.01032448377581121,7.575006241792086e-06,0.49180327868852464,1.0,27.79,데이터부족,0.0
경상북도,상주시,전국 주요 지역,의료/복지용품,3,544832000.0,181610666.66666666,2026-04-16 10:13:49,0.0029498525073746312,4.5022808652274716e-05,0.5084745762711864,1.0,27.75,데이터부족,7.7
전라북도,장수군,전국 주요 지역,행사/운영용역,16,5111981000.0,319498812.5,2026-04-09 11:33:07,0.022123893805309734,0.0004224343327797632,0.45454545454545453,1.0,27.71,추천,10.1
경상북도,예천군,전국 주요 지역,의료/복지용품,2,216216000.0,108108000.0,2026-04-16 10:09:55,0.0014749262536873156,1.786725375080801e-05,0.5084745762711864,1.0,27.69,데이터부족,7.5
전라남도,나주시,전국 주요 지역,IT장비/전산,8,153724000.0,19215500.0,2026-04-13 10:01:54,0.01032448377581121,1.2703156637756736e-05,0.48387096774193555,1.0,27.67,데이터부족,1.4
경상북도,경주시,전국 주요 지역,폐기물/환경,17,470554860.0,27679697.647058822,2026-04-08 15:14:19,0.02359882005899705,3.8884833163576876e-05,0.44776119402985076,1.0,27.66,제외,0.6
경상북도,상주시,전국 주요 지역,IT장비/전산,20,3989535150.0,199476757.5,2026-04-06 17:00:45,0.028023598820058997,0.000329679750216533,0.4347826086956522,1.0,27.65,추천,4.4
전라북도,무주군,전국 주요 지역,행사/운영용역,18,2977065380.0,165392521.1111111,2026-04-07 16:17:30,0.025073746312684365,0.0002460131654327417,0.4411764705882353,1.0,27.63,추천,12.8
전라북도,전주시,전국 주요 지역,건설/공사,101,64590584238.0,639510735.029703,2026-01-02 16:45:00,0.14749262536873156,0.005337515995547444,0.18404907975460122,0.941,27.61,제외,10.1
전라남도,화순군,전국 주요 지역,시설유지보수,25,655785844.0,26231433.76,2026-04-02 13:54:14,0.035398230088495575,5.4191605065933124e-05,0.410958904109589,1.0,27.58,추천,3.3
전라북도,김제시,전국 주요 지역,인쇄/홍보물,2,247335000.0,123667500.0,2026-04-15 12:42:28,0.0014749262536873156,2.043880751866698e-05,0.5,1.0,27.56,데이터부족,10.0
전라남도,함평군,전국 주요 지역,시설유지보수,13,297313970.0,22870305.384615384,2026-04-09 14:38:56,0.017699115044247787,2.456887624250805e-05,0.45454545454545453,1.0,27.53,추천,0.6
경상남도,거제시,전국 주요 지역,행사/운영용역,1,16275001.0,16275001.0,2026-04-15 11:44:30,0.0,1.3449031184632687e-06,0.5,1.0,27.5,데이터부족,0.0
전라남도,영광군,전국 주요 지역,IT장비/전산,1,5291000.0,5291000.0,2026-04-15 15:17:33,0.0,4.372277703570743e-07,0.5,1.0,27.5,데이터부족,1.0
경상남도,밀양시,전국 주요 지역,경비/보안,1,8400000.0,8400000.0,2026-04-15 10:52:18,0.0,6.941435023623935e-07,0.5,1.0,27.5,데이터부족,0.0
전라남도,해남군,전국 주요 지역,폐기물/환경,27,2450866000.0,90772814.81481482,2026-03-30 14:54:14,0.038348082595870206,0.0002025300844120131,0.39473684210526316,1.0,27.46,제외,2.2
전라북도,김제시,전국 주요 지역,의료/복지용품,3,1915329240.0,638443080.0,2026-04-13 12:32:57,0.0029498525073746312,0.00015827539843222635,0.48387096774193555,1.0,27.38,데이터부족,19.7
경상남도,김해시,전국 주요 지역,전문용역/컨설팅,1,30000000.0,30000000.0,2026-04-14 14:22:31,0.0,2.4790839370085484e-06,0.49180327868852464,1.0,27.38,데이터부족,0.0
경상북도,영천시,전국 주요 지역,기타/미분류,10,4227650200.0,422765020.0,2026-04-09 16:40:49,0.01327433628318584,0.0003493566567370326,0.45454545454545453,1.0,27.36,제외,23.1
경상남도,합천군,전국 주요 지역,IT장비/전산,10,2310378874.0,231037887.4,2026-04-09 09:32:45,0.01327433628318584,0.00019092077183124323,0.45454545454545453,1.0,27.35,추천,3.9
경상북도,경상북도,전국 주요 지역,조경/녹지관리,10,1565402400.0,156540240.0,2026-04-09 09:50:53,0.01327433628318584,0.00012935879815982102,0.45454545454545453,1.0,27.35,추천,6.8
경상북도,고령군,전국 주요 지역,폐기물/환경,13,1039526730.0,79963594.61538461,2026-04-07 09:19:39,0.017699115044247787,8.590246728113408e-05,0.4411764705882353,1.0,27.33,제외,2.1
경상남도,고성군,전국 주요 지역,건설/공사,2,2161290200.0,1080645100.0,2026-04-13 17:15:34,0.0014749262536873156,0.0001786006606011331,0.48387096774193555,1.0,27.32,제외,30.0
전라남도,완도군,전국 주요 지역,청소/환경미화,1,265452000.0,265452000.0,2026-04-13 14:42:25,0.0,2.193592630822644e-05,0.48387096774193555,1.0,27.26,데이터부족,7.0
전라북도,임실군,전국 주요 지역,전문용역/컨설팅,8,1463000000.0,182875000.0,2026-04-09 13:31:51,0.01032448377581121,0.00012089665999478355,0.45454545454545453,1.0,27.23,데이터부족,9.1
전라남도,여수시,전국 주요 지역,전문용역/컨설팅,6,1605300000.0,267550000.0,2026-04-10 18:21:13,0.007374631268436578,0.00013265578146932742,0.46153846153846145,1.0,27.22,데이터부족,17.0
경상남도,의령군,전국 주요 지역,IT장비/전산,9,292023000.0,32447000.0,2026-04-08 13:29:07,0.011799410029498525,2.413165095123491e-05,0.44776119402985076,1.0,27.19,데이터부족,0.8
전라남도,순천시,전국 주요 지역,기타/미분류,18,9020857000.0,501158722.2222222,2026-04-02 09:50:33,0.025073746312684365,0.0007454487228917041,0.410958904109589,1.0,27.19,제외,11.3
경상남도,함양군,전국 주요 지역,보험/금융,5,68210000.0,13642000.0,2026-04-10 11:40:11,0.0058997050147492625,5.636610511445103e-06,0.46153846153846145,1.0,27.16,데이터부족,1.6
경상남도,사천시,전국 주요 지역,건설/공사,8,140149000.0,17518625.0,2026-04-08 16:07:54,0.01032448377581121,1.1581371156260368e-05,0.44776119402985076,1.0,27.13,제외,0.0
전라남도,순천시,전국 주요 지역,건설/공사,52,4323923440.0,83152373.84615384,2026-02-24 09:57:30,0.0752212389380531,0.0003573123048319582,0.27272727272727276,1.0,27.11,제외,4.4
경상남도,창녕군,전국 주요 지역,보험/금융,6,47564000.0,7927333.333333333,2026-04-09 09:18:49,0.007374631268436578,3.93050494599582e-06,0.45454545454545453,1.0,27.11,데이터부족,0.0
경상북도,문경시,전국 주요 지역,전문용역/컨설팅,5,98470000.0,19694000.0,2026-04-09 10:34:45,0.0058997050147492625,8.137179842574393e-06,0.45454545454545453,1.0,27.05,데이터부족,0.0
전라남도,고흥군,전국 주요 지역,전문용역/컨설팅,3,914820000.0,304940000.0,2026-04-10 17:56:59,0.0029498525073746312,7.559718557513867e-05,0.46153846153846145,1.0,27.04,데이터부족,8.7
경상북도,경주시,전국 주요 지역,전문용역/컨설팅,4,32879000.0,8219750.0,2026-04-09 18:52:41,0.004424778761061947,2.7169933588301353e-06,0.45454545454545453,1.0,27.0,데이터부족,0.0
경상남도,밀양시,전국 주요 지역,IT장비/전산,7,134097000.0,19156714.285714287,2026-04-07 17:57:10,0.008849557522123894,1.108125729003451e-05,0.4411764705882353,1.0,26.97,데이터부족,0.0
경상북도,예천군,전국 주요 지역,IT장비/전산,16,408892001.0,25555750.0625,2026-04-01 13:02:58,0.022123893805309734,3.3789253055012774e-05,0.4054054054054054,1.0,26.97,추천,1.9
경상남도,산청군,전국 주요 지역,시설유지보수,7,1000984000.0,142997714.2857143,2026-04-07 17:42:14,0.008849557522123894,8.271744518675216e-05,0.4411764705882353,1.0,26.97,데이터부족,9.9
경상남도,하동군,전국 주요 지역,시설유지보수,13,194393000.0,14953307.692307692,2026-04-03 09:57:38,0.017699115044247787,1.6063885458896758e-05,0.4166666666666667,1.0,26.96,추천,0.8
전라북도,부안군,전국 주요 지역,보험/금융,8,2891606470.0,361450808.75,2026-04-06 09:12:21,0.01032448377581121,0.0002389511717308997,0.4347826086956522,1.0,26.94,데이터부족,4.8
전라남도,함평군,전국 주요 지역,IT장비/전산,3,37014289.0,12338096.333333334,2026-04-09 17:38:34,0.0029498525073746312,3.0587176433230734e-06,0.45454545454545453,1.0,26.94,데이터부족,0.0
경상북도,의성군,전국 주요 지역,행사/운영용역,1,15800000.0,15800000.0,2026-04-10 10:57:34,0.0,1.3056508734911688e-06,0.46153846153846145,1.0,26.92,데이터부족,0.0
전라남도,보성군,전국 주요 지역,시설유지보수,16,294739434.0,18421214.625,2026-03-31 09:51:12,0.022123893805309734,2.4356126547746374e-05,0.4,1.0,26.89,추천,0.1
전라남도,강진군,전국 주요 지역,기타/미분류,14,12362248050.0,883017717.8571428,2026-04-01 11:30:10,0.019174041297935103,0.0010215683522023416,0.4054054054054054,1.0,26.87,제외,11.2
전라남도,고흥군,전국 주요 지역,시설유지보수,19,1852905360.0,97521334.73684211,2026-04-09 10:13:51,0.02654867256637168,0.00015311693049243472,0.45454545454545453,0.947,26.82,추천,1.1
제주특별자치도,제주특별자치도,전국 주요 지역,교육물품/교구,2,419378330.0,209689165.0,2026-04-08 14:48:00,0.0014749262536873156,3.4655802714415675e-05,0.44776119402985076,1.0,26.78,데이터부족,11.5
경상북도,성주군,전국 주요 지역,조경/녹지관리,5,53504000.0,10700800.0,2026-04-06 13:42:18,0.0058997050147492625,4.4213635655235125e-06,0.4347826086956522,1.0,26.76,데이터부족,0.0
경상남도,사천시,전국 주요 지역,급수/전기/설비,11,95074690.0,8643153.636363637,2026-04-02 17:09:56,0.014749262536873156,7.856604559835576e-06,0.410958904109589,1.0,26.75,추천,0.5
전라남도,영광군,전국 주요 지역,건설/공사,10,666344001.0,66634400.1,2026-04-02 17:30:03,0.01327433628318584,5.506409031337027e-05,0.410958904109589,1.0,26.7,제외,9.1
전라남도,해남군,전국 주요 지역,전문용역/컨설팅,4,36090000.0,9022500.0,2026-04-06 10:52:57,0.004424778761061947,2.9823379762212835e-06,0.4347826086956522,1.0,26.7,데이터부족,0.0
경상남도,합천군,전국 주요 지역,전문용역/컨설팅,2,316850000.0,158425000.0,2026-04-07 16:33:04,0.0014749262536873156,2.6183258181371952e-05,0.4411764705882353,1.0,26.68,데이터부족,20.5
경상남도,의령군,전국 주요 지역,전문용역/컨설팅,8,1871933000.0,233991625.0,2026-04-03 16:00:38,0.01032448377581121,0.00015468930104854076,0.4166666666666667,1.0,26.67,데이터부족,14.0
경상북도,경상북도,전국 주요 지역,보험/금융,8,316331000.0,39541375.0,2026-04-03 10:21:48,0.01032448377581121,2.6140370029261704e-05,0.4166666666666667,1.0,26.66,데이터부족,2.9
전라북도,장수군,전국 주요 지역,IT장비/전산,11,3509991000.0,319090090.90909094,2026-03-31 09:06:38,0.014749262536873156,0.00029005207690481905,0.4,1.0,26.6,추천,6.5
경상북도,상주시,전국 주요 지역,기타/미분류,8,138001499.0,17250187.375,2026-04-02 15:29:08,0.01032448377581121,1.1403909981800042e-05,0.410958904109589,1.0,26.58,제외,0.0
경상북도,경산시,전국 주요 지역,시설유지보수,10,3759729600.0,375972960.0,2026-03-31 15:49:39,0.01327433628318584,0.00031068950862851914,0.4,1.0,26.54,추천,2.2
전라남도,화순군,전국 주요 지역,기타/미분류,5,99354260.0,19870852.0,2026-04-03 16:41:30,0.0058997050147492625,8.210251667979031e-06,0.4166666666666667,1.0,26.49,제외,3.4
경상남도,거제시,전국 주요 지역,전문용역/컨설팅,9,871245000.0,96805000.0,2026-03-31 15:34:10,0.011799410029498525,7.199631615663376e-05,0.4,1.0,26.47,데이터부족,8.1
전라남도,여수시,전국 주요 지역,시설유지보수,6,915911000.0,152651833.33333334,2026-04-02 13:47:26,0.007374631268436578,7.568734159431456e-05,0.410958904109589,1.0,26.46,데이터부족,13.0
전라남도,함평군,전국 주요 지역,건설/공사,6,128941000.0,21490166.666666668,2026-04-01 17:33:12,0.007374631268436578,1.0655185397393974e-05,0.4054054054054054,1.0,26.38,제외,0.0
경상북도,울진군,전국 주요 지역,전문용역/컨설팅,3,34400000.0,11466666.666666666,2026-04-03 14:27:52,0.0029498525073746312,2.842682914436469e-06,0.4166666666666667,1.0,26.37,데이터부족,0.0
전라남도,무안군,전국 주요 지역,전문용역/컨설팅,4,548701000.0,137175250.0,2026-04-02 20:57:22,0.004424778761061947,4.534252784401758e-05,0.410958904109589,1.0,26.34,데이터부족,10.0
전라남도,해남군,전국 주요 지역,IT장비/전산,5,281752000.0,56350400.0,2026-04-01 15:00:07,0.0058997050147492625,2.3282895247334417e-05,0.4054054054054054,1.0,26.32,데이터부족,1.6
경상북도,구미시,전국 주요 지역,행사/운영용역,5,826800000.0,165360000.0,2026-04-01 17:26:52,0.0058997050147492625,6.83235533039556e-05,0.4054054054054054,1.0,26.32,데이터부족,8.0
전라북도,전라북도,전국 주요 지역,청소/환경미화,38,5994139307.0,157740508.07894737,2026-02-24 18:35:55,0.05457227138643068,0.0004953324824058417,0.27272727272727276,1.0,26.29,추천,6.6
경상남도,사천시,전국 주요 지역,IT장비/전산,3,56196000.0,18732000.0,2026-04-02 16:36:50,0.0029498525073746312,4.643820030804413e-06,0.410958904109589,1.0,26.28,데이터부족,0.0
전라북도,고창군,전국 주요 지역,청소/환경미화,2,118800000.0,59400000.0,2026-04-02 08:33:16,0.0014749262536873156,9.817172390553851e-06,0.410958904109589,1.0,26.22,데이터부족,6.5
전라남도,무안군,전국 주요 지역,보험/금융,6,34738000.0,5789666.666666667,2026-03-30 16:11:06,0.007374631268436578,2.870613926793432e-06,0.39473684210526316,1.0,26.22,데이터부족,0.3
전라남도,해남군,전국 주요 지역,행사/운영용역,3,74725000.0,24908333.333333332,2026-04-01 14:54:17,0.0029498525073746312,6.174984906432126e-06,0.4054054054054054,1.0,26.2,데이터부족,4.3
경상북도,경산시,전국 주요 지역,조경/녹지관리,3,77748000.0,25916000.0,2026-04-01 14:24:58,0.0029498525073746312,6.424793931151354e-06,0.4054054054054054,1.0,26.2,데이터부족,0.0
경상북도,의성군,전국 주요 지역,보험/금융,3,24193000.0,8064333.333333333,2026-04-01 14:49:57,0.0029498525073746312,1.999215922934927e-06,0.4054054054054054,1.0,26.2,데이터부족,0.0
경상남도,양산시,전국 주요 지역,시설유지보수,39,582220380.0,14928727.692307692,2026-02-20 10:54:46,0.05604719764011799,4.8112439728567106e-05,0.2631578947368421,1.0,26.19,추천,0.2
경상북도,영주시,전국 주요 지역,급수/전기/설비,4,72425000.0,18106250.0,2026-03-31 11:17:00,0.004424778761061947,5.9849218045948034e-06,0.4,1.0,26.18,데이터부족,1.5
전라남도,장흥군,전국 주요 지역,IT장비/전산,1,1041494000.0,1041494000.0,2026-04-01 17:51:17,0.0,8.606503486302604e-05,0.4054054054054054,1.0,26.08,데이터부족,20.0
경상북도,봉화군,전국 주요 지역,의료/복지용품,2,90982000.0,45491000.0,2026-03-31 17:34:51,0.0014749262536873156,7.518400491897058e-06,0.4,1.0,26.06,데이터부족,3.0
경상남도,함안군,전국 주요 지역,인쇄/홍보물,3,27200000.0,9066666.666666666,2026-03-30 14:42:17,0.0029498525073746312,2.2477027695544172e-06,0.39473684210526316,1.0,26.04,데이터부족,0.3
전라북도,정읍시,전국 주요 지역,건설/공사,65,16177788427.0,248889052.7230769,2025-11-19 16:32:10,0.0943952802359882,0.001336869847523283,0.14492753623188406,1.0,25.98,제외,8.9
경상북도,영천시,전국 주요 지역,인쇄/홍보물,2,189266000.0,94633000.0,2026-03-30 10:20:58,0.0014749262536873156,1.5640210014061998e-05,0.39473684210526316,1.0,25.98,데이터부족,11.0
경상북도,영주시,전국 주요 지역,의료/복지용품,1,125640000.0,125640000.0,2026-03-30 14:03:40,0.0,1.0382403528191801e-05,0.39473684210526316,1.0,25.92,데이터부족,7.0
경상북도,안동시,전국 주요 지역,의료/복지용품,1,199638000.0,199638000.0,2026-03-30 13:51:26,0.0,1.6497311967217086e-05,0.39473684210526316,1.0,25.92,데이터부족,7.0
경상북도,구미시,전국 주요 지역,의료/복지용품,1,116650000.0,116650000.0,2026-03-30 14:13:07,0.0,9.639504708401573e-06,0.39473684210526316,1.0,25.92,데이터부족,7.0
경상북도,포항시,전국 주요 지역,청소/환경미화,1,115000000.0,115000000.0,2026-03-30 13:05:18,0.0,9.503155091866103e-06,0.39473684210526316,1.0,25.92,데이터부족,0.0
전라남도,전라남도,전국 주요 지역,차량/운송,29,2181898670.0,75237885.1724138,2026-02-23 09:47:23,0.04129793510324484,0.00018030366483257719,0.27027027027027023,1.0,25.71,추천,6.5
전라북도,전라북도,전국 주요 지역,경비/보안,28,3294940281.0,117676438.60714285,2026-02-20 14:44:03,0.03982300884955752,0.0002722811174676511,0.2631578947368421,1.0,25.55,추천,7.6
제주특별자치도,제주특별자치도,전국 주요 지역,폐기물/환경,25,30650326500.0,1226013060.0,2026-02-23 14:39:00,0.035398230088495575,0.002532824403007248,0.27027027027027023,1.0,25.53,제외,16.0
경상남도,양산시,전국 주요 지역,폐기물/환경,24,2143020290.0,89292512.08333333,2026-02-26 17:31:36,0.03392330383480826,0.0001770909059207467,0.2777777777777778,1.0,25.53,제외,3.3
전라남도,곡성군,전국 주요 지역,폐기물/환경,23,2180877110.0,94820743.91304348,2026-02-26 17:57:35,0.032448377581120944,0.00018021924706635415,0.2777777777777778,1.0,25.47,제외,2.7
전라남도,곡성군,전국 주요 지역,건설/공사,30,825957000.0,27531900.0,2026-02-12 17:55:11,0.04277286135693215,6.825389104532566e-05,0.24590163934426232,1.0,25.4,제외,1.4
전라북도,완주군,전국 주요 지역,차량/운송,25,5092315210.0,203692608.4,2026-02-19 10:17:17,0.035398230088495575,0.0004208092279765104,0.2608695652173913,1.0,25.34,추천,6.7
전라북도,김제시,전국 주요 지역,차량/운송,31,4358462000.0,140595548.38709676,2026-02-05 14:10:11,0.04424778761061947,0.0003601664378087384,0.23255813953488372,1.0,25.27,추천,5.5
경상남도,창녕군,전국 주요 지역,시설유지보수,28,1215278030.0,43402786.78571428,2026-02-10 14:22:10,0.03982300884955752,0.00010042587477241309,0.24193548387096778,1.0,25.22,추천,2.0
경상남도,경상남도,전국 주요 지역,급수/전기/설비,22,6452414600.0,293291572.72727275,2026-02-20 08:40:43,0.030973451327433628,0.0005332025796593146,0.2631578947368421,1.0,25.2,추천,-11.7
전라남도,고흥군,전국 주요 지역,폐기물/환경,31,3895678050.0,125667033.87096775,2026-02-02 14:30:00,0.04424778761061947,0.00032192376258372615,0.22727272727272727,1.0,25.19,제외,2.8
경상북도,포항시,전국 주요 지역,건설/공사,21,770956001.0,36712190.52380952,2026-02-19 16:59:29,0.029498525073746312,6.370882127398154e-05,0.2608695652173913,1.0,25.09,제외,0.4
경상북도,청송군,전국 주요 지역,폐기물/환경,25,1364555500.0,54582220.0,2026-02-10 17:35:43,0.035398230088495575,0.00011276158737355561,0.24193548387096778,1.0,25.05,제외,2.7
경상북도,청송군,전국 주요 지역,시설유지보수,28,1433110560.0,51182520.0,2026-02-03 09:08:31,0.03982300884955752,0.00011842671230844418,0.22900763358778622,1.0,25.03,추천,3.2
전라북도,전라북도,전국 주요 지역,보험/금융,24,15241101690.0,635045903.75,2026-02-09 10:28:22,0.03392330383480826,0.0012594656793997613,0.24000000000000005,1.0,24.99,추천,5.8
전라남도,진도군,전국 주요 지역,건설/공사,15,4576918700.0,305127913.3333333,2026-02-25 13:55:02,0.02064896755162242,0.00037821885433880157,0.27522935779816515,1.0,24.96,제외,2.9
경상북도,상주시,전국 주요 지역,건설/공사,47,6499444400.0,138286051.06382978,2025-11-18 09:56:19,0.06784660766961652,0.0005370889403840054,0.14423076923076922,1.0,24.89,제외,2.2
전라북도,고창군,전국 주요 지역,시설유지보수,44,32066769380.0,728790213.1818181,2025-12-31 11:21:42,0.06342182890855458,0.002649873762723852,0.18181818181818182,0.977,24.87,추천,7.6
전라남도,전라남도,전국 주요 지역,교육물품/교구,24,9134225539.0,380592730.7916667,2026-02-05 14:58:29,0.03392330383480826,0.0007548170603582716,0.23255813953488372,1.0,24.86,추천,10.6
경상북도,봉화군,전국 주요 지역,기타/미분류,24,10101222000.0,420884250.0,2026-02-04 16:48:55,0.03392330383480826,0.000834725906811912,0.23076923076923073,1.0,24.84,제외,17.0
경상북도,문경시,전국 주요 지역,조경/녹지관리,16,403011000.0,25188187.5,2026-02-20 16:56:35,0.022123893805309734,3.3303269884591735e-05,0.2631578947368421,1.0,24.83,추천,6.8
전라북도,김제시,전국 주요 지역,청소/환경미화,12,741447686.0,61787307.166666664,2026-02-25 14:40:24,0.016224188790560472,6.12703682831586e-05,0.27522935779816515,1.0,24.78,추천,5.9
전라남도,구례군,전국 주요 지역,건설/공사,12,997222000.0,83101833.33333333,2026-02-25 14:08:59,0.016224188790560472,8.240656806105129e-05,0.27522935779816515,1.0,24.78,제외,3.2
전라남도,고흥군,전국 주요 지역,건설/공사,19,1196587000.0,62978263.15789474,2026-02-12 17:03:59,0.02654867256637168,9.888132036444159e-05,0.24590163934426232,1.0,24.75,제외,3.9
전라북도,남원시,전국 주요 지역,인쇄/홍보물,14,14287390130.0,1020527866.4285715,2026-02-20 15:47:42,0.019174041297935103,0.0011806546457685824,0.2631578947368421,1.0,24.74,추천,20.9
전라북도,순창군,전국 주요 지역,보험/금융,9,1356200000.0,150688888.8888889,2026-02-26 11:41:37,0.011799410029498525,0.00011207112117903311,0.2777777777777778,1.0,24.64,데이터부족,5.4
전라북도,정읍시,전국 주요 지역,보험/금융,10,1340454160.0,134045416.0,2026-02-24 08:52:17,0.01327433628318584,0.00011076994587840956,0.27272727272727276,1.0,24.62,추천,6.8
제주특별자치도,서귀포시,전국 주요 지역,조경/녹지관리,18,1060524000.0,58918000.0,2026-02-09 15:02:47,0.025073746312684365,8.763760044040179e-05,0.24000000000000005,1.0,24.61,추천,4.8
경상남도,함안군,전국 주요 지역,폐기물/환경,18,1001303000.0,55627944.44444445,2026-02-09 16:14:36,0.025073746312684365,8.274380611261568e-05,0.24000000000000005,1.0,24.61,제외,3.2
경상남도,양산시,전국 주요 지역,IT장비/전산,12,569996099.0,47499674.916666664,2026-02-20 11:21:59,0.016224188790560472,4.710227243961448e-05,0.2631578947368421,1.0,24.6,추천,2.2
경상남도,경상남도,전국 주요 지역,급식/식자재,18,322186020.0,17899223.333333332,2026-02-09 12:26:54,0.025073746312684365,2.6624206230357164e-05,0.24000000000000005,1.0,24.6,추천,17.4
전라북도,순창군,전국 주요 지역,전문용역/컨설팅,10,1212957000.0,121295700.0,2026-02-23 20:45:57,0.01327433628318584,0.00010023407383273592,0.27027027027027023,1.0,24.59,추천,12.0
경상북도,경산시,전국 주요 지역,폐기물/환경,8,254318000.0,31789750.0,2026-02-26 11:27:57,0.01032448377581121,2.1015855623071334e-05,0.2777777777777778,1.0,24.58,제외,2.0
전라남도,강진군,전국 주요 지역,폐기물/환경,9,983920600.0,109324511.1111111,2026-02-24 16:05:42,0.011799410029498525,8.130739182506043e-05,0.27272727272727276,1.0,24.56,제외,6.2
전라남도,나주시,전국 주요 지역,건설/공사,23,637487000.0,27716826.086956523,2026-01-27 11:21:28,0.032448377581120944,5.267945939172562e-05,0.2173913043478261,1.0,24.56,제외,1.5
전라북도,순창군,전국 주요 지역,조경/녹지관리,16,993659800.0,62103737.5,2026-02-11 14:37:28,0.022123893805309734,8.211220163437089e-05,0.24390243902439027,1.0,24.55,추천,5.7
경상북도,청송군,전국 주요 지역,건설/공사,19,669946100.0,35260321.05263158,2026-02-05 13:41:03,0.02654867256637168,5.536175383905075e-05,0.23255813953488372,1.0,24.55,제외,1.1
전라남도,순천시,전국 주요 지역,폐기물/환경,19,1426986628.0,75104559.36842105,2026-02-04 14:25:17,0.02654867256637168,0.00011792065426002643,0.23076923076923073,1.0,24.53,제외,3.0
경상북도,영천시,전국 주요 지역,폐기물/환경,24,2048179570.0,85340815.41666667,2026-01-23 13:43:48,0.03392330383480826,0.00016925363573653586,0.2112676056338028,1.0,24.53,제외,2.7
전라남도,무안군,전국 주요 지역,건설/공사,21,2176358000.0,103636095.23809524,2026-01-30 08:42:47,0.029498525073746312,0.000179845805299335,0.2222222222222222,1.0,24.52,제외,3.8
전라북도,정읍시,전국 주요 지역,차량/운송,18,3321241000.0,184513388.8888889,2026-02-05 17:14:43,0.025073746312684365,0.0002744545071344736,0.23255813953488372,1.0,24.5,추천,8.2
제주특별자치도,서귀포시,전국 주요 지역,전문용역/컨설팅,10,1912283000.0,191228300.0,2026-02-20 09:08:07,0.01327433628318584,0.00015802366894381725,0.2631578947368421,1.0,24.48,추천,15.7
전라북도,순창군,전국 주요 지역,차량/운송,22,1620252270.0,73647830.45454545,2026-01-26 19:41:37,0.030973451327433628,0.0001338913792152879,0.21582733812949642,1.0,24.48,추천,8.9
경상북도,예천군,전국 주요 지역,폐기물/환경,8,772182100.0,96522762.5,2026-02-23 16:32:33,0.01032448377581121,6.381014135185095e-05,0.27027027027027023,1.0,24.47,제외,2.8
전라북도,정읍시,전국 주요 지역,청소/환경미화,26,2724328896.0,104781880.61538461,2026-01-13 14:56:22,0.03687315634218289,0.0002251280001733944,0.19736842105263158,1.0,24.44,추천,7.5
경상남도,하동군,전국 주요 지역,급수/전기/설비,14,204647200.0,14617657.142857144,2026-02-11 13:18:43,0.019174041297935103,1.6911252875792525e-05,0.24390243902439027,1.0,24.43,추천,0.3
전라북도,무주군,전국 주요 지역,청소/환경미화,9,1785131000.0,198347888.8888889,2026-02-20 14:33:20,0.011799410029498525,0.00014751631958520022,0.2631578947368421,1.0,24.42,데이터부족,5.3
전라남도,전라남도,전국 주요 지역,급식/식자재,9,1550922880.0,172324764.44444445,2026-02-20 14:16:06,0.011799410029498525,0.00012816226664490122,0.2631578947368421,1.0,24.42,데이터부족,8.2
전라북도,익산시,전국 주요 지역,보험/금융,7,1141814120.0,163116302.85714287,2026-02-23 14:12:42,0.008849557522123894,9.435510146471837e-05,0.27027027027027023,1.0,24.41,데이터부족,7.4
경상북도,예천군,전국 주요 지역,건설/공사,19,468744200.0,24670747.36842105,2026-01-30 14:57:00,0.02654867256637168,3.873520722619741e-05,0.2222222222222222,1.0,24.4,제외,1.8
경상북도,고령군,전국 주요 지역,시설유지보수,14,135149140.0,9653510.0,2026-02-10 14:44:41,0.019174041297935103,1.116820206915065e-05,0.24193548387096778,1.0,24.4,추천,0.0
경상남도,의령군,전국 주요 지역,건설/공사,26,11274256186.0,433625237.9230769,2026-02-11 09:43:00,0.03687315634218289,0.0009316609137477287,0.24390243902439027,0.962,24.4,제외,3.1
전라북도,남원시,전국 주요 지역,보험/금융,5,1409885410.0,281977082.0,2026-02-25 18:48:00,0.0058997050147492625,0.00011650747576512371,0.27522935779816515,1.0,24.37,데이터부족,5.2
전라남도,장흥군,전국 주요 지역,폐기물/환경,14,1939521940.0,138537281.42857143,2026-02-09 16:33:36,0.019174041297935103,0.0001602745895643219,0.24000000000000005,1.0,24.37,제외,4.9
전라북도,진안군,전국 주요 지역,차량/운송,14,1179156000.0,84225428.57142857,2026-02-09 18:18:51,0.019174041297935103,9.74408899609084e-05,0.24000000000000005,1.0,24.37,추천,4.5
전라남도,전라남도,전국 주요 지역,경비/보안,8,740058445.0,92507305.625,2026-02-20 10:02:06,0.01032448377581121,6.115556678156747e-05,0.2631578947368421,1.0,24.36,데이터부족,8.5
제주특별자치도,서귀포시,전국 주요 지역,방역/소독,4,291928000.0,72982000.0,2026-02-26 18:00:29,0.004424778761061947,2.4123800518767718e-05,0.2777777777777778,1.0,24.34,데이터부족,5.5
전라북도,군산시,전국 주요 지역,보험/금융,12,3176350030.0,264695835.83333334,2026-02-09 23:17:15,0.016224188790560472,0.00026248127792298737,0.24193548387096778,1.0,24.28,추천,5.3
경상남도,사천시,전국 주요 지역,행사/운영용역,4,72349000.0,18087250.0,2026-02-24 14:10:53,0.004424778761061947,5.978641458621049e-06,0.27272727272727276,1.0,24.27,데이터부족,5.2
전라북도,전라북도,전국 주요 지역,방역/소독,12,53798275480.0,4483189623.333333,2026-02-05 10:57:40,0.016224188790560472,0.004445681352707629,0.23255813953488372,1.0,24.25,추천,7.3
경상남도,경상남도,전국 주요 지역,청소/환경미화,17,793106620.0,46653330.5882353,2026-01-29 14:07:54,0.02359882005899705,6.553926273257143e-05,0.22058823529411764,1.0,24.25,추천,7.9
경상북도,성주군,전국 주요 지역,기타/미분류,3,860435270.0,286811756.6666667,2026-02-25 10:33:36,0.0029498525073746312,7.110304188975378e-05,0.27522935779816515,1.0,24.25,제외,29.0
전라남도,영광군,전국 주요 지역,시설유지보수,13,1295227940.0,99632918.46153846,2026-02-06 09:53:41,0.017699115044247787,0.00010703262602728906,0.234375,1.0,24.23,추천,1.2
전라북도,김제시,전국 주요 지역,보험/금융,4,383081000.0,95770250.0,2026-02-23 14:58:54,0.004424778761061947,3.165633178910572e-05,0.27027027027027023,1.0,24.23,데이터부족,7.8
전라남도,해남군,전국 주요 지역,경비/보안,2,28500000.0,14250000.0,2026-02-26 17:42:24,0.0014749262536873156,2.3551297401581207e-06,0.2777777777777778,1.0,24.23,데이터부족,0.0
전라북도,완주군,전국 주요 지역,인쇄/홍보물,5,1162000000.0,232400000.0,2026-02-20 14:00:15,0.0058997050147492625,9.602318449346444e-05,0.2631578947368421,1.0,24.19,데이터부족,9.6
경상북도,상주시,전국 주요 지역,경비/보안,3,3893601420.0,1297867140.0,2026-02-23 15:32:23,0.0029498525073746312,0.00032175215791452246,0.27027027027027023,1.0,24.18,데이터부족,11.3
전라북도,정읍시,전국 주요 지역,급식/식자재,5,599529800.0,119905960.0,2026-02-20 09:50:25,0.0058997050147492625,4.954282323126492e-05,0.2631578947368421,1.0,24.18,데이터부족,11.8
경상남도,사천시,전국 주요 지역,시설유지보수,16,264803050.0,16550190.625,2026-01-28 09:44:37,0.022123893805309734,2.1882299590862384e-05,0.21897810218978103,1.0,24.17,추천,0.2
경상북도,성주군,전국 주요 지역,청소/환경미화,1,5000000.0,5000000.0,2026-02-26 09:50:10,0.0,4.131806561680914e-07,0.2777777777777778,1.0,24.17,데이터부족,0.0
전라남도,구례군,전국 주요 지역,기타/미분류,2,9460000.0,4730000.0,2026-02-24 09:51:36,0.0014749262536873156,7.817378014700289e-07,0.27272727272727276,1.0,24.15,제외,0.0
전라북도,진안군,전국 주요 지역,보험/금융,8,900360530.0,112545066.25,2026-02-13 11:03:37,0.01032448377581121,7.44023109146501e-05,0.24793388429752067,1.0,24.13,데이터부족,7.8
전라북도,부안군,전국 주요 지역,차량/운송,12,1061689710.0,88474142.5,2026-02-04 12:22:51,0.016224188790560472,8.773393020494213e-05,0.23076923076923073,1.0,24.11,추천,5.1
경상북도,칠곡군,전국 주요 지역,건설/공사,9,359799630.0,39977736.666666664,2026-02-10 17:48:02,0.011799410029498525,2.97324494424873e-05,0.24193548387096778,1.0,24.1,제외,1.9
제주특별자치도,제주특별자치도,전국 주요 지역,인쇄/홍보물,1,500000000.0,500000000.0,2026-02-24 09:00:58,0.0,4.131806561680914e-05,0.27272727272727276,1.0,24.09,데이터부족,43.0
전라북도,임실군,전국 주요 지역,IT장비/전산,20,1849857620.0,92492881.0,2026-01-13 14:27:44,0.028023598820058997,0.00015286507704982878,0.19736842105263158,1.0,24.09,추천,5.8
경상북도,성주군,전국 주요 지역,폐기물/환경,14,1948016823.0,139144058.7857143,2026-01-29 08:32:39,0.019174041297935103,0.00016097657383072416,0.22058823529411764,1.0,24.08,제외,3.6
전라북도,김제시,전국 주요 지역,교육물품/교구,16,2127789800.0,132986862.5,2026-01-23 09:02:47,0.022123893805309734,0.00017583231715035438,0.2112676056338028,1.0,24.06,추천,12.9
경상북도,성주군,전국 주요 지역,차량/운송,1,12045000.0,12045000.0,2026-02-23 17:18:27,0.0,9.953522007089321e-07,0.27027027027027023,1.0,24.05,데이터부족,0.0
전라남도,목포시,전국 주요 지역,시설유지보수,1,8538000.0,8538000.0,2026-02-23 16:59:52,0.0,7.055472884726328e-07,0.27027027027027023,1.0,24.05,데이터부족,3.0
제주특별자치도,제주특별자치도,전국 주요 지역,보험/금융,1,40455000.0,40455000.0,2026-02-23 17:28:22,0.0,3.3430446890560276e-06,0.27027027027027023,1.0,24.05,데이터부족,7.0
전라북도,전주시,전국 주요 지역,보험/금융,3,1108568650.0,369522883.3333333,2026-02-19 10:48:45,0.0029498525073746312,9.160782444287505e-05,0.2608695652173913,1.0,24.03,데이터부족,5.7
경상북도,구미시,전국 주요 지역,기타/미분류,10,3116547980.0,311654798.0,2026-02-05 10:49:45,0.01327433628318584,0.00025753946787114795,0.23255813953488372,1.0,24.03,제외,7.6
전라남도,담양군,전국 주요 지역,보험/금융,6,47124000.0,7854000.0,2026-02-13 09:47:03,0.007374631268436578,3.894145048253028e-06,0.24793388429752067,1.0,24.01,데이터부족,0.0
경상북도,경상북도,전국 주요 지역,경비/보안,9,7936398470.0,881822052.2222222,2026-02-06 15:27:13,0.011799410029498525,0.0006558332654892073,0.234375,1.0,24.0,데이터부족,5.7
전라북도,김제시,전국 주요 지역,조경/녹지관리,9,680296000.0,75588444.44444445,2026-02-06 14:12:45,0.011799410029498525,5.621702953370558e-05,0.234375,1.0,23.99,데이터부족,6.2
경상북도,영주시,전국 주요 지역,건설/공사,10,456896600.0,45689660.0,2026-02-04 09:40:22,0.01327433628318584,3.7756167397794e-05,0.23076923076923073,1.0,23.99,제외,4.6
경상남도,함양군,전국 주요 지역,폐기물/환경,15,874775339.0,58318355.93333333,2026-01-22 09:24:37,0.02064896755162242,7.228804971353691e-05,0.2097902097902098,1.0,23.97,제외,3.3
전라북도,무주군,전국 주요 지역,차량/운송,13,969296000.0,74561230.76923077,2026-01-27 17:09:47,0.017699115044247787,8.009887146022126e-05,0.2173913043478261,1.0,23.97,추천,5.5
전라북도,정읍시,전국 주요 지역,인쇄/홍보물,9,486347800.0,54038644.44444445,2026-02-05 14:37:29,0.011799410029498525,4.018990062598154e-05,0.23255813953488372,1.0,23.96,데이터부족,6.2
전라남도,여수시,전국 주요 지역,인쇄/홍보물,1,49800000.0,49800000.0,2026-02-20 15:16:59,0.0,4.11527933543419e-06,0.2631578947368421,1.0,23.95,데이터부족,6.0
경상북도,구미시,전국 주요 지역,폐기물/환경,6,556764020.0,92794003.33333333,2026-02-11 11:25:35,0.007374631268436578,4.600882462287687e-05,0.24390243902439027,1.0,23.95,제외,3.7
전라남도,완도군,전국 주요 지역,행사/운영용역,1,145000000.0,145000000.0,2026-02-20 15:54:30,0.0,1.198223902887465e-05,0.2631578947368421,1.0,23.95,데이터부족,10.0
전라북도,진안군,전국 주요 지역,건설/공사,31,7089623891.0,228697544.87096775,2025-11-17 17:35:12,0.04424778761061947,0.0005858590902536715,0.14354066985645933,1.0,23.94,제외,14.3
경상남도,하동군,전국 주요 지역,폐기물/환경,28,1470561300.0,52520046.428571425,2025-12-03 12:53:37,0.03982300884955752,0.0001215214965738803,0.15544041450777202,1.0,23.93,제외,2.8
전라북도,익산시,전국 주요 지역,조경/녹지관리,19,1210912000.0,63732210.526315786,2026-01-08 09:20:23,0.02654867256637168,0.00010006508294436318,0.19108280254777069,1.0,23.93,추천,7.2
경상북도,포항시,전국 주요 지역,행사/운영용역,5,968816000.0,193763200.0,2026-02-12 11:49:01,0.0058997050147492625,8.005920611722912e-05,0.24590163934426232,1.0,23.93,데이터부족,6.0
경상남도,양산시,전국 주요 지역,차량/운송,9,838080000.0,93120000.0,2026-02-03 14:36:41,0.011799410029498525,6.92556888642708e-05,0.22900763358778622,1.0,23.91,데이터부족,6.9
전라남도,장흥군,전국 주요 지역,전문용역/컨설팅,1,231000000.0,231000000.0,2026-02-19 17:30:26,0.0,1.9088946314965822e-05,0.2608695652173913,1.0,23.91,데이터부족,40.0
전라북도,김제시,전국 주요 지역,경비/보안,1,82130000.0,82130000.0,2026-02-19 08:58:29,0.0,6.7869054582170694e-06,0.2608695652173913,1.0,23.91,데이터부족,7.0
경상남도,밀양시,전국 주요 지역,보험/금융,1,11396000.0,11396000.0,2026-02-19 14:24:05,0.0,9.417213515383139e-07,0.2608695652173913,1.0,23.91,데이터부족,0.0
전라북도,남원시,전국 주요 지역,청소/환경미화,11,962575680.0,87506880.0,2026-01-29 16:44:50,0.014749262536873156,7.954353021476935e-05,0.22058823529411764,1.0,23.9,추천,8.7
경상북도,김천시,전국 주요 지역,건설/공사,8,483091001.0,60386375.125,2026-02-03 17:54:59,0.01032448377581121,3.992077135641602e-05,0.22900763358778622,1.0,23.85,제외,5.6
제주특별자치도,제주특별자치도,전국 주요 지역,IT장비/전산,8,6293054450.0,786631806.25,2026-02-02 16:38:51,0.01032448377581121,0.0005200336733905055,0.22727272727272727,1.0,23.84,데이터부족,18.2
제주특별자치도,서귀포시,전국 주요 지역,인쇄/홍보물,4,495481000.0,123870250.0,2026-02-10 15:31:47,0.004424778761061947,4.0944632939764415e-05,0.24193548387096778,1.0,23.81,데이터부족,9.8
제주특별자치도,서귀포시,전국 주요 지역,의료/복지용품,17,1245972740.0,73292514.11764705,2026-01-08 16:59:49,0.02359882005899705,0.00010296236685615095,0.19108280254777069,1.0,23.81,추천,5.3
전라북도,순창군,전국 주요 지역,청소/환경미화,6,214551800.0,35758633.333333336,2026-02-06 15:13:02,0.007374631268436578,1.772973070120902e-05,0.234375,1.0,23.81,데이터부족,9.0
전라북도,장수군,전국 주요 지역,차량/운송,10,626863010.0,62686301.0,2026-01-27 11:14:36,0.01327433628318584,5.180153395986097e-05,0.2173913043478261,1.0,23.79,추천,6.4
전라북도,남원시,전국 주요 지역,급수/전기/설비,14,6912837000.0,493774071.4285714,2026-01-15 20:53:53,0.019174041297935103,0.000571250105528612,0.2,1.0,23.78,추천,13.8
전라북도,정읍시,전국 주요 지역,경비/보안,4,174756000.0,43689000.0,2026-02-09 18:56:55,0.004424778761061947,1.4441159749862196e-05,0.24000000000000005,1.0,23.78,데이터부족,7.8
전라남도,영암군,전국 주요 지역,건설/공사,14,478355000.0,34168214.28571428,2026-01-14 10:02:38,0.019174041297935103,3.952940655625747e-05,0.19867549668874174,1.0,23.75,제외,4.0
경상북도,고령군,전국 주요 지역,건설/공사,3,90542000.0,30180666.666666668,2026-02-10 17:25:44,0.0029498525073746312,7.482040594154266e-06,0.24193548387096778,1.0,23.75,제외,2.7
전라남도,무안군,전국 주요 지역,폐기물/환경,9,547825000.0,60869444.44444445,2026-01-27 11:21:50,0.011799410029498525,4.527013859305693e-05,0.2173913043478261,1.0,23.73,제외,3.2
전라북도,익산시,전국 주요 지역,인쇄/홍보물,16,7668309000.0,479269312.5,2026-01-05 09:43:05,0.022123893805309734,0.0006336793888639361,0.1875,1.0,23.71,추천,9.7
경상북도,영양군,전국 주요 지역,폐기물/환경,1,19911400.0,19911400.0,2026-02-12 14:11:55,0.0,1.645401063445067e-06,0.24590163934426232,1.0,23.69,제외,1.0
경상북도,김천시,전국 주요 지역,차량/운송,4,0.0,0.0,2026-02-05 09:13:40,0.004424778761061947,0.0,0.23255813953488372,1.0,23.67,데이터부족,7.8
경상북도,성주군,전국 주요 지역,건설/공사,10,227808000.0,22780800.0,2026-01-21 13:17:12,0.01327433628318584,1.8825171784068114e-05,0.20833333333333334,1.0,23.66,제외,0.7
전라북도,장수군,전국 주요 지역,청소/환경미화,2,79200000.0,39600000.0,2026-02-09 17:44:11,0.0014749262536873156,6.544781593702567e-06,0.24000000000000005,1.0,23.66,데이터부족,13.5
경상남도,함양군,전국 주요 지역,급수/전기/설비,2,14564000.0,7282000.0,2026-02-09 14:26:40,0.0014749262536873156,1.2035126152864167e-06,0.24000000000000005,1.0,23.66,데이터부족,0.0
전라남도,영암군,전국 주요 지역,IT장비/전산,7,117024110.0,16717730.0,2026-01-29 14:02:14,0.008849557522123894,9.67041971145738e-06,0.22058823529411764,1.0,23.66,데이터부족,0.7
경상남도,거창군,전국 주요 지역,IT장비/전산,8,3947681000.0,493460125.0,2026-01-26 10:51:38,0.01032448377581121,0.00032622108518446145,0.21582733812949642,1.0,23.66,데이터부족,27.6
경상북도,영천시,전국 주요 지역,급수/전기/설비,8,90956000.0,11369500.0,2026-01-26 13:27:10,0.01032448377581121,7.5162519524849845e-06,0.21582733812949642,1.0,23.65,데이터부족,0.0
제주특별자치도,서귀포시,전국 주요 지역,급식/식자재,5,200183000.0,40036600.0,2026-02-02 15:32:55,0.0058997050147492625,1.6542348658739407e-05,0.22727272727272727,1.0,23.65,데이터부족,8.4
전라남도,여수시,전국 주요 지역,폐기물/환경,8,541521440.0,67690180.0,2026-01-26 13:21:45,0.01032448377581121,4.474923678165795e-05,0.21582733812949642,1.0,23.65,제외,2.5
전라북도,부안군,전국 주요 지역,인쇄/홍보물,10,13746758000.0,1374675800.0,2026-01-19 14:03:41,0.01327433628318584,0.001135978898124792,0.2054794520547945,1.0,23.64,추천,22.6
경상남도,하동군,전국 주요 지역,기타/미분류,10,1183180000.0,118318000.0,2026-01-19 14:28:12,0.01327433628318584,9.777341775299248e-05,0.2054794520547945,1.0,23.62,제외,7.2
경상남도,밀양시,전국 주요 지역,전문용역/컨설팅,6,2307686000.0,384614333.3333333,2026-01-29 16:06:49,0.007374631268436578,0.00019069824314198362,0.22058823529411764,1.0,23.61,데이터부족,1.8
전라남도,전라남도,전국 주요 지역,방역/소독,3,65163300.0,21721100.0,2026-02-05 16:41:10,0.0029498525073746312,5.384843010415638e-06,0.23255813953488372,1.0,23.61,데이터부족,5.7
경상북도,경산시,전국 주요 지역,행사/운영용역,7,1306912000.0,186701714.2857143,2026-01-26 13:16:05,0.008849557522123894,0.00010799815154279053,0.21582733812949642,1.0,23.59,데이터부족,9.9
경상남도,진주시,전국 주요 지역,조경/녹지관리,18,381846500.0,21213694.444444444,2025-12-22 14:14:22,0.025073746312684365,3.155431748509782e-05,0.1724137931034483,1.0,23.59,추천,0.1
전라북도,장수군,전국 주요 지역,보험/금융,6,180000000.0,30000000.0,2026-01-27 11:36:55,0.007374631268436578,1.487450362205129e-05,0.2173913043478261,1.0,23.56,데이터부족,3.3
전라남도,무안군,전국 주요 지역,IT장비/전산,6,107490000.0,17915000.0,2026-01-27 17:04:29,0.007374631268436578,8.882557746301629e-06,0.2173913043478261,1.0,23.56,데이터부족,0.0
경상북도,김천시,전국 주요 지역,IT장비/전산,6,3300.0,550.0,2026-01-27 18:15:47,0.007374631268436578,2.726992330709403e-10,0.2173913043478261,1.0,23.56,데이터부족,7.5
전라북도,전주시,전국 주요 지역,인쇄/홍보물,12,3758672000.0,313222666.6666667,2026-01-09 14:10:21,0.016224188790560472,0.0003106021126561265,0.1923076923076923,1.0,23.54,추천,9.1
전라북도,진안군,전국 주요 지역,청소/환경미화,6,678360960.0,113060160.0,2026-01-26 09:31:30,0.007374631268436578,5.605712531432328e-05,0.21582733812949642,1.0,23.53,데이터부족,12.7
경상북도,경주시,전국 주요 지역,급수/전기/설비,5,76976000.0,15395200.0,2026-01-28 10:11:13,0.0058997050147492625,6.360998837839e-06,0.21897810218978103,1.0,23.52,데이터부족,0.0
경상남도,경상남도,전국 주요 지역,조경/녹지관리,4,306130000.0,76532500.0,2026-01-30 10:55:12,0.004424778761061947,2.5297398854547563e-05,0.2222222222222222,1.0,23.51,데이터부족,13.2
전라북도,전주시,전국 주요 지역,경비/보안,3,187417000.0,62472333.333333336,2026-02-01 10:08:53,0.0029498525073746312,1.5487415807411038e-05,0.22556390977443608,1.0,23.5,데이터부족,7.3
전라남도,보성군,전국 주요 지역,폐기물/환경,19,1894118000.0,99690421.05263157,2025-12-11 10:03:17,0.02654867256637168,0.0001565225836199586,0.16216216216216214,1.0,23.5,제외,2.2
경상남도,양산시,전국 주요 지역,행사/운영용역,2,97120000.0,48560000.0,2026-02-03 09:39:45,0.0014749262536873156,8.025621065409008e-06,0.22900763358778622,1.0,23.49,데이터부족,4.5
전라남도,보성군,전국 주요 지역,건설/공사,31,839351000.0,27075838.70967742,2025-09-25 13:34:52,0.04424778761061947,6.936071938706874e-05,0.11450381679389311,1.0,23.49,제외,1.8
경상남도,창원시,전국 주요 지역,행사/운영용역,7,1113150000.0,159021428.57142857,2026-01-20 14:57:40,0.008849557522123894,9.198640948270219e-05,0.2068965517241379,1.0,23.46,데이터부족,12.1
경상북도,경산시,전국 주요 지역,차량/운송,1,68787000.0,68787000.0,2026-02-04 13:30:45,0.0,5.6842915591669006e-06,0.23076923076923073,1.0,23.46,데이터부족,7.0
전라북도,정읍시,전국 주요 지역,조경/녹지관리,17,970023000.0,57060176.47058824,2025-12-17 13:50:08,0.02359882005899705,8.01589479276281e-05,0.16759776536312848,1.0,23.46,추천,4.5
전라북도,군산시,전국 주요 지역,인쇄/홍보물,15,6131288000.0,408752533.3333333,2025-12-23 23:28:54,0.02064896755162242,0.000506665919799109,0.1744186046511628,1.0,23.45,추천,9.8
전라북도,완주군,전국 주요 지역,급식/식자재,13,1148174800.0,88321138.46153846,2025-12-31 16:43:09,0.017699115044247787,9.488072345193342e-05,0.18181818181818182,1.0,23.44,추천,11.5
경상남도,양산시,전국 주요 지역,전문용역/컨설팅,3,20600000.0,6866666.666666667,2026-01-29 13:41:55,0.0029498525073746312,1.7023043034125366e-06,0.22058823529411764,1.0,23.43,데이터부족,0.0
경상남도,거제시,전국 주요 지역,차량/운송,6,599374584.0,99895764.0,2026-01-21 18:54:05,0.007374631268436578,4.9529996781519364e-05,0.20833333333333334,1.0,23.42,데이터부족,6.8
경상남도,양산시,전국 주요 지역,인쇄/홍보물,2,55931700.0,27965850.0,2026-01-30 10:38:05,0.0014749262536873156,4.621979301319367e-06,0.2222222222222222,1.0,23.39,데이터부족,0.0
제주특별자치도,서귀포시,전국 주요 지역,보험/금융,7,697162000.0,99594571.42857143,2026-01-16 18:10:41,0.008849557522123894,5.761077052309179e-05,0.20134228187919462,1.0,23.38,데이터부족,5.6
전라북도,무주군,전국 주요 지역,IT장비/전산,6,1246487870.0,207747978.33333334,2026-01-19 17:29:58,0.007374631268436578,0.00010300493520643332,0.2054794520547945,1.0,23.38,데이터부족,10.8
전라남도,구례군,전국 주요 지역,폐기물/환경,6,1147500000.0,191250000.0,2026-01-19 16:56:55,0.007374631268436578,9.482496059057697e-05,0.2054794520547945,1.0,23.38,제외,3.7
전라남도,구례군,전국 주요 지역,시설유지보수,3,208935000.0,69645000.0,2026-01-27 10:49:03,0.0029498525073746312,1.7265580079296034e-05,0.2173913043478261,1.0,23.38,데이터부족,3.7
전라남도,화순군,전국 주요 지역,인쇄/홍보물,6,6549738600.0,1091623100.0,2026-01-15 17:31:30,0.007374631268436578,0.0005412450584954952,0.2,1.0,23.31,데이터부족,5.5
전라북도,남원시,전국 주요 지역,조경/녹지관리,24,2278495300.0,94937304.16666667,2025-10-24 10:59:16,0.03392330383480826,0.00018828603662598246,0.12875536480686695,1.0,23.29,추천,6.8
전라북도,전주시,전국 주요 지역,급수/전기/설비,24,2610733000.0,108780541.66666667,2025-10-22 09:59:03,0.03392330383480826,0.00021574087480393794,0.12765957446808512,1.0,23.28,추천,7.5
경상남도,창녕군,전국 주요 지역,교육물품/교구,1,20040000.0,20040000.0,2026-01-28 17:00:51,0.0,1.6560280699217103e-06,0.21897810218978103,1.0,23.28,데이터부족,0.0
경상북도,문경시,전국 주요 지역,기타/미분류,6,53002000.0,8833666.666666666,2026-01-13 09:41:12,0.007374631268436578,4.379880227644236e-06,0.19736842105263158,1.0,23.26,제외,0.0
전라북도,무주군,전국 주요 지역,인쇄/홍보물,6,241318000.0,40219666.666666664,2026-01-12 14:11:31,0.007374631268436578,1.9941585917034296e-05,0.19607843137254904,1.0,23.24,데이터부족,4.8
경상북도,안동시,전국 주요 지역,인쇄/홍보물,1,9900000.0,9900000.0,2026-01-26 14:38:30,0.0,8.180976992128209e-07,0.21582733812949642,1.0,23.24,데이터부족,0.0
경상북도,경상북도,전국 주요 지역,사무용품/소모품,1,76340000.0,76340000.0,2026-01-26 17:49:52,0.0,6.308442258374419e-06,0.21582733812949642,1.0,23.24,데이터부족,0.0
경상북도,상주시,전국 주요 지역,차량/운송,2,480128290.0,240064145.0,2026-01-23 11:34:11,0.0014749262536873156,3.9675944381412734e-05,0.2112676056338028,1.0,23.23,데이터부족,9.0
경상북도,김천시,전국 주요 지역,급수/전기/설비,3,36813000.0,12271000.0,2026-01-20 11:32:00,0.0029498525073746312,3.0420838991031896e-06,0.2068965517241379,1.0,23.22,데이터부족,0.0
전라북도,부안군,전국 주요 지역,건설/공사,30,9517664000.0,317255466.6666667,2025-11-17 11:59:43,0.04277286135693215,0.0007865029313414843,0.14354066985645933,0.967,23.22,제외,14.3
전라북도,전주시,전국 주요 지역,급식/식자재,17,5210483000.0,306499000.0,2025-11-27 16:28:50,0.02359882005899705,0.0004305741569785371,0.1507537688442211,1.0,23.22,추천,12.3
경상북도,청도군,전국 주요 지역,폐기물/환경,2,211779000.0,105889500.0,2026-01-22 16:59:33,0.0014749262536873156,1.7500597236524445e-05,0.2097902097902098,1.0,23.21,제외,6.0
전라남도,강진군,전국 주요 지역,전문용역/컨설팅,2,112500000.0,56250000.0,2026-01-21 16:52:33,0.0014749262536873156,9.296564763782056e-06,0.20833333333333334,1.0,23.18,데이터부족,21.0
전라남도,함평군,전국 주요 지역,보험/금융,1,3830000.0,3830000.0,2026-01-22 17:15:01,0.0,3.16496382624758e-07,0.2097902097902098,1.0,23.15,데이터부족,0.0
경상북도,울진군,전국 주요 지역,폐기물/환경,13,1576513125.0,121270240.38461539,2025-12-10 09:13:13,0.017699115044247787,0.00013027694548902165,0.16129032258064516,1.0,23.13,제외,5.2
전라북도,정읍시,전국 주요 지역,교육물품/교구,22,3983379780.0,181062717.27272728,2025-10-15 13:50:36,0.030973451327433628,0.0003291710942534215,0.12396694214876033,1.0,23.11,추천,29.6
경상북도,성주군,전국 주요 지역,IT장비/전산,3,411597000.0,137199000.0,2026-01-14 15:33:25,0.0029498525073746312,3.4012783707363585e-05,0.19867549668874174,1.0,23.1,데이터부족,6.7
전라남도,장흥군,전국 주요 지역,건설/공사,7,1350412710.0,192916101.42857143,2025-12-29 20:25:05,0.008849557522123894,0.0001115928819231061,0.17964071856287425,1.0,23.05,제외,13.4
전라남도,나주시,전국 주요 지역,급수/전기/설비,4,21257000.0,5314250.0,2026-01-02 13:19:33,0.004424778761061947,1.7565962416330238e-06,0.18404907975460122,1.0,22.94,데이터부족,0.0
전라북도,부안군,전국 주요 지역,방역/소독,3,140305000.0,46768333.333333336,2026-01-05 16:11:56,0.0029498525073746312,1.1594262392732812e-05,0.1875,1.0,22.93,데이터부족,4.3
전라북도,완주군,전국 주요 지역,급수/전기/설비,17,12523205153.0,736659126.6470588,2025-10-28 18:11:24,0.02359882005899705,0.0010348692244888326,0.13100436681222707,1.0,22.93,추천,8.2
경상남도,남해군,전국 주요 지역,행사/운영용역,7,596468000.0,85209714.28571428,2025-12-19 10:06:41,0.008849557522123894,4.928980792465383e-05,0.1694915254237288,1.0,22.9,데이터부족,11.0
경상남도,경상남도,전국 주요 지역,보험/금융,8,393750570.0,49218821.25,2025-12-15 14:17:42,0.01032448377581121,3.2538023775832004e-05,0.16574585635359115,1.0,22.9,데이터부족,3.9
경상북도,칠곡군,전국 주요 지역,행사/운영용역,6,4215401600.0,702566933.3333334,2025-12-22 09:13:44,0.007374631268436578,0.00034834447982000447,0.1724137931034483,1.0,22.89,데이터부족,10.3
전라북도,전주시,전국 주요 지역,조경/녹지관리,17,3000725912.0,176513288.94117647,2025-10-24 09:15:39,0.02359882005899705,0.0002479683802601509,0.12875536480686695,1.0,22.88,추천,8.3
전라남도,나주시,전국 주요 지역,폐기물/환경,13,233177000.0,17936692.307692308,2025-11-17 15:33:33,0.017699115044247787,1.926884517266141e-05,0.14354066985645933,1.0,22.86,제외,0.1
경상북도,문경시,전국 주요 지역,폐기물/환경,10,673277000.0,67327700.0,2025-12-03 11:09:04,0.01327433628318584,5.5637006528576815e-05,0.15544041450777202,1.0,22.86,제외,1.5
경상남도,사천시,전국 주요 지역,기타/미분류,6,186849000.0,31141500.0,2025-12-17 09:14:26,0.007374631268436578,1.5440478484870342e-05,0.16759776536312848,1.0,22.81,제외,0.0
경상남도,양산시,전국 주요 지역,급수/전기/설비,14,134541780.0,9610127.142857144,2025-11-04 09:31:23,0.019174041297935103,1.11180121884846e-05,0.13513513513513511,1.0,22.79,추천,1.4
전라남도,화순군,전국 주요 지역,건설/공사,10,2280582000.0,228058200.0,2026-04-03 16:48:22,0.01327433628318584,0.00018845847344102764,0.4166666666666667,0.8,22.79,제외,6.1
경상남도,의령군,전국 주요 지역,기타/미분류,13,3846677000.0,295898230.7692308,2025-11-06 13:15:27,0.017699115044247787,0.00031787450538534105,0.13636363636363638,1.0,22.76,제외,13.5
전라남도,강진군,전국 주요 지역,보험/금융,4,45642000.0,11410500.0,2025-12-22 16:17:37,0.004424778761061947,3.7716783017648053e-06,0.1724137931034483,1.0,22.76,데이터부족,0.0
전라남도,영광군,전국 주요 지역,폐기물/환경,13,1019924000.0,78455692.3076923,2025-11-04 15:27:52,0.017699115044247787,8.428257351231689e-05,0.13513513513513511,1.0,22.74,제외,3.0
전라북도,정읍시,전국 주요 지역,급수/전기/설비,12,1178498640.0,98208220.0,2025-11-11 17:38:33,0.016224188790560472,9.738656827368067e-05,0.13953488372093023,1.0,22.74,추천,5.6
경상남도,사천시,전국 주요 지역,폐기물/환경,8,484954965.0,60619370.625,2025-12-02 13:26:25,0.01032448377581121,4.007480213013476e-05,0.15463917525773196,1.0,22.73,제외,1.1
경상북도,김천시,전국 주요 지역,경비/보안,4,2200.0,550.0,2025-12-19 17:20:05,0.004424778761061947,1.817994887139602e-10,0.1694915254237288,1.0,22.72,데이터부족,7.8
경상북도,경산시,전국 주요 지역,전문용역/컨설팅,7,441314000.0,63044857.14285714,2025-12-05 13:59:16,0.008849557522123894,3.646848161923302e-05,0.15706806282722513,1.0,22.71,데이터부족,23.9
전라남도,여수시,전국 주요 지역,행사/운영용역,9,575000000.0,63888888.88888889,2025-11-25 14:22:49,0.011799410029498525,4.751577545933051e-05,0.14925373134328357,1.0,22.71,데이터부족,9.1
전라남도,화순군,전국 주요 지역,의료/복지용품,6,1547330000.0,257888333.33333334,2025-12-09 17:17:13,0.007374631268436578,0.00012786536494171458,0.16042780748663102,1.0,22.7,데이터부족,4.8
전라북도,익산시,전국 주요 지역,급수/전기/설비,11,294640001.0,26785454.636363637,2025-11-13 09:08:27,0.014749262536873156,2.434790978930942e-05,0.14084507042253522,1.0,22.7,추천,4.9
전라북도,완주군,전국 주요 지역,의료/복지용품,20,6836352912.0,341817645.6,2025-08-28 10:17:54,0.028023598820058997,0.0005649297563953604,0.10344827586206898,1.0,22.69,추천,16.6
경상북도,고령군,전국 주요 지역,경비/보안,2,42578920.0,21289460.0,2025-12-24 09:16:17,0.0014749262536873156,3.518557220905734e-06,0.1744186046511628,1.0,22.68,데이터부족,0.5
경상북도,구미시,전국 주요 지역,경비/보안,2,69022800.0,34511400.0,2025-12-24 10:39:46,0.0014749262536873156,5.703777158911788e-06,0.1744186046511628,1.0,22.68,데이터부족,0.0
경상북도,영천시,전국 주요 지역,경비/보안,2,22680000.0,11340000.0,2025-12-22 09:48:57,0.0014749262536873156,1.8741874563784626e-06,0.1724137931034483,1.0,22.65,데이터부족,0.0
전라남도,곡성군,전국 주요 지역,기타/미분류,11,1172300000.0,106572727.27272727,2025-11-04 17:31:35,0.014749262536873156,9.68743366451707e-05,0.13513513513513511,1.0,22.62,제외,5.2
전라북도,진안군,전국 주요 지역,경비/보안,1,99442000.0,99442000.0,2025-12-23 13:32:44,0.0,8.21750216213347e-06,0.17341040462427745,1.0,22.6,데이터부족,7.0
전라남도,강진군,전국 주요 지역,급수/전기/설비,1,15312000.0,15312000.0,2025-12-22 16:21:04,0.0,1.2653244414491632e-06,0.1724137931034483,1.0,22.59,데이터부족,0.0
전라북도,완주군,전국 주요 지역,경비/보안,2,190160000.0,95080000.0,2025-12-17 10:29:02,0.0014749262536873156,1.571408671538485e-05,0.16759776536312848,1.0,22.57,데이터부족,7.5
전라남도,장성군,전국 주요 지역,폐기물/환경,11,648650000.0,58968181.81818182,2025-10-28 16:03:52,0.014749262536873156,5.36019265246865e-05,0.13100436681222707,1.0,22.56,제외,0.6
경상남도,함안군,전국 주요 지역,급수/전기/설비,3,17006000.0,5668666.666666667,2025-12-11 12:58:21,0.0029498525073746312,1.4053100477589123e-06,0.16216216216216214,1.0,22.55,데이터부족,0.0
전라북도,부안군,전국 주요 지역,경비/보안,3,495597000.0,165199000.0,2025-12-10 14:03:17,0.0029498525073746312,4.095421873098752e-05,0.16129032258064516,1.0,22.54,데이터부족,7.7
경상남도,고성군,전국 주요 지역,폐기물/환경,1,22454000.0,22454000.0,2025-12-18 11:17:36,0.0,1.8555116907196647e-06,0.16853932584269662,1.0,22.53,제외,7.0
경상북도,청송군,전국 주요 지역,기타/미분류,4,109274370.0,27318592.5,2025-12-05 11:22:40,0.004424778761061947,9.030011179790961e-06,0.15706806282722513,1.0,22.53,제외,1.8
전라북도,남원시,전국 주요 지역,방역/소독,4,72358200.0,18089550.0,2025-12-04 17:12:45,0.004424778761061947,5.979401711028398e-06,0.15625,1.0,22.52,데이터부족,5.5
경상남도,함안군,전국 주요 지역,IT장비/전산,5,941007000.0,188201400.0,2025-11-28 09:24:21,0.0058997050147492625,7.776117794375343e-05,0.15151515151515152,1.0,22.51,데이터부족,3.4
전라북도,부안군,전국 주요 지역,조경/녹지관리,11,1188677000.0,108061545.45454545,2025-10-22 16:34:43,0.014749262536873156,9.822766856638367e-05,0.12765957446808512,1.0,22.51,추천,7.9
경상북도,성주군,전국 주요 지역,경비/보안,1,15240000.0,15240000.0,2025-12-16 16:43:01,0.0,1.2593746400003425e-06,0.16666666666666666,1.0,22.5,데이터부족,0.0
전라북도,완주군,전국 주요 지역,방역/소독,2,166342000.0,83171000.0,2025-12-11 16:17:56,0.0014749262536873156,1.3745859341662531e-05,0.16216216216216214,1.0,22.49,데이터부족,5.0
경상남도,창녕군,전국 주요 지역,건설/공사,14,568277400.0,40591242.85714286,2025-09-25 11:41:30,0.019174041297935103,4.6960245803499385e-05,0.11450381679389311,1.0,22.49,제외,3.6
전라남도,무안군,전국 주요 지역,조경/녹지관리,1,14820000.0,14820000.0,2025-12-15 09:52:08,0.0,1.224667464882223e-06,0.16574585635359115,1.0,22.49,데이터부족,0.0
경상남도,사천시,전국 주요 지역,조경/녹지관리,1,21934000.0,21934000.0,2025-12-15 09:27:31,0.0,1.8125409024781833e-06,0.16574585635359115,1.0,22.49,데이터부족,0.0
제주특별자치도,제주특별자치도,전국 주요 지역,청소/환경미화,2,469430000.0,234715000.0,2025-12-10 09:46:27,0.0014749262536873156,3.879187908499743e-05,0.16129032258064516,1.0,22.48,데이터부족,8.0
경상남도,경상남도,전국 주요 지역,경비/보안,6,4765254870.0,794209145.0,2025-11-18 17:01:13,0.007374631268436578,0.0003937822267989586,0.14423076923076922,1.0,22.47,데이터부족,11.3
전라북도,순창군,전국 주요 지역,급수/전기/설비,8,282989000.0,35373625.0,2025-11-06 19:56:40,0.01032448377581121,2.3385116141670402e-05,0.13636363636363638,1.0,22.46,데이터부족,4.8
경상남도,밀양시,전국 주요 지역,건설/공사,10,1115977000.0,111597700.0,2025-10-22 10:22:31,0.01327433628318584,9.222002182569962e-05,0.12765957446808512,1.0,22.45,제외,3.5
경상남도,사천시,전국 주요 지역,전문용역/컨설팅,11,1641830000.0,149257272.72727272,2025-10-15 10:46:23,0.014749262536873156,0.0001356744793432915,0.12396694214876033,1.0,22.45,추천,15.2
경상북도,의성군,전국 주요 지역,조경/녹지관리,6,123618000.0,20603000.0,2025-11-17 10:03:40,0.007374631268436578,1.0215313270837424e-05,0.14354066985645933,1.0,22.45,데이터부족,0.0
전라남도,무안군,전국 주요 지역,행사/운영용역,3,31290000.0,10430000.0,2025-12-02 11:12:39,0.0029498525073746312,2.585684546299916e-06,0.15463917525773196,1.0,22.44,데이터부족,0.0
전라북도,군산시,전국 주요 지역,급식/식자재,8,797676000.0,99709500.0,2025-11-03 20:31:35,0.01032448377581121,6.59168586179077e-05,0.13452914798206278,1.0,22.43,데이터부족,10.0
경상남도,김해시,전국 주요 지역,조경/녹지관리,2,66234000.0,33117000.0,2025-12-05 09:54:16,0.0014749262536873156,5.473321516127473e-06,0.15706806282722513,1.0,22.42,데이터부족,5.0
경상북도,상주시,전국 주요 지역,급수/전기/설비,19,546640999.0,28770578.89473684,2025-07-15 14:31:55,0.02654867256637168,4.51722973310402e-05,0.08982035928143713,1.0,22.41,추천,0.3
전라남도,장성군,전국 주요 지역,기타/미분류,6,261467000.0,43577833.333333336,2025-11-13 10:02:01,0.007374631268436578,2.160662132526047e-05,0.14084507042253522,1.0,22.41,제외,1.2
전라남도,진도군,전국 주요 지역,기타/미분류,2,22953000.0,11476500.0,2025-12-02 14:24:44,0.0014749262536873156,1.8967471202052403e-06,0.15463917525773196,1.0,22.38,제외,0.0
경상북도,의성군,전국 주요 지역,IT장비/전산,8,1007269000.0,125908625.0,2025-10-27 17:33:30,0.01032448377581121,8.323681327155545e-05,0.13043478260869565,1.0,22.37,데이터부족,4.4
경상남도,하동군,전국 주요 지역,전문용역/컨설팅,3,80491000.0,26830333.333333332,2025-11-25 09:54:11,0.0029498525073746312,6.651464839125169e-06,0.14925373134328357,1.0,22.36,데이터부족,1.0
전라북도,김제시,전국 주요 지역,급수/전기/설비,18,1010125000.0,56118055.55555555,2025-07-09 10:14:21,0.025073746312684365,8.347282206235866e-05,0.08823529411764705,1.0,22.33,추천,5.7
경상북도,안동시,전국 주요 지역,조경/녹지관리,14,226010010.0,16143572.142857144,2025-08-29 09:34:21,0.019174041297935103,1.867659284647138e-05,0.10380622837370243,1.0,22.32,추천,1.4
전라북도,군산시,전국 주요 지역,경비/보안,2,263940000.0,131970000.0,2025-11-27 21:43:30,0.0014749262536873156,2.181098047780121e-05,0.1507537688442211,1.0,22.32,데이터부족,6.0
경상북도,포항시,전국 주요 지역,급수/전기/설비,12,167720740.0,13976728.333333334,2025-09-16 12:47:54,0.016224188790560472,1.385979308123957e-05,0.11070110701107011,1.0,22.31,추천,0.2
경상남도,김해시,전국 주요 지역,폐기물/환경,6,555102030.0,92517005.0,2025-11-03 08:49:00,0.007374631268436578,4.587148419912791e-05,0.13452914798206278,1.0,22.31,제외,4.3
전라남도,영암군,전국 주요 지역,기타/미분류,3,38912000.0,12970666.666666666,2025-11-20 15:56:58,0.0029498525073746312,3.2155371385625546e-06,0.14563106796116507,1.0,22.3,제외,0.7
전라남도,해남군,전국 주요 지역,급수/전기/설비,4,31174000.0,7793500.0,2025-11-11 10:59:42,0.004424778761061947,2.576098755076816e-06,0.13953488372093023,1.0,22.27,데이터부족,0.2
전라북도,익산시,전국 주요 지역,급식/식자재,5,504244000.0,100848800.0,2025-11-03 20:35:14,0.0058997050147492625,4.1668773357764616e-05,0.13452914798206278,1.0,22.25,데이터부족,7.0
경상북도,영양군,전국 주요 지역,의료/복지용품,2,72900000.0,36450000.0,2025-11-21 17:57:52,0.0014749262536873156,6.024173966930773e-06,0.14634146341463417,1.0,22.25,데이터부족,4.5
경상북도,봉화군,전국 주요 지역,IT장비/전산,4,261538000.0,65384500.0,2025-11-05 09:28:01,0.004424778761061947,2.1612488490578058e-05,0.13574660633484165,1.0,22.21,데이터부족,4.0
전라남도,광양시,전국 주요 지역,행사/운영용역,10,10.0,1.0,2025-09-17 10:52:00,0.01327433628318584,8.263613123361828e-13,0.1111111111111111,1.0,22.2,추천,12.7
전라남도,담양군,전국 주요 지역,급수/전기/설비,6,107354000.0,17892333.333333332,2025-10-21 09:34:54,0.007374631268436578,8.871319232453857e-06,0.1271186440677966,1.0,22.2,데이터부족,0.0
경상북도,영주시,전국 주요 지역,기타/미분류,4,182248000.0,45562000.0,2025-11-04 13:10:39,0.004424778761061947,1.5060269645064464e-05,0.13513513513513511,1.0,22.2,제외,1.2
경상남도,경상남도,전국 주요 지역,의료/복지용품,6,248076994.0,41346165.666666664,2025-10-20 13:19:26,0.007374631268436578,2.0500123032225535e-05,0.12658227848101264,1.0,22.19,데이터부족,6.0
경상남도,밀양시,전국 주요 지역,조경/녹지관리,1,13552000.0,13552000.0,2025-11-20 16:05:31,0.0,1.1198848504779948e-06,0.14563106796116507,1.0,22.18,데이터부족,0.0
경상남도,거제시,전국 주요 지역,청소/환경미화,1,6556000.0,6556000.0,2025-11-20 13:42:06,0.0,5.417624763676015e-07,0.14563106796116507,1.0,22.18,데이터부족,0.0
전라북도,순창군,전국 주요 지역,기타/미분류,9,931128000.0,103458666.66666667,2025-09-24 18:10:49,0.011799410029498525,7.694481560329652e-05,0.1140684410646388,1.0,22.18,제외,10.0
경상북도,의성군,전국 주요 지역,인쇄/홍보물,3,27000000.0,9000000.0,2025-11-07 18:02:44,0.0029498525073746312,2.2311755433076934e-06,0.136986301369863,1.0,22.17,데이터부족,0.7
전라남도,보성군,전국 주요 지역,IT장비/전산,2,4497000.0,2248500.0,2025-11-13 15:17:22,0.0014749262536873156,3.716146821575814e-07,0.14084507042253522,1.0,22.17,데이터부족,0.0
전라북도,진안군,전국 주요 지역,IT장비/전산,12,2853625000.0,237802083.33333334,2025-08-20 17:55:53,0.016224188790560472,0.00023581252999153396,0.10067114093959731,1.0,22.16,추천,9.7
전라남도,곡성군,전국 주요 지역,전문용역/컨설팅,2,359753500.0,179876750.0,2025-11-12 17:18:12,0.0014749262536873156,2.9728637437753495e-05,0.14018691588785046,1.0,22.16,데이터부족,23.0
경상남도,남해군,전국 주요 지역,인쇄/홍보물,6,459412930.0,76568821.66666667,2025-10-14 10:31:56,0.007374631268436578,3.7964107173901086e-05,0.1234567901234568,1.0,22.15,데이터부족,4.8
전라남도,무안군,전국 주요 지역,급수/전기/설비,5,97791000.0,19558200.0,2025-10-20 17:11:53,0.0058997050147492625,8.081069909466765e-06,0.12658227848101264,1.0,22.13,데이터부족,0.6
전라남도,영광군,전국 주요 지역,급수/전기/설비,1,3799000.0,3799000.0,2025-11-14 13:09:32,0.0,3.139346625565158e-07,0.14150943396226415,1.0,22.12,데이터부족,0.0
경상남도,산청군,전국 주요 지역,행사/운영용역,1,95766000.0,95766000.0,2025-11-14 09:41:14,0.0,7.913731743718689e-06,0.14150943396226415,1.0,22.12,데이터부족,6.0
전라남도,광양시,전국 주요 지역,차량/운송,3,484026000.0,161342000.0,2025-10-30 13:53:35,0.0029498525073746312,3.999803605648332e-05,0.13215859030837004,1.0,22.1,데이터부족,11.0
경상북도,안동시,전국 주요 지역,보험/금융,3,6688000.0,2229333.3333333335,2025-10-29 14:45:40,0.0029498525073746312,5.526704456904391e-07,0.13157894736842105,1.0,22.09,데이터부족,5.3
경상북도,경주시,전국 주요 지역,조경/녹지관리,3,54888000.0,18296000.0,2025-10-29 16:23:08,0.0029498525073746312,4.53573197115084e-06,0.13157894736842105,1.0,22.09,데이터부족,0.0
전라북도,고창군,전국 주요 지역,차량/운송,9,424386000.0,47154000.0,2025-09-09 11:34:37,0.011799410029498525,3.506961718971033e-05,0.1079136690647482,1.0,22.09,데이터부족,5.6
경상북도,영천시,전국 주요 지역,전문용역/컨설팅,1,39993000.0,39993000.0,2025-11-10 10:17:45,0.0,3.304866796426096e-06,0.1388888888888889,1.0,22.08,데이터부족,0.0
전라북도,장수군,전국 주요 지역,의료/복지용품,2,717409000.0,358704500.0,2025-11-03 15:58:36,0.0014749262536873156,5.928390427217885e-05,0.13452914798206278,1.0,22.08,데이터부족,12.5
전라북도,남원시,전국 주요 지역,급식/식자재,2,248834000.0,124417000.0,2025-11-03 20:20:20,0.0014749262536873156,2.0562679079386172e-05,0.13452914798206278,1.0,22.08,데이터부족,11.0
전라북도,김제시,전국 주요 지역,급식/식자재,2,248834000.0,124417000.0,2025-11-03 20:42:24,0.0014749262536873156,2.0562679079386172e-05,0.13452914798206278,1.0,22.08,데이터부족,10.5
전라남도,담양군,전국 주요 지역,청소/환경미화,1,7877000.0,7877000.0,2025-11-10 10:50:05,0.0,6.509248057272112e-07,0.1388888888888889,1.0,22.08,데이터부족,0.0
경상남도,김해시,전국 주요 지역,보험/금융,5,81474000.0,16294800.0,2025-10-13 16:24:41,0.0058997050147492625,6.7326961561278155e-06,0.12295081967213116,1.0,22.08,데이터부족,5.8
경상남도,하동군,전국 주요 지역,조경/녹지관리,7,240900000.0,34414285.71428572,2025-09-23 14:09:18,0.008849557522123894,1.9907044014178642e-05,0.11363636363636363,1.0,22.06,데이터부족,0.1
경상남도,진주시,전국 주요 지역,IT장비/전산,4,53625000.0,13406250.0,2025-10-17 09:51:08,0.004424778761061947,4.43136253740278e-06,0.125,1.0,22.05,데이터부족,-1.8
경상남도,합천군,전국 주요 지역,인쇄/홍보물,4,39390000.0,9847500.0,2025-10-16 16:16:37,0.004424778761061947,3.255037209292224e-06,0.12448132780082988,1.0,22.04,데이터부족,0.0
전라북도,고창군,전국 주요 지역,조경/녹지관리,4,249169000.0,62292250.0,2025-10-14 11:25:14,0.004424778761061947,2.0590362183349434e-05,0.1234567901234568,1.0,22.03,데이터부족,5.5
경상북도,의성군,전국 주요 지역,교육물품/교구,3,101486680.0,33828893.333333336,2025-10-20 13:36:25,0.0029498525073746312,8.386466606944223e-06,0.12658227848101264,1.0,22.02,데이터부족,0.0
경상북도,고령군,전국 주요 지역,급수/전기/설비,6,177315026.0,29552504.333333332,2025-09-24 09:31:08,0.007374631268436578,1.4652627758228437e-05,0.1140684410646388,1.0,22.01,데이터부족,1.7
경상북도,상주시,전국 주요 지역,교육물품/교구,1,15000000.0,15000000.0,2025-10-27 10:17:22,0.0,1.2395419685042742e-06,0.13043478260869565,1.0,21.96,데이터부족,0.0
경상북도,김천시,전국 주요 지역,폐기물/환경,6,306672200.0,51112033.333333336,2025-09-17 16:15:11,0.007374631268436578,2.534220416490243e-05,0.1111111111111111,1.0,21.96,제외,3.5
경상남도,산청군,전국 주요 지역,전문용역/컨설팅,6,2771996590.0,461999431.6666667,2025-09-16 18:10:37,0.007374631268436578,0.00022906707399038235,0.11070110701107011,1.0,21.96,데이터부족,19.3
경상북도,봉화군,전국 주요 지역,조경/녹지관리,8,58477000.0,7309625.0,2025-08-27 09:11:44,0.01032448377581121,4.832313046148296e-06,0.10309278350515465,1.0,21.96,데이터부족,0.4
전라남도,화순군,전국 주요 지역,급수/전기/설비,5,166926000.0,33385200.0,2025-09-23 13:59:28,0.0058997050147492625,1.3794118842302964e-05,0.11363636363636363,1.0,21.94,데이터부족,3.4
전라남도,진도군,전국 주요 지역,보험/금융,2,2728000.0,1364000.0,2025-10-13 14:16:08,0.0014749262536873156,2.2543136600531066e-07,0.12295081967213116,1.0,21.9,데이터부족,0.0
경상남도,합천군,전국 주요 지역,기타/미분류,5,49439000.0,9887800.0,2025-09-16 15:38:33,0.0058997050147492625,4.085447692058854e-06,0.11070110701107011,1.0,21.9,제외,-0.4
경상남도,창녕군,전국 주요 지역,기타/미분류,6,219535500.0,36589250.0,2025-09-01 14:16:56,0.007374631268436578,1.8141564388438004e-05,0.1048951048951049,1.0,21.87,제외,1.7
전라북도,진안군,전국 주요 지역,인쇄/홍보물,5,1956912000.0,391382400.0,2025-09-10 10:29:32,0.0058997050147492625,0.0001617116368446424,0.10830324909747294,1.0,21.86,데이터부족,9.6
전라남도,신안군,전국 주요 지역,급수/전기/설비,1,7744000.0,7744000.0,2025-10-14 13:36:38,0.0,6.399342002731399e-07,0.1234567901234568,1.0,21.85,데이터부족,0.0
전라북도,임실군,전국 주요 지역,기타/미분류,7,557632000.0,79661714.28571428,2025-08-13 17:35:55,0.008849557522123894,4.608055113206503e-05,0.09836065573770493,1.0,21.83,제외,7.9
경상북도,울진군,전국 주요 지역,기타/미분류,5,62810000.0,12562000.0,2025-09-05 20:33:16,0.0058997050147492625,5.190375402783564e-06,0.10638297872340426,1.0,21.83,제외,4.8
전라남도,고흥군,전국 주요 지역,급식/식자재,1,848400000.0,848400000.0,2025-10-10 18:08:44,0.0,7.010849373860175e-05,0.12145748987854249,1.0,21.82,데이터부족,12.0
전라남도,장흥군,전국 주요 지역,시설유지보수,8,1243914000.0,155489250.0,2025-07-29 09:50:48,0.01032448377581121,0.00010279224054733505,0.09375,1.0,21.82,데이터부족,22.4
전라북도,진안군,전국 주요 지역,조경/녹지관리,4,567548000.0,141887000.0,2025-09-10 10:21:29,0.004424778761061947,4.6899971009377585e-05,0.10830324909747294,1.0,21.8,데이터부족,5.2
전라북도,진안군,전국 주요 지역,급수/전기/설비,7,2447960000.0,349708571.4285714,2025-08-05 17:33:25,0.008849557522123894,0.0002022899438146482,0.09584664536741214,1.0,21.8,데이터부족,5.4
경상남도,함양군,전국 주요 지역,IT장비/전산,2,19471000.0,9735500.0,2025-09-25 10:38:38,0.0014749262536873156,1.6090081112497814e-06,0.11450381679389311,1.0,21.78,데이터부족,0.0
전라북도,정읍시,전국 주요 지역,의료/복지용품,8,2154166910.0,269270863.75,2025-07-10 17:04:05,0.01032448377581121,0.00017801201947387798,0.08849557522123894,1.0,21.74,데이터부족,10.0
경상남도,합천군,전국 주요 지역,조경/녹지관리,3,76381000.0,25460333.333333332,2025-09-09 15:31:04,0.0029498525073746312,6.311830339754998e-06,0.1079136690647482,1.0,21.74,데이터부족,0.0
경상남도,함안군,전국 주요 지역,보험/금융,2,17166000.0,8583000.0,2025-09-18 18:05:46,0.0014749262536873156,1.4185318287562915e-06,0.11152416356877323,1.0,21.73,데이터부족,0.5
전라북도,고창군,전국 주요 지역,의료/복지용품,5,1471829000.0,294365800.0,2025-08-12 17:48:03,0.0058997050147492625,0.00012162625439744516,0.09803921568627452,1.0,21.71,데이터부족,12.2
경상남도,고성군,전국 주요 지역,기타/미분류,4,72752000.0,18188000.0,2025-08-13 14:07:08,0.004424778761061947,6.011943819508197e-06,0.09836065573770493,1.0,21.65,제외,-0.2
경상남도,하동군,전국 주요 지역,행사/운영용역,3,449800000.0,149933333.33333334,2025-08-18 14:27:39,0.0029498525073746312,3.71697318288815e-05,0.1,1.0,21.62,데이터부족,20.0
전라남도,나주시,전국 주요 지역,보험/금융,6,737423318.0,122903886.33333333,2025-07-09 16:52:12,0.007374631268436578,6.0937810080978225e-05,0.08823529411764705,1.0,21.62,데이터부족,2.8
전라남도,영광군,전국 주요 지역,행사/운영용역,4,1225513400.0,306378350.0,2025-07-30 09:29:53,0.004424778761061947,0.00010127168615095773,0.09404388714733543,1.0,21.59,데이터부족,4.8
전라남도,고흥군,전국 주요 지역,기타/미분류,5,227239642.0,45447928.4,2025-07-15 14:47:27,0.0058997050147492625,1.8778204877792437e-05,0.08982035928143713,1.0,21.58,제외,5.0
경상북도,상주시,전국 주요 지역,전문용역/컨설팅,10,3978799400.0,397879940.0,2025-04-02 14:33:44,0.01327433628318584,0.00032879258937064165,0.0684931506849315,1.0,21.57,추천,11.5
경상남도,진주시,전국 주요 지역,청소/환경미화,3,954222170.0,318074056.6666667,2025-08-07 10:48:43,0.0029498525073746312,7.885322846614802e-05,0.09646302250803858,1.0,21.57,데이터부족,4.7
경상남도,창녕군,전국 주요 지역,조경/녹지관리,2,68690000.0,34345000.0,2025-08-21 16:15:17,0.0014749262536873156,5.676275854437239e-06,0.10101010101010101,1.0,21.57,데이터부족,0.0
전라남도,영광군,전국 주요 지역,전문용역/컨설팅,12,2095984000.0,174665333.33333334,2025-02-10 10:19:48,0.016224188790560472,0.00017320400888756418,0.06134969325153374,1.0,21.57,추천,29.3
전라남도,목포시,전국 주요 지역,건설/공사,4,429896000.0,107474000.0,2025-07-21 11:28:58,0.004424778761061947,3.5524942272807565e-05,0.09146341463414634,1.0,21.55,제외,6.5
전라북도,무주군,전국 주요 지역,교육물품/교구,6,334351200.0,55725200.0,2025-06-20 14:04:56,0.007374631268436578,2.7629489641317752e-05,0.08356545961002786,1.0,21.55,데이터부족,4.7
경상북도,예천군,전국 주요 지역,기타/미분류,1,22000000.0,22000000.0,2025-08-25 10:39:37,0.0,1.817994887139602e-06,0.10238907849829351,1.0,21.54,제외,0.0
전라남도,영광군,전국 주요 지역,보험/금융,3,14960000.0,4986666.666666667,2025-08-01 10:05:26,0.0029498525073746312,1.2362365232549295e-06,0.09463722397476342,1.0,21.54,데이터부족,0.0
경상남도,고성군,전국 주요 지역,조경/녹지관리,1,17582000.0,17582000.0,2025-08-26 22:18:42,0.0,1.4529084593494767e-06,0.10273972602739727,1.0,21.54,데이터부족,0.0
경상북도,성주군,전국 주요 지역,급수/전기/설비,4,72264000.0,18066000.0,2025-07-16 10:07:34,0.004424778761061947,5.971617387466191e-06,0.0900900900900901,1.0,21.53,데이터부족,0.0
전라남도,화순군,전국 주요 지역,청소/환경미화,2,2208000000.0,1104000000.0,2025-08-12 08:55:11,0.0014749262536873156,0.00018246057776382917,0.09803921568627452,1.0,21.53,데이터부족,34.5
전라남도,화순군,전국 주요 지역,교육물품/교구,2,129720000.0,64860000.0,2025-08-13 15:07:53,0.0014749262536873156,1.0719558943624963e-05,0.09836065573770493,1.0,21.53,데이터부족,7.5
경상남도,김해시,전국 주요 지역,급수/전기/설비,2,38662000.0,19331000.0,2025-08-13 15:09:53,0.0014749262536873156,3.19487810575415e-06,0.09836065573770493,1.0,21.53,데이터부족,6.0
경상남도,창원시,전국 주요 지역,IT장비/전산,4,72489000.0,18122250.0,2025-07-07 15:17:19,0.004424778761061947,5.9902105169937554e-06,0.08771929824561403,1.0,21.49,데이터부족,5.5
경상남도,함양군,전국 주요 지역,전문용역/컨설팅,8,368027000.0,46003375.0,2025-04-22 16:02:56,0.01032448377581121,3.0412327469514836e-05,0.07177033492822966,1.0,21.49,데이터부족,5.0
전라남도,장성군,전국 주요 지역,전문용역/컨설팅,5,900854000.0,180170800.0,2025-06-16 16:06:11,0.0058997050147492625,7.444308936632996e-05,0.08264462809917356,1.0,21.48,데이터부족,33.6
경상북도,포항시,전국 주요 지역,인쇄/홍보물,1,5500000.0,5500000.0,2025-08-13 11:07:02,0.0,4.544987217849005e-07,0.09836065573770493,1.0,21.48,데이터부족,0.0
전라남도,전라남도,전국 주요 지역,조경/녹지관리,2,2128474480.0,1064237240.0,2025-07-29 16:29:22,0.0014749262536873156,0.00017588889645668741,0.09375,1.0,21.47,데이터부족,11.0
경상북도,청송군,전국 주요 지역,보험/금융,2,7030000.0,3515000.0,2025-07-28 17:14:54,0.0014749262536873156,5.809320025723365e-07,0.09345794392523366,1.0,21.46,데이터부족,0.0
제주특별자치도,제주특별자치도,전국 주요 지역,조경/녹지관리,7,4012320000.0,573188571.4285715,2025-04-25 16:23:07,0.008849557522123894,0.0003315626020712713,0.07228915662650602,1.0,21.45,데이터부족,8.1
경상남도,진주시,전국 주요 지역,행사/운영용역,2,157000000.0,78500000.0,2025-07-22 09:28:14,0.0014749262536873156,1.297387260367807e-05,0.09174311926605504,1.0,21.44,데이터부족,8.0
전라남도,나주시,전국 주요 지역,기타/미분류,2,13140000.0,6570000.0,2025-07-22 15:03:10,0.0014749262536873156,1.0858387644097442e-06,0.09174311926605504,1.0,21.44,제외,0.0
경상북도,영양군,전국 주요 지역,급식/식자재,1,59000000.0,59000000.0,2025-08-05 16:13:58,0.0,4.875531742783479e-06,0.09584664536741214,1.0,21.44,데이터부족,13.0
경상남도,거창군,전국 주요 지역,시설유지보수,1,93940000.0,93940000.0,2025-08-05 09:44:32,0.0,7.762838168086101e-06,0.09584664536741214,1.0,21.44,데이터부족,9.0
전라북도,진안군,전국 주요 지역,교육물품/교구,4,344277000.0,86069250.0,2025-06-19 13:46:05,0.004424778761061947,2.84497193527164e-05,0.08333333333333333,1.0,21.43,데이터부족,9.5
전라북도,순창군,전국 주요 지역,의료/복지용품,4,1050530000.0,262632500.0,2025-06-18 14:21:54,0.004424778761061947,8.681173494485302e-05,0.08310249307479224,1.0,21.43,데이터부족,9.2
경상남도,하동군,전국 주요 지역,IT장비/전산,4,77707915.0,19426978.75,2025-06-16 14:43:44,0.004424778761061947,6.4214814618308544e-06,0.08264462809917356,1.0,21.42,데이터부족,1.2
경상남도,김해시,전국 주요 지역,IT장비/전산,3,175652000.0,58550666.666666664,2025-07-03 14:23:04,0.0029498525073746312,1.4515201723447517e-05,0.08670520231213873,1.0,21.42,데이터부족,5.3
전라남도,광양시,전국 주요 지역,폐기물/환경,1,83031000.0,83031000.0,2025-07-30 10:11:45,0.0,6.861360612458559e-06,0.09404388714733543,1.0,21.41,제외,6.0
전라남도,담양군,전국 주요 지역,IT장비/전산,1,50600000.0,50600000.0,2025-07-30 09:02:01,0.0,4.181388240421085e-06,0.09404388714733543,1.0,21.41,데이터부족,0.0
전라남도,무안군,전국 주요 지역,기타/미분류,5,34288000.0,6857600.0,2025-05-28 10:41:56,0.0058997050147492625,2.8334276677383035e-06,0.07853403141361257,1.0,21.41,제외,0.0
경상북도,경주시,전국 주요 지역,행사/운영용역,2,754200000.0,377100000.0,2025-07-15 16:16:11,0.0014749262536873156,6.23241701763949e-05,0.08982035928143713,1.0,21.41,데이터부족,13.0
전라남도,보성군,전국 주요 지역,전문용역/컨설팅,5,175549000.0,35109800.0,2025-05-22 09:31:04,0.0058997050147492625,1.4506690201930455e-05,0.07731958762886598,1.0,21.4,데이터부족,0.0
전라남도,목포시,전국 주요 지역,급수/전기/설비,1,81180000.0,81180000.0,2025-07-28 18:02:51,0.0,6.7084011335451315e-06,0.09345794392523366,1.0,21.4,데이터부족,36.0
경상남도,거제시,전국 주요 지역,보험/금융,7,53449000.0,7635571.428571428,2025-04-10 10:49:50,0.008849557522123894,4.416818578305664e-06,0.06976744186046512,1.0,21.4,데이터부족,0.0
전라남도,강진군,전국 주요 지역,IT장비/전산,3,9625000.0,3208333.3333333335,2025-06-25 15:36:33,0.0029498525073746312,7.953727631235759e-07,0.0847457627118644,1.0,21.39,데이터부족,1.0
경상북도,영양군,전국 주요 지역,조경/녹지관리,6,1771629000.0,295271500.0,2025-04-24 12:02:54,0.007374631268436578,0.00014640056654128392,0.07211538461538461,1.0,21.38,데이터부족,7.5
전라북도,임실군,전국 주요 지역,교육물품/교구,1,37216000.0,37216000.0,2025-07-22 14:33:29,0.0,3.075386259990338e-06,0.09174311926605504,1.0,21.38,데이터부족,6.0
경상북도,청송군,전국 주요 지역,인쇄/홍보물,1,8500000.0,8500000.0,2025-07-23 16:35:48,0.0,7.024071154857554e-07,0.09202453987730061,1.0,21.38,데이터부족,0.0
경상북도,경주시,전국 주요 지역,교육물품/교구,3,205755000.0,68585000.0,2025-06-18 17:00:26,0.0029498525073746312,1.7002797181973127e-05,0.08310249307479224,1.0,21.36,데이터부족,2.0
전라남도,함평군,전국 주요 지역,급수/전기/설비,2,15620000.0,7810000.0,2025-07-02 14:35:03,0.0014749262536873156,1.2907763698691176e-06,0.08645533141210375,1.0,21.36,데이터부족,0.0
전라남도,보성군,전국 주요 지역,기타/미분류,2,30910000.0,15455000.0,2025-07-04 10:17:22,0.0014749262536873156,2.554282816431141e-06,0.08695652173913043,1.0,21.36,제외,0.0
전라북도,임실군,전국 주요 지역,조경/녹지관리,4,2226224000.0,556556000.0,2025-05-19 10:30:01,0.004424778761061947,0.0001839665386194306,0.07672634271099744,1.0,21.33,데이터부족,5.2
경상북도,울릉군,전국 주요 지역,행사/운영용역,2,516000000.0,258000000.0,2025-06-24 16:36:30,0.0014749262536873156,4.264024371654703e-05,0.08450704225352113,1.0,21.33,데이터부족,12.5
전라북도,진안군,전국 주요 지역,급식/식자재,2,147045000.0,73522500.0,2025-06-25 10:22:50,0.0014749262536873156,1.21512299172474e-05,0.0847457627118644,1.0,21.33,데이터부족,10.0
전라북도,장수군,전국 주요 지역,인쇄/홍보물,2,6823065000.0,3411532500.0,2025-06-19 18:19:30,0.0014749262536873156,0.0005638316947555077,0.08333333333333333,1.0,21.32,데이터부족,45.0
전라남도,장성군,전국 주요 지역,IT장비/전산,5,4363648000.0,872729600.0,2025-04-15 10:27:48,0.0058997050147492625,0.00036059498878531594,0.07058823529411765,1.0,21.3,데이터부족,13.2
경상북도,구미시,전국 주요 지역,차량/운송,1,26686000.0,26686000.0,2025-07-02 14:16:09,0.0,2.2052277981003373e-06,0.08645533141210375,1.0,21.3,데이터부족,0.0
경상남도,의령군,전국 주요 지역,행사/운영용역,1,50275050.0,50275050.0,2025-06-30 10:51:11,0.0,4.15453562957672e-06,0.08595988538681949,1.0,21.29,데이터부족,8.0
경상남도,창녕군,전국 주요 지역,전문용역/컨설팅,1,82863000.0,82863000.0,2025-07-01 16:20:37,0.0,6.847477742411312e-06,0.08620689655172414,1.0,21.29,데이터부족,13.0
전라북도,임실군,전국 주요 지역,인쇄/홍보물,2,248822000.0,124411000.0,2025-06-10 17:19:24,0.0014749262536873156,2.0561687445811368e-05,0.08130081300813008,1.0,21.28,데이터부족,9.5
전라북도,장수군,전국 주요 지역,조경/녹지관리,9,1049905000.0,116656111.1111111,2024-11-22 08:42:42,0.011799410029498525,8.6760087362832e-05,0.05272407732864675,1.0,21.27,데이터부족,6.6
전라남도,보성군,전국 주요 지역,급수/전기/설비,4,29895000.0,7473750.0,2025-04-25 09:30:43,0.004424778761061947,2.4704071432290185e-06,0.07228915662650602,1.0,21.26,데이터부족,0.0
경상북도,칠곡군,전국 주요 지역,기타/미분류,2,110726411.0,55363205.5,2025-06-05 17:02:03,0.0014749262536873156,9.150002230423554e-06,0.08021390374331551,1.0,21.26,제외,2.5
경상남도,남해군,전국 주요 지역,교육물품/교구,2,52600000.0,26300000.0,2025-06-02 17:50:46,0.0014749262536873156,4.346660502888321e-06,0.07957559681697612,1.0,21.25,데이터부족,9.5
전라남도,함평군,전국 주요 지역,행사/운영용역,1,21918000.0,21918000.0,2025-06-19 17:17:10,0.0,1.8112187243784455e-06,0.08333333333333333,1.0,21.25,데이터부족,3.0
전라남도,여수시,전국 주요 지역,급수/전기/설비,2,110000000.0,55000000.0,2025-06-02 14:52:58,0.0014749262536873156,9.08997443569801e-06,0.07957559681697612,1.0,21.25,데이터부족,5.5
전라남도,순천시,전국 주요 지역,보험/금융,2,2112000.0,1056000.0,2025-05-28 17:33:11,0.0014749262536873156,1.745275091654018e-07,0.07853403141361257,1.0,21.24,데이터부족,0.0
경상남도,진주시,전국 주요 지역,전문용역/컨설팅,7,498344000.0,71192000.0,2025-01-20 16:28:27,0.008849557522123894,4.118122018348627e-05,0.058823529411764705,1.0,21.24,데이터부족,5.9
전라남도,무안군,전국 주요 지역,차량/운송,1,9450100.0,9450100.0,2025-06-12 17:41:00,0.0,7.809197037708161e-07,0.08174386920980926,1.0,21.23,데이터부족,0.0
경상북도,영주시,전국 주요 지역,급식/식자재,2,250200000.0,125100000.0,2025-05-23 11:09:19,0.0014749262536873156,2.0675560034651294e-05,0.07751937984496124,1.0,21.22,데이터부족,7.5
전라북도,순창군,전국 주요 지역,방역/소독,1,34000000.0,34000000.0,2025-06-11 15:36:47,0.0,2.8096284619430217e-06,0.08152173913043478,1.0,21.22,데이터부족,0.0
경상남도,창녕군,전국 주요 지역,IT장비/전산,2,26257000.0,13128500.0,2025-05-19 10:47:37,0.0014749262536873156,2.169776897801115e-06,0.07672634271099744,1.0,21.21,데이터부족,0.0
경상남도,창녕군,전국 주요 지역,급수/전기/설비,3,41137000.0,13712333.333333334,2025-04-28 13:32:26,0.0029498525073746312,3.399402530557355e-06,0.07281553398058253,1.0,21.21,데이터부족,0.0
경상북도,봉화군,전국 주요 지역,교육물품/교구,1,13368000.0,13368000.0,2025-06-05 09:35:59,0.0,1.1046798023310092e-06,0.08021390374331551,1.0,21.2,데이터부족,0.0
전라남도,고흥군,전국 주요 지역,급수/전기/설비,7,91642000.0,13091714.285714285,2024-12-27 11:45:22,0.008849557522123894,7.572940338511247e-06,0.056179775280898875,1.0,21.2,데이터부족,0.4
경상남도,함양군,전국 주요 지역,행사/운영용역,4,85704999.0,21426249.75,2025-04-01 15:43:34,0.004424778761061947,7.082329544741124e-06,0.0683371298405467,1.0,21.2,데이터부족,0.0
전라남도,고흥군,전국 주요 지역,보험/금융,7,40788000.0,5826857.142857143,2024-12-16 13:32:10,0.008849557522123894,3.370562520756822e-06,0.055045871559633024,1.0,21.18,데이터부족,0.1
경상남도,고성군,전국 주요 지역,시설유지보수,1,14342000.0,14342000.0,2025-05-28 13:41:14,0.0,1.1851673941525534e-06,0.07853403141361257,1.0,21.18,데이터부족,0.0
전라남도,화순군,전국 주요 지역,보험/금융,1,36432000.0,36432000.0,2025-05-29 15:55:32,0.0,3.0105995331031812e-06,0.07874015748031496,1.0,21.18,데이터부족,0.0
경상북도,경주시,전국 주요 지역,IT장비/전산,3,37230000.0,12410000.0,2025-04-17 14:34:08,0.0029498525073746312,3.0765431658276087e-06,0.07092198581560284,1.0,21.18,데이터부족,0.0
전라남도,함평군,전국 주요 지역,기타/미분류,1,2968410000.0,2968410000.0,2025-05-13 10:46:49,0.0,0.00024529791831518486,0.07556675062972293,1.0,21.14,제외,41.0
전라북도,부안군,전국 주요 지역,의료/복지용품,4,1852217000.0,463054250.0,2025-02-14 18:13:11,0.004424778761061947,0.00015306004708513874,0.06185567010309279,1.0,21.11,데이터부족,25.8
전라남도,순천시,전국 주요 지역,인쇄/홍보물,2,42900000.0,21450000.0,2025-04-08 11:28:00,0.0014749262536873156,3.545090029922224e-06,0.06944444444444445,1.0,21.1,데이터부족,0.0
경상북도,문경시,전국 주요 지역,행사/운영용역,4,924414400.0,231103600.0,2025-02-03 16:53:26,0.004424778761061947,7.639002967264651e-05,0.060483870967741944,1.0,21.09,데이터부족,11.2
경상북도,청도군,전국 주요 지역,인쇄/홍보물,1,93950000.0,93950000.0,2025-04-28 10:01:19,0.0,7.763664529398438e-06,0.07281553398058253,1.0,21.09,데이터부족,11.0
전라남도,순천시,전국 주요 지역,IT장비/전산,1,8745000.0,8745000.0,2025-04-22 11:27:42,0.0,7.226529676379918e-07,0.07177033492822966,1.0,21.08,데이터부족,0.0
경상북도,울진군,전국 주요 지역,급수/전기/설비,2,11979000.0,5989500.0,2025-04-01 17:00:56,0.0014749262536873156,9.898982160475134e-07,0.0683371298405467,1.0,21.08,데이터부족,0.0
경상북도,칠곡군,전국 주요 지역,급수/전기/설비,1,20416000.0,20416000.0,2025-04-25 10:15:52,0.0,1.6870992552655508e-06,0.07228915662650602,1.0,21.08,데이터부족,0.0
경상북도,포항시,전국 주요 지역,IT장비/전산,1,11880000.0,11880000.0,2025-04-22 09:27:21,0.0,9.817172390553852e-07,0.07177033492822966,1.0,21.08,데이터부족,0.0
경상북도,포항시,전국 주요 지역,경비/보안,1,17472000.0,17472000.0,2025-04-18 11:47:09,0.0,1.4438184849137785e-06,0.07109004739336493,1.0,21.07,데이터부족,0.0
경상남도,진주시,전국 주요 지역,보험/금융,1,5104000.0,5104000.0,2025-04-18 09:51:33,0.0,4.217748138163877e-07,0.07109004739336493,1.0,21.07,데이터부족,0.0
경상북도,의성군,전국 주요 지역,전문용역/컨설팅,1,37716000.0,37716000.0,2025-04-21 13:59:49,0.0,3.116704325607147e-06,0.07159904534606205,1.0,21.07,데이터부족,0.0
경상남도,거창군,전국 주요 지역,건설/공사,1,155227999.0,155227999.0,2025-04-17 14:23:08,0.0,1.2827441296495968e-05,0.07092198581560284,1.0,21.06,제외,27.0
경상남도,창원시,전국 주요 지역,인쇄/홍보물,5,1821990000.0,364398000.0,2024-12-03 13:14:43,0.0058997050147492625,0.00015056220474634016,0.05376344086021505,1.0,21.05,데이터부족,7.6
전라북도,고창군,전국 주요 지역,급수/전기/설비,6,585631000.0,97605166.66666667,2024-10-28 13:50:14,0.007374631268436578,4.839428017047511e-05,0.050505050505050504,1.0,21.05,데이터부족,5.2
전라남도,진도군,전국 주요 지역,전문용역/컨설팅,1,407000000.0,407000000.0,2025-04-11 15:41:35,0.0,3.363290541208264e-05,0.06993006993006992,1.0,21.05,데이터부족,41.0
전라남도,신안군,전국 주요 지역,전문용역/컨설팅,1,999900000.0,999900000.0,2025-04-08 13:36:32,0.0,8.262786762049492e-05,0.06944444444444445,1.0,21.04,데이터부족,20.0
경상북도,구미시,전국 주요 지역,전문용역/컨설팅,1,43000000.0,43000000.0,2025-04-08 16:02:44,0.0,3.553353643045586e-06,0.06944444444444445,1.0,21.04,데이터부족,13.0
경상북도,예천군,전국 주요 지역,급식/식자재,1,109638000.0,109638000.0,2025-04-03 09:36:45,0.0,9.060060156191441e-06,0.06864988558352403,1.0,21.03,데이터부족,11.0
경상남도,진주시,전국 주요 지역,인쇄/홍보물,1,8909000.0,8909000.0,2025-04-02 14:26:38,0.0,7.362052931603052e-07,0.0684931506849315,1.0,21.03,데이터부족,0.0
전라남도,진도군,전국 주요 지역,급수/전기/설비,3,170800000.0,56933333.333333336,2025-01-23 09:50:11,0.0029498525073746312,1.4114251214702002e-05,0.0591715976331361,1.0,21.01,데이터부족,4.0
경상북도,구미시,전국 주요 지역,급식/식자재,1,116380000.0,116380000.0,2025-03-24 16:56:39,0.0,9.617192952968495e-06,0.06711409395973154,1.0,21.01,데이터부족,7.0
전라남도,영광군,전국 주요 지역,의료/복지용품,1,8250000.0,8250000.0,2025-03-25 19:55:13,0.0,6.817480826773508e-07,0.06726457399103139,1.0,21.01,데이터부족,0.0
전라남도,나주시,전국 주요 지역,전문용역/컨설팅,3,66000000.0,22000000.0,2025-01-21 09:08:55,0.0029498525073746312,5.453984661418806e-06,0.058939096267190565,1.0,21.0,데이터부족,7.7
전라남도,순천시,전국 주요 지역,조경/녹지관리,4,50805000.0,12701250.0,2024-12-10 08:13:17,0.004424778761061947,4.198328647323977e-06,0.0544464609800363,1.0,20.99,데이터부족,0.0
경상북도,칠곡군,전국 주요 지역,청소/환경미화,2,5911800000.0,2955900000.0,2025-02-07 15:41:02,0.0014749262536873156,0.0004885282806269045,0.06097560975609757,1.0,20.99,데이터부족,8.0
전라남도,화순군,전국 주요 지역,전문용역/컨설팅,1,326000000.0,326000000.0,2025-02-19 17:17:27,0.0,2.693937878215956e-05,0.0625,1.0,20.94,데이터부족,40.0
경상북도,경산시,전국 주요 지역,기타/미분류,2,9075000.0,4537500.0,2025-01-21 15:14:09,0.0014749262536873156,7.499228909450858e-07,0.058939096267190565,1.0,20.94,제외,0.0
경상북도,경산시,전국 주요 지역,의료/복지용품,5,30000.0,6000.0,2024-09-09 14:11:35,0.0058997050147492625,2.4790839370085483e-09,0.04665629860031104,1.0,20.94,데이터부족,41.8
경상북도,포항시,전국 주요 지역,교육물품/교구,1,21700000.0,21700000.0,2025-02-14 09:34:38,0.0,1.7932040477695167e-06,0.06185567010309279,1.0,20.93,데이터부족,0.0
전라북도,무주군,전국 주요 지역,시설유지보수,26,15797870900.0,607610419.2307693,2025-09-24 18:04:35,0.03687315634218289,0.0013054749329041593,0.1140684410646388,0.885,20.92,추천,6.7
전라남도,장성군,전국 주요 지역,급수/전기/설비,1,3388000.0,3388000.0,2025-02-05 16:21:06,0.0,2.799712126194987e-07,0.060728744939271245,1.0,20.91,데이터부족,0.0
전라북도,장수군,전국 주요 지역,교육물품/교구,4,289090000.0,72272500.0,2024-09-26 14:27:54,0.004424778761061947,2.3889279178326708e-05,0.04792332268370607,1.0,20.9,데이터부족,17.0
경상북도,구미시,전국 주요 지역,조경/녹지관리,3,65956000.0,21985333.333333332,2024-11-07 10:26:35,0.0029498525073746312,5.450348671644527e-06,0.051369863013698634,1.0,20.89,데이터부족,0.0
경상북도,영주시,전국 주요 지역,폐기물/환경,2,31722000.0,15861000.0,2024-12-10 08:56:52,0.0014749262536873156,2.621383354992839e-06,0.0544464609800363,1.0,20.88,제외,1.5
경상북도,경상북도,전국 주요 지역,방역/소독,1,87500000.0,87500000.0,2025-01-17 16:14:52,0.0,7.230661482941599e-06,0.05847953216374269,1.0,20.88,데이터부족,5.0
경상남도,김해시,전국 주요 지역,건설/공사,11,1173409530.0,106673593.63636364,2025-11-12 18:31:31,0.014749262536873156,9.696602391185834e-05,0.14018691588785046,0.909,20.88,제외,5.4
경상북도,안동시,전국 주요 지역,급수/전기/설비,2,47641010.0,23820505.0,2024-12-03 16:51:35,0.0014749262536873156,3.93686875446212e-06,0.05376344086021505,1.0,20.87,데이터부족,1.0
경상남도,합천군,전국 주요 지역,교육물품/교구,3,43313000.0,14437666.666666666,2024-10-25 11:49:46,0.0029498525073746312,3.5792187521217087e-06,0.05025125628140704,1.0,20.87,데이터부족,0.0
전라남도,무안군,전국 주요 지역,청소/환경미화,1,4500000.0,4500000.0,2025-01-07 17:07:01,0.0,3.7186259055128226e-07,0.05736137667304015,1.0,20.86,데이터부족,1.0
경상남도,남해군,전국 주요 지역,급수/전기/설비,3,38892000.0,12964000.0,2024-10-14 10:54:46,0.0029498525073746312,3.213884415937882e-06,0.049342105263157895,1.0,20.86,데이터부족,4.0
경상남도,김해시,전국 주요 지역,청소/환경미화,2,595302000.0,297651000.0,2024-11-28 11:29:55,0.0014749262536873156,4.919345419563543e-05,0.05328596802841919,1.0,20.86,데이터부족,6.5
전라남도,완도군,전국 주요 지역,기타/미분류,2,31413800.0,15706900.0,2024-11-28 14:35:46,0.0014749262536873156,2.595914899346638e-06,0.05328596802841919,1.0,20.86,제외,0.0
전라남도,고흥군,전국 주요 지역,청소/환경미화,2,28850000.0,14425000.0,2024-11-27 09:50:45,0.0014749262536873156,2.384052386089887e-06,0.05319148936170213,1.0,20.86,데이터부족,0.0
전라북도,순창군,전국 주요 지역,교육물품/교구,5,567573080.0,113514616.0,2024-06-05 10:40:58,0.0058997050147492625,4.690204352354893e-05,0.04059539918809202,1.0,20.85,데이터부족,18.0
경상남도,거제시,전국 주요 지역,의료/복지용품,1,5500000.0,5500000.0,2024-12-18 17:54:00,0.0,4.544987217849005e-07,0.055248618784530384,1.0,20.83,데이터부족,0.0
경상북도,성주군,전국 주요 지역,행사/운영용역,4,826112000.0,206528000.0,2024-07-23 15:18:39,0.004424778761061947,6.826669964566687e-05,0.04341534008683068,1.0,20.83,데이터부족,11.2
경상남도,거제시,전국 주요 지역,조경/녹지관리,3,48780000.0,16260000.0,2024-09-09 13:23:20,0.0029498525073746312,4.0309904815759e-06,0.04665629860031104,1.0,20.82,데이터부족,0.0
경상남도,김해시,전국 주요 지역,행사/운영용역,1,197273000.0,197273000.0,2024-12-09 08:09:54,0.0,1.6301877516849578e-05,0.05434782608695653,1.0,20.82,데이터부족,8.0
전라북도,무주군,전국 주요 지역,조경/녹지관리,3,111005000.0,37001666.666666664,2024-09-06 15:18:54,0.0029498525073746312,9.173023747587798e-06,0.04643962848297213,1.0,20.81,데이터부족,4.0
경상북도,포항시,전국 주요 지역,기타/미분류,3,36620000.0,12206666.666666666,2024-08-30 15:36:17,0.0029498525073746312,3.026135125775101e-06,0.045941807044410414,1.0,20.81,제외,0.0
경상북도,구미시,전국 주요 지역,교육물품/교구,4,640000000.0,160000000.0,2024-07-03 09:01:15,0.004424778761061947,5.28871239895157e-05,0.04219409282700422,1.0,20.81,데이터부족,11.2
전라북도,임실군,전국 주요 지역,급수/전기/설비,2,66100000.0,33050000.0,2024-10-14 11:04:58,0.0014749262536873156,5.462248274542168e-06,0.049342105263157895,1.0,20.8,데이터부족,7.0
경상남도,통영시,전국 주요 지역,시설유지보수,3,255000000.0,85000000.0,2024-08-14 14:38:27,0.0029498525073746312,2.1072213464572662e-05,0.04484304932735426,1.0,20.79,데이터부족,6.7
경상북도,울릉군,전국 주요 지역,건설/공사,1,48598000.0,48598000.0,2024-11-21 16:12:41,0.0,4.015950705691381e-06,0.05263157894736842,1.0,20.79,제외,5.0
전라북도,남원시,전국 주요 지역,의료/복지용품,1,23760000.0,23760000.0,2024-11-21 16:24:37,0.0,1.9634344781107704e-06,0.05263157894736842,1.0,20.79,데이터부족,5.0
경상북도,예천군,전국 주요 지역,급수/전기/설비,2,63280000.0,31640000.0,2024-10-07 10:20:25,0.0014749262536873156,5.229214384463365e-06,0.04878048780487805,1.0,20.79,데이터부족,0.5
경상남도,밀양시,전국 주요 지역,인쇄/홍보물,1,56000000.0,56000000.0,2024-11-12 09:48:04,0.0,4.627623349082623e-06,0.05181347150259067,1.0,20.78,데이터부족,10.0
전라남도,강진군,전국 주요 지역,행사/운영용역,2,17300000.0,8650000.0,2024-10-02 09:33:14,0.0014749262536873156,1.4296050703415961e-06,0.04838709677419355,1.0,20.78,데이터부족,0.5
경상남도,고성군,전국 주요 지역,급식/식자재,2,200000000.0,100000000.0,2024-09-19 17:10:10,0.0014749262536873156,1.6527226246723656e-05,0.04739336492890995,1.0,20.77,데이터부족,7.0
전라북도,무주군,전국 주요 지역,의료/복지용품,1,692681000.0,692681000.0,2024-11-04 09:25:08,0.0,5.724047801903394e-05,0.05110732538330494,1.0,20.77,데이터부족,24.0
전라북도,임실군,전국 주요 지역,의료/복지용품,1,766637000.0,766637000.0,2024-10-28 18:40:02,0.0,6.335191574054742e-05,0.050505050505050504,1.0,20.76,데이터부족,20.0
경상남도,통영시,전국 주요 지역,차량/운송,1,13297900.0,13297900.0,2024-10-22 17:18:58,0.0,1.0988870095315324e-06,0.05,1.0,20.75,데이터부족,1.0
전라남도,완도군,전국 주요 지역,폐기물/환경,1,18964000.0,18964000.0,2024-10-22 10:23:58,0.0,1.567111592714337e-06,0.05,1.0,20.75,제외,0.0
경상남도,함안군,전국 주요 지역,행사/운영용역,1,22000000.0,22000000.0,2024-10-23 11:27:59,0.0,1.817994887139602e-06,0.05008347245409015,1.0,20.75,데이터부족,0.0
경상북도,고령군,전국 주요 지역,기타/미분류,1,20944000.0,20944000.0,2024-10-22 09:32:16,0.0,1.7307311325569012e-06,0.05,1.0,20.75,제외,0.0
경상북도,울릉군,전국 주요 지역,IT장비/전산,1,54953000.0,54953000.0,2024-10-14 16:17:21,0.0,4.541103319681025e-06,0.049342105263157895,1.0,20.74,데이터부족,2.0
경상남도,남해군,전국 주요 지역,건설/공사,1,39478000.0,39478000.0,2024-10-11 13:48:48,0.0,3.2623091888407822e-06,0.049099836333878884,1.0,20.74,제외,5.0
경상북도,김천시,전국 주요 지역,교육물품/교구,1,1.0,1.0,2024-10-04 15:53:05,0.0,8.263613123361828e-14,0.04854368932038835,1.0,20.73,데이터부족,10.0
전라남도,여수시,전국 주요 지역,차량/운송,2,85408000.0,42704000.0,2024-08-08 16:45:26,0.0014749262536873156,7.05778669640087e-06,0.044444444444444446,1.0,20.73,데이터부족,5.5
전라남도,전라남도,전국 주요 지역,사무용품/소모품,1,3456795.0,3456795.0,2024-10-07 14:51:09,0.0,2.856561652677155e-07,0.04878048780487805,1.0,20.73,데이터부족,0.0
경상북도,경산시,전국 주요 지역,급수/전기/설비,1,8910000.0,8910000.0,2024-10-07 11:20:50,0.0,7.362879292915389e-07,0.04878048780487805,1.0,20.73,데이터부족,0.0
경상북도,안동시,전국 주요 지역,기타/미분류,1,16841000.0,16841000.0,2024-10-07 17:47:17,0.0,1.3916750861053654e-06,0.04878048780487805,1.0,20.73,제외,0.0
전라남도,신안군,전국 주요 지역,IT장비/전산,1,1848000.0,1848000.0,2024-09-23 15:35:45,0.0,1.5271157051972658e-07,0.04769475357710652,1.0,20.72,데이터부족,0.0
전라남도,광양시,전국 주요 지역,IT장비/전산,1,1848000.0,1848000.0,2024-08-29 08:23:46,0.0,1.5271157051972658e-07,0.04587155963302752,1.0,20.69,데이터부족,0.0
경상북도,영천시,전국 주요 지역,행사/운영용역,1,100000000.0,100000000.0,2024-08-28 14:21:30,0.0,8.263613123361828e-06,0.04580152671755725,1.0,20.69,데이터부족,9.0
경상남도,창원시,전국 주요 지역,교육물품/교구,1,21200000.0,21200000.0,2024-08-23 11:29:23,0.0,1.7518859821527074e-06,0.045454545454545456,1.0,20.68,데이터부족,0.0
경상북도,봉화군,전국 주요 지역,인쇄/홍보물,1,21900000.0,21900000.0,2024-08-22 18:08:28,0.0,1.8097312740162403e-06,0.0453857791225416,1.0,20.68,데이터부족,0.0
경상북도,울릉군,전국 주요 지역,폐기물/환경,2,109471050.0,54735525.0,2024-06-04 11:12:56,0.0014749262536873156,9.046264054081988e-06,0.040540540540540536,1.0,20.67,제외,5.0
경상남도,남해군,전국 주요 지역,IT장비/전산,1,55000000.0,55000000.0,2024-08-16 13:28:49,0.0,4.544987217849005e-06,0.04497751124437781,1.0,20.67,데이터부족,10.0
경상북도,울진군,전국 주요 지역,보험/금융,1,16698000.0,16698000.0,2024-08-07 10:39:08,0.0,1.379858119338958e-06,0.04437869822485207,1.0,20.67,데이터부족,0.0
경상북도,고령군,전국 주요 지역,차량/운송,1,54994500.0,54994500.0,2024-08-06 09:16:05,0.0,4.54453271912722e-06,0.04431314623338257,1.0,20.66,데이터부족,0.0
경상북도,영천시,전국 주요 지역,조경/녹지관리,1,15950000.0,15950000.0,2024-07-30 10:35:07,0.0,1.3180462931762115e-06,0.043859649122807015,1.0,20.66,데이터부족,0.0
경상북도,문경시,전국 주요 지역,경비/보안,1,17400000.0,17400000.0,2024-07-22 15:29:03,0.0,1.437868683464958e-06,0.04335260115606936,1.0,20.65,데이터부족,0.0
경상북도,경산시,전국 주요 지역,인쇄/홍보물,1,5500000.0,5500000.0,2024-07-08 09:33:37,0.0,4.544987217849005e-07,0.04249291784702549,1.0,20.64,데이터부족,0.0
전라남도,구례군,전국 주요 지역,전문용역/컨설팅,1,87725000.0,87725000.0,2024-07-10 10:01:05,0.0,7.249254612469163e-06,0.04261363636363637,1.0,20.64,데이터부족,7.0
경상남도,사천시,전국 주요 지역,인쇄/홍보물,1,18700000.0,18700000.0,2024-07-09 09:28:01,0.0,1.5452956540686617e-06,0.0425531914893617,1.0,20.64,데이터부족,0.0
경상북도,구미시,전국 주요 지역,방역/소독,1,1000000.0,1000000.0,2024-06-27 14:52:31,0.0,8.263613123361828e-08,0.041841004184100423,1.0,20.63,데이터부족,0.0
전라남도,고흥군,전국 주요 지역,인쇄/홍보물,1,51407000.0,51407000.0,2024-06-28 13:52:46,0.0,4.248075598326615e-06,0.04189944134078212,1.0,20.63,데이터부족,0.0
경상남도,통영시,전국 주요 지역,건설/공사,1,7920000.0,7920000.0,2024-07-02 15:49:47,0.0,6.544781593702567e-07,0.042134831460674156,1.0,20.63,제외,0.0
경상남도,하동군,전국 주요 지역,보험/금융,1,10692000.0,10692000.0,2024-06-13 10:57:45,0.0,8.835455151498466e-07,0.04103967168262654,1.0,20.62,데이터부족,0.0
경상북도,영덕군,전국 주요 지역,IT장비/전산,1,1452000.0,1452000.0,2024-06-14 14:53:44,0.0,1.1998766255121375e-07,0.04109589041095891,1.0,20.62,데이터부족,2.0
경상북도,칠곡군,전국 주요 지역,보험/금융,1,60540829.0,60540829.0,2024-06-04 16:04:01,0.0,5.0028598902360435e-06,0.040540540540540536,1.0,20.61,데이터부족,5.0
전라남도,담양군,전국 주요 지역,인쇄/홍보물,1,18700000.0,18700000.0,2024-05-30 11:54:23,0.0,1.5452956540686617e-06,0.04026845637583893,1.0,20.6,데이터부족,0.0
전라북도,김제시,전국 주요 지역,사무용품/소모품,1,63580000.0,63580000.0,2024-05-27 14:58:12,0.0,5.25400522383345e-06,0.040106951871657755,1.0,20.6,데이터부족,4.0
경상남도,함안군,전국 주요 지역,전문용역/컨설팅,1,88599000.0,88599000.0,2024-05-22 15:58:15,0.0,7.321478591167346e-06,0.0398406374501992,1.0,20.6,데이터부족,41.0
전라북도,고창군,전국 주요 지역,급식/식자재,10,4856470000.0,485647000.0,2025-11-05 16:22:36,0.01327433628318584,0.00040131989225213017,0.13574660633484165,0.9,20.58,추천,4.3
전라북도,장수군,전국 주요 지역,시설유지보수,37,48872526500.0,1320879094.5945945,2025-12-11 09:16:50,0.05309734513274336,0.004038636513572487,0.16216216216216214,0.784,20.34,추천,10.0
전라남도,곡성군,전국 주요 지역,급수/전기/설비,3,88313000.0,29437666.666666668,2026-04-01 14:17:23,0.0029498525073746312,7.297844657634531e-06,0.4054054054054054,0.667,19.54,데이터부족,1.7
전라북도,부안군,전국 주요 지역,급수/전기/설비,7,2852822000.0,407546000.0,2025-09-11 09:22:24,0.008849557522123894,0.00023574617317815335,0.10869565217391305,0.857,19.13,데이터부족,9.1
전라남도,여수시,전국 주요 지역,건설/공사,5,36413887000.0,7282777400.0,2025-10-20 16:48:12,0.0058997050147492625,0.0030091027448581466,0.12658227848101264,0.8,18.21,제외,6.6
전라남도,여수시,전국 주요 지역,교육물품/교구,1,1597008000.0,1597008000.0,2025-12-11 16:45:08,0.0,0.00013197056266913825,0.16216216216216214,0.0,2.44,데이터부족,5.0
전라북도,무주군,전국 주요 지역,급수/전기/설비,1,1178380000.0,1178380000.0,2025-05-19 09:42:10,0.0,9.737676432307111e-05,0.07672634271099744,0.0,1.15,데이터부족,8.0
